2026.01.14 14:33:19 INFO  Started: Metals version 1.6.4 in folders 'C:\Users\EbrimaMbye\Desktop\A_Teaching\lima-final-programming-II\unibank_api' for client Visual Studio Code 1.108.0.
2026.01.14 14:33:21 WARN  Using H2 2.4.240 which is newer than the version Flyway has been verified with. The latest verified version of H2 is 2.3.232.
2026.01.14 14:33:28 INFO  running 'C:\Program Files\Eclipse Adoptium\jdk-25.0.1.8-hotspot\bin\java.exe -Dfile.encoding=UTF-8 -Dmaven.multiModuleProjectDirectory=C:\Users\EbrimaMbye\Desktop\A_Teaching\lima-final-programming-II\unibank_api -Dmaven.home=C:\Users\EBRIMA~1\AppData\Local\Temp\metals1021985803026598726 -cp C:\Users\EBRIMA~1\AppData\Local\Temp\metals1021985803026598726\maven-wrapper.jar org.apache.maven.wrapper.MavenWrapperMain generate-sources ch.epfl.scala:bloop-maven-plugin:2.0.1:bloopInstall -DdownloadSources=true'
2026.01.14 14:33:29 ERROR WARNING: A restricted method in java.lang.System has been called
2026.01.14 14:33:29 ERROR WARNING: java.lang.System::load has been called by org.fusesource.jansi.internal.JansiLoader in an unnamed module (file:/C:/Users/EbrimaMbye/.m2/wrapper/dists/apache-maven-3.9.9-bin/33b4b2b4/apache-maven-3.9.9/lib/jansi-2.4.1.jar)
2026.01.14 14:33:29 ERROR WARNING: Use --enable-native-access=ALL-UNNAMED to avoid a warning for callers in this module
2026.01.14 14:33:29 ERROR WARNING: Restricted methods will be blocked in a future release unless native access is enabled
2026.01.14 14:33:29 ERROR 
2026.01.14 14:33:31 ERROR WARNING: A terminally deprecated method in sun.misc.Unsafe has been called
2026.01.14 14:33:31 ERROR WARNING: sun.misc.Unsafe::objectFieldOffset has been called by com.google.common.util.concurrent.AbstractFuture$UnsafeAtomicHelper (file:/C:/Users/EbrimaMbye/.m2/wrapper/dists/apache-maven-3.9.9-bin/33b4b2b4/apache-maven-3.9.9/lib/guava-33.2.1-jre.jar)
2026.01.14 14:33:31 ERROR WARNING: Please consider reporting this to the maintainers of class com.google.common.util.concurrent.AbstractFuture$UnsafeAtomicHelper
2026.01.14 14:33:31 ERROR WARNING: sun.misc.Unsafe::objectFieldOffset will be removed in a future release
2026.01.14 14:33:35 INFO  [INFO] Scanning for projects...
2026.01.14 14:33:36 INFO  [INFO] 
2026.01.14 14:33:36 INFO  [INFO] --------------------< com.unibank.api:unibank_api >---------------------
2026.01.14 14:33:36 INFO  [INFO] Building unibank_api 0.0.1-SNAPSHOT
2026.01.14 14:33:36 INFO  [INFO]   from pom.xml
2026.01.14 14:33:36 INFO  [INFO] --------------------------------[ jar ]---------------------------------
2026.01.14 14:33:39 INFO  [INFO] 
2026.01.14 14:33:39 INFO  [INFO] --- bloop:2.0.1:bloopInstall (default-cli) @ unibank_api ---
2026.01.14 14:33:43 INFO  [ERROR] org.scala-lang:scala([0-9]?)-library is missing from project dependencies
2026.01.14 14:33:43 INFO  [ERROR] org.scala-lang:scala([0-9]?)-library is missing from project dependencies
2026.01.14 14:33:43 INFO  [INFO] Resolving artifact: org.springframework:spring-beans:jar:7.0.2:compile (sources = false)
2026.01.14 14:33:43 INFO  [INFO] SUCCESS: org.springframework:spring-beans:jar:7.0.2:compile (sources = false)
2026.01.14 14:33:43 INFO  [INFO] Resolving artifact: org.springframework:spring-beans:jar:7.0.2:compile (sources = true)
2026.01.14 14:33:43 INFO  [INFO] SUCCESS: org.springframework:spring-beans:jar:7.0.2:compile (sources = true)
2026.01.14 14:33:43 INFO  [INFO] Resolving artifact: org.springframework:spring-expression:jar:7.0.2:compile (sources = false)
2026.01.14 14:33:43 INFO  [INFO] SUCCESS: org.springframework:spring-expression:jar:7.0.2:compile (sources = false)
2026.01.14 14:33:43 INFO  [INFO] Resolving artifact: org.springframework:spring-expression:jar:7.0.2:compile (sources = true)
2026.01.14 14:33:43 INFO  [INFO] SUCCESS: org.springframework:spring-expression:jar:7.0.2:compile (sources = true)
2026.01.14 14:33:43 INFO  [INFO] Resolving artifact: org.springframework.boot:spring-boot-starter-actuator:jar:4.0.1:compile (sources = false)
2026.01.14 14:33:43 INFO  [INFO] SUCCESS: org.springframework.boot:spring-boot-starter-actuator:jar:4.0.1:compile (sources = false)
2026.01.14 14:33:43 INFO  [INFO] Resolving artifact: org.springframework.boot:spring-boot-starter-actuator:jar:4.0.1:compile (sources = true)
2026.01.14 14:33:43 INFO  Downloading from central: https://repo.maven.apache.org/maven2/org/springframework/boot/spring-boot-starter-actuator/4.0.1/spring-boot-starter-actuator-4.0.1-sources.jar
2026.01.14 14:33:45 INFO  Progress (1): 0.9/4.8 kB
2026.01.14 14:33:45 INFO  Progress (1): 2.3/4.8 kB
2026.01.14 14:33:45 INFO  Progress (1): 3.6/4.8 kB
2026.01.14 14:33:45 INFO  Progress (1): 4.8 kB    
2026.01.14 14:33:45 INFO                      
2026.01.14 14:33:45 INFO  Downloaded from central: https://repo.maven.apache.org/maven2/org/springframework/boot/spring-boot-starter-actuator/4.0.1/spring-boot-starter-actuator-4.0.1-sources.jar (4.8 kB at 3.5 kB/s)
2026.01.14 14:33:45 INFO  [INFO] SUCCESS: org.springframework.boot:spring-boot-starter-actuator:jar:4.0.1:compile (sources = true)
2026.01.14 14:33:45 INFO  [INFO] Resolving artifact: org.springframework:spring-jdbc:jar:7.0.2:compile (sources = false)
2026.01.14 14:33:45 INFO  [INFO] SUCCESS: org.springframework:spring-jdbc:jar:7.0.2:compile (sources = false)
2026.01.14 14:33:45 INFO  [INFO] Resolving artifact: org.springframework:spring-jdbc:jar:7.0.2:compile (sources = true)
2026.01.14 14:33:45 INFO  [INFO] SUCCESS: org.springframework:spring-jdbc:jar:7.0.2:compile (sources = true)
2026.01.14 14:33:45 INFO  [INFO] Resolving artifact: com.sun.istack:istack-commons-runtime:jar:4.1.2:runtime (sources = false)
2026.01.14 14:33:45 INFO  [INFO] SUCCESS: com.sun.istack:istack-commons-runtime:jar:4.1.2:runtime (sources = false)
2026.01.14 14:33:45 INFO  [INFO] Resolving artifact: com.sun.istack:istack-commons-runtime:jar:4.1.2:runtime (sources = true)
2026.01.14 14:33:45 INFO  [INFO] SUCCESS: com.sun.istack:istack-commons-runtime:jar:4.1.2:runtime (sources = true)
2026.01.14 14:33:45 INFO  [INFO] Resolving artifact: org.springframework.boot:spring-boot-autoconfigure:jar:4.0.1:compile (sources = false)
2026.01.14 14:33:45 INFO  [INFO] SUCCESS: org.springframework.boot:spring-boot-autoconfigure:jar:4.0.1:compile (sources = false)
2026.01.14 14:33:45 INFO  [INFO] Resolving artifact: org.springframework.boot:spring-boot-autoconfigure:jar:4.0.1:compile (sources = true)
2026.01.14 14:33:45 INFO  [INFO] SUCCESS: org.springframework.boot:spring-boot-autoconfigure:jar:4.0.1:compile (sources = true)
2026.01.14 14:33:45 INFO  [INFO] Resolving artifact: org.springframework:spring-aop:jar:7.0.2:compile (sources = false)
2026.01.14 14:33:45 INFO  [INFO] SUCCESS: org.springframework:spring-aop:jar:7.0.2:compile (sources = false)
2026.01.14 14:33:45 INFO  [INFO] Resolving artifact: org.springframework:spring-aop:jar:7.0.2:compile (sources = true)
2026.01.14 14:33:45 INFO  [INFO] SUCCESS: org.springframework:spring-aop:jar:7.0.2:compile (sources = true)
2026.01.14 14:33:45 INFO  [INFO] Resolving artifact: org.slf4j:slf4j-api:jar:2.0.17:compile (sources = false)
2026.01.14 14:33:45 INFO  [INFO] SUCCESS: org.slf4j:slf4j-api:jar:2.0.17:compile (sources = false)
2026.01.14 14:33:45 INFO  [INFO] Resolving artifact: org.slf4j:slf4j-api:jar:2.0.17:compile (sources = true)
2026.01.14 14:33:45 INFO  [INFO] SUCCESS: org.slf4j:slf4j-api:jar:2.0.17:compile (sources = true)
2026.01.14 14:33:45 INFO  [INFO] Resolving artifact: org.jspecify:jspecify:jar:1.0.0:compile (sources = false)
2026.01.14 14:33:45 INFO  [INFO] SUCCESS: org.jspecify:jspecify:jar:1.0.0:compile (sources = false)
2026.01.14 14:33:45 INFO  [INFO] Resolving artifact: org.jspecify:jspecify:jar:1.0.0:compile (sources = true)
2026.01.14 14:33:45 INFO  [INFO] SUCCESS: org.jspecify:jspecify:jar:1.0.0:compile (sources = true)
2026.01.14 14:33:45 INFO  [INFO] Resolving artifact: org.springframework.data:spring-data-commons:jar:4.0.1:compile (sources = false)
2026.01.14 14:33:45 INFO  [INFO] SUCCESS: org.springframework.data:spring-data-commons:jar:4.0.1:compile (sources = false)
2026.01.14 14:33:45 INFO  [INFO] Resolving artifact: org.springframework.data:spring-data-commons:jar:4.0.1:compile (sources = true)
2026.01.14 14:33:45 INFO  [INFO] SUCCESS: org.springframework.data:spring-data-commons:jar:4.0.1:compile (sources = true)
2026.01.14 14:33:45 INFO  [INFO] Resolving artifact: io.jsonwebtoken:jjwt-api:jar:0.13.0:compile (sources = false)
2026.01.14 14:33:45 INFO  [INFO] SUCCESS: io.jsonwebtoken:jjwt-api:jar:0.13.0:compile (sources = false)
2026.01.14 14:33:45 INFO  [INFO] Resolving artifact: io.jsonwebtoken:jjwt-api:jar:0.13.0:compile (sources = true)
2026.01.14 14:33:45 INFO  Downloading from central: https://repo.maven.apache.org/maven2/io/jsonwebtoken/jjwt-api/0.13.0/jjwt-api-0.13.0-sources.jar
2026.01.14 14:33:45 INFO  Progress (1): 0.9/256 kB
2026.01.14 14:33:45 INFO  Progress (1): 2.3/256 kB
2026.01.14 14:33:45 INFO  Progress (1): 3.6/256 kB
2026.01.14 14:33:45 INFO  Progress (1): 5.0/256 kB
2026.01.14 14:33:45 INFO  Progress (1): 6.4/256 kB
2026.01.14 14:33:45 INFO  Progress (1): 7.7/256 kB
2026.01.14 14:33:45 INFO  Progress (1): 9.1/256 kB
2026.01.14 14:33:45 INFO  Progress (1): 10/256 kB 
2026.01.14 14:33:45 INFO  Progress (1): 12/256 kB
2026.01.14 14:33:45 INFO  Progress (1): 13/256 kB
2026.01.14 14:33:45 INFO  Progress (1): 15/256 kB
2026.01.14 14:33:45 INFO  Progress (1): 16/256 kB
2026.01.14 14:33:45 INFO  Progress (1): 17/256 kB
2026.01.14 14:33:45 INFO  Progress (1): 18/256 kB
2026.01.14 14:33:45 INFO  Progress (1): 20/256 kB
2026.01.14 14:33:45 INFO  Progress (1): 21/256 kB
2026.01.14 14:33:45 INFO  Progress (1): 23/256 kB
2026.01.14 14:33:45 INFO  Progress (1): 24/256 kB
2026.01.14 14:33:45 INFO  Progress (1): 25/256 kB
2026.01.14 14:33:45 INFO  Progress (1): 27/256 kB
2026.01.14 14:33:45 INFO  Progress (1): 28/256 kB
2026.01.14 14:33:45 INFO  Progress (1): 29/256 kB
2026.01.14 14:33:45 INFO  Progress (1): 31/256 kB
2026.01.14 14:33:45 INFO  Progress (1): 32/256 kB
2026.01.14 14:33:45 INFO  Progress (1): 33/256 kB
2026.01.14 14:33:45 INFO  Progress (1): 35/256 kB
2026.01.14 14:33:45 INFO  Progress (1): 36/256 kB
2026.01.14 14:33:45 INFO  Progress (1): 38/256 kB
2026.01.14 14:33:45 INFO  Progress (1): 39/256 kB
2026.01.14 14:33:45 INFO  Progress (1): 40/256 kB
2026.01.14 14:33:45 INFO  Progress (1): 42/256 kB
2026.01.14 14:33:45 INFO  Progress (1): 43/256 kB
2026.01.14 14:33:45 INFO  Progress (1): 44/256 kB
2026.01.14 14:33:45 INFO  Progress (1): 46/256 kB
2026.01.14 14:33:45 INFO  Progress (1): 47/256 kB
2026.01.14 14:33:45 INFO  Progress (1): 49/256 kB
2026.01.14 14:33:45 INFO  Progress (1): 50/256 kB
2026.01.14 14:33:45 INFO  Progress (1): 54/256 kB
2026.01.14 14:33:45 INFO  Progress (1): 58/256 kB
2026.01.14 14:33:45 INFO  Progress (1): 63/256 kB
2026.01.14 14:33:45 INFO  Progress (1): 67/256 kB
2026.01.14 14:33:45 INFO  Progress (1): 71/256 kB
2026.01.14 14:33:45 INFO  Progress (1): 75/256 kB
2026.01.14 14:33:45 INFO  Progress (1): 79/256 kB
2026.01.14 14:33:45 INFO  Progress (1): 84/256 kB
2026.01.14 14:33:45 INFO  Progress (1): 88/256 kB
2026.01.14 14:33:45 INFO  Progress (1): 92/256 kB
2026.01.14 14:33:45 INFO  Progress (1): 96/256 kB
2026.01.14 14:33:45 INFO  Progress (1): 101/256 kB
2026.01.14 14:33:45 INFO  Progress (1): 105/256 kB
2026.01.14 14:33:45 INFO  Progress (1): 109/256 kB
2026.01.14 14:33:45 INFO  Progress (1): 113/256 kB
2026.01.14 14:33:45 INFO  Progress (1): 118/256 kB
2026.01.14 14:33:45 INFO  Progress (1): 122/256 kB
2026.01.14 14:33:45 INFO  Progress (1): 126/256 kB
2026.01.14 14:33:45 INFO  Progress (1): 130/256 kB
2026.01.14 14:33:45 INFO  Progress (1): 134/256 kB
2026.01.14 14:33:45 INFO  Progress (1): 139/256 kB
2026.01.14 14:33:45 INFO  Progress (1): 143/256 kB
2026.01.14 14:33:45 INFO  Progress (1): 147/256 kB
2026.01.14 14:33:45 INFO  Progress (1): 151/256 kB
2026.01.14 14:33:45 INFO  Progress (1): 155/256 kB
2026.01.14 14:33:45 INFO  Progress (1): 159/256 kB
2026.01.14 14:33:45 INFO  Progress (1): 164/256 kB
2026.01.14 14:33:45 INFO  Progress (1): 168/256 kB
2026.01.14 14:33:45 INFO  Progress (1): 172/256 kB
2026.01.14 14:33:45 INFO  Progress (1): 176/256 kB
2026.01.14 14:33:45 INFO  Progress (1): 181/256 kB
2026.01.14 14:33:45 INFO  Progress (1): 185/256 kB
2026.01.14 14:33:45 INFO  Progress (1): 189/256 kB
2026.01.14 14:33:45 INFO  Progress (1): 193/256 kB
2026.01.14 14:33:45 INFO  Progress (1): 197/256 kB
2026.01.14 14:33:45 INFO  Progress (1): 202/256 kB
2026.01.14 14:33:45 INFO  Progress (1): 206/256 kB
2026.01.14 14:33:45 INFO  Progress (1): 210/256 kB
2026.01.14 14:33:45 INFO  Progress (1): 214/256 kB
2026.01.14 14:33:45 INFO  Progress (1): 219/256 kB
2026.01.14 14:33:45 INFO  Progress (1): 235/256 kB
2026.01.14 14:33:45 INFO  Progress (1): 251/256 kB
2026.01.14 14:33:45 INFO  Progress (1): 256 kB    
2026.01.14 14:33:45 INFO                      
2026.01.14 14:33:45 INFO  Downloaded from central: https://repo.maven.apache.org/maven2/io/jsonwebtoken/jjwt-api/0.13.0/jjwt-api-0.13.0-sources.jar (256 kB at 700 kB/s)
2026.01.14 14:33:45 INFO  [INFO] SUCCESS: io.jsonwebtoken:jjwt-api:jar:0.13.0:compile (sources = true)
2026.01.14 14:33:45 INFO  [INFO] Resolving artifact: org.springframework.security:spring-security-web:jar:7.0.2:compile (sources = false)
2026.01.14 14:33:45 INFO  [INFO] SUCCESS: org.springframework.security:spring-security-web:jar:7.0.2:compile (sources = false)
2026.01.14 14:33:45 INFO  [INFO] Resolving artifact: org.springframework.security:spring-security-web:jar:7.0.2:compile (sources = true)
2026.01.14 14:33:45 INFO  Downloading from central: https://repo.maven.apache.org/maven2/org/springframework/security/spring-security-web/7.0.2/spring-security-web-7.0.2-sources.jar
2026.01.14 14:33:45 INFO  Progress (1): 7.7/756 kB
2026.01.14 14:33:45 INFO  Progress (1): 16/756 kB 
2026.01.14 14:33:45 INFO  Progress (1): 32/756 kB
2026.01.14 14:33:45 INFO  Progress (1): 49/756 kB
2026.01.14 14:33:45 INFO  Progress (1): 65/756 kB
2026.01.14 14:33:45 INFO  Progress (1): 81/756 kB
2026.01.14 14:33:45 INFO  Progress (1): 98/756 kB
2026.01.14 14:33:45 INFO  Progress (1): 114/756 kB
2026.01.14 14:33:46 INFO  Progress (1): 131/756 kB
2026.01.14 14:33:46 INFO  Progress (1): 147/756 kB
2026.01.14 14:33:46 INFO  Progress (1): 163/756 kB
2026.01.14 14:33:46 INFO  Progress (1): 180/756 kB
2026.01.14 14:33:46 INFO  Progress (1): 196/756 kB
2026.01.14 14:33:46 INFO  Progress (1): 213/756 kB
2026.01.14 14:33:46 INFO  Progress (1): 229/756 kB
2026.01.14 14:33:46 INFO  Progress (1): 245/756 kB
2026.01.14 14:33:46 INFO  Progress (1): 262/756 kB
2026.01.14 14:33:46 INFO  Progress (1): 278/756 kB
2026.01.14 14:33:46 INFO  Progress (1): 294/756 kB
2026.01.14 14:33:46 INFO  Progress (1): 311/756 kB
2026.01.14 14:33:46 INFO  Progress (1): 327/756 kB
2026.01.14 14:33:46 INFO  Progress (1): 344/756 kB
2026.01.14 14:33:46 INFO  Progress (1): 360/756 kB
2026.01.14 14:33:46 INFO  Progress (1): 376/756 kB
2026.01.14 14:33:46 INFO  Progress (1): 393/756 kB
2026.01.14 14:33:46 INFO  Progress (1): 409/756 kB
2026.01.14 14:33:46 INFO  Progress (1): 426/756 kB
2026.01.14 14:33:46 INFO  Progress (1): 442/756 kB
2026.01.14 14:33:46 INFO  Progress (1): 458/756 kB
2026.01.14 14:33:46 INFO  Progress (1): 475/756 kB
2026.01.14 14:33:46 INFO  Progress (1): 491/756 kB
2026.01.14 14:33:46 INFO  Progress (1): 507/756 kB
2026.01.14 14:33:46 INFO  Progress (1): 524/756 kB
2026.01.14 14:33:46 INFO  Progress (1): 540/756 kB
2026.01.14 14:33:46 INFO  Progress (1): 557/756 kB
2026.01.14 14:33:46 INFO  Progress (1): 573/756 kB
2026.01.14 14:33:46 INFO  Progress (1): 589/756 kB
2026.01.14 14:33:46 INFO  Progress (1): 606/756 kB
2026.01.14 14:33:46 INFO  Progress (1): 622/756 kB
2026.01.14 14:33:46 INFO  Progress (1): 639/756 kB
2026.01.14 14:33:46 INFO  Progress (1): 655/756 kB
2026.01.14 14:33:46 INFO  Progress (1): 671/756 kB
2026.01.14 14:33:46 INFO  Progress (1): 688/756 kB
2026.01.14 14:33:46 INFO  Progress (1): 704/756 kB
2026.01.14 14:33:46 INFO  Progress (1): 720/756 kB
2026.01.14 14:33:46 INFO  Progress (1): 737/756 kB
2026.01.14 14:33:46 INFO  Progress (1): 753/756 kB
2026.01.14 14:33:46 INFO  Progress (1): 756 kB    
2026.01.14 14:33:46 INFO                      
2026.01.14 14:33:46 INFO  Downloaded from central: https://repo.maven.apache.org/maven2/org/springframework/security/spring-security-web/7.0.2/spring-security-web-7.0.2-sources.jar (756 kB at 581 kB/s)
2026.01.14 14:33:46 INFO  [INFO] SUCCESS: org.springframework.security:spring-security-web:jar:7.0.2:compile (sources = true)
2026.01.14 14:33:46 INFO  [INFO] Resolving artifact: ch.qos.logback:logback-core:jar:1.5.22:compile (sources = false)
2026.01.14 14:33:46 INFO  [INFO] SUCCESS: ch.qos.logback:logback-core:jar:1.5.22:compile (sources = false)
2026.01.14 14:33:46 INFO  [INFO] Resolving artifact: ch.qos.logback:logback-core:jar:1.5.22:compile (sources = true)
2026.01.14 14:33:46 INFO  [INFO] SUCCESS: ch.qos.logback:logback-core:jar:1.5.22:compile (sources = true)
2026.01.14 14:33:46 INFO  [INFO] Resolving artifact: com.fasterxml:classmate:jar:1.7.1:compile (sources = false)
2026.01.14 14:33:46 INFO  [INFO] SUCCESS: com.fasterxml:classmate:jar:1.7.1:compile (sources = false)
2026.01.14 14:33:46 INFO  [INFO] Resolving artifact: com.fasterxml:classmate:jar:1.7.1:compile (sources = true)
2026.01.14 14:33:46 INFO  [INFO] SUCCESS: com.fasterxml:classmate:jar:1.7.1:compile (sources = true)
2026.01.14 14:33:46 INFO  [INFO] Resolving artifact: org.springframework.boot:spring-boot-validation:jar:4.0.1:compile (sources = false)
2026.01.14 14:33:46 INFO  [INFO] SUCCESS: org.springframework.boot:spring-boot-validation:jar:4.0.1:compile (sources = false)
2026.01.14 14:33:46 INFO  [INFO] Resolving artifact: org.springframework.boot:spring-boot-validation:jar:4.0.1:compile (sources = true)
2026.01.14 14:33:46 INFO  [INFO] SUCCESS: org.springframework.boot:spring-boot-validation:jar:4.0.1:compile (sources = true)
2026.01.14 14:33:46 INFO  [INFO] Resolving artifact: org.slf4j:jul-to-slf4j:jar:2.0.17:compile (sources = false)
2026.01.14 14:33:46 INFO  [INFO] SUCCESS: org.slf4j:jul-to-slf4j:jar:2.0.17:compile (sources = false)
2026.01.14 14:33:46 INFO  [INFO] Resolving artifact: org.slf4j:jul-to-slf4j:jar:2.0.17:compile (sources = true)
2026.01.14 14:33:46 INFO  [INFO] SUCCESS: org.slf4j:jul-to-slf4j:jar:2.0.17:compile (sources = true)
2026.01.14 14:33:46 INFO  [INFO] Resolving artifact: org.springframework.boot:spring-boot-starter-jdbc:jar:4.0.1:compile (sources = false)
2026.01.14 14:33:46 INFO  [INFO] SUCCESS: org.springframework.boot:spring-boot-starter-jdbc:jar:4.0.1:compile (sources = false)
2026.01.14 14:33:46 INFO  [INFO] Resolving artifact: org.springframework.boot:spring-boot-starter-jdbc:jar:4.0.1:compile (sources = true)
2026.01.14 14:33:46 INFO  [INFO] SUCCESS: org.springframework.boot:spring-boot-starter-jdbc:jar:4.0.1:compile (sources = true)
2026.01.14 14:33:46 INFO  [INFO] Resolving artifact: com.zaxxer:HikariCP:jar:7.0.2:compile (sources = false)
2026.01.14 14:33:46 INFO  [INFO] SUCCESS: com.zaxxer:HikariCP:jar:7.0.2:compile (sources = false)
2026.01.14 14:33:46 INFO  [INFO] Resolving artifact: com.zaxxer:HikariCP:jar:7.0.2:compile (sources = true)
2026.01.14 14:33:46 INFO  [INFO] SUCCESS: com.zaxxer:HikariCP:jar:7.0.2:compile (sources = true)
2026.01.14 14:33:46 INFO  [INFO] Resolving artifact: org.antlr:antlr4-runtime:jar:4.13.2:compile (sources = false)
2026.01.14 14:33:46 INFO  [INFO] SUCCESS: org.antlr:antlr4-runtime:jar:4.13.2:compile (sources = false)
2026.01.14 14:33:46 INFO  [INFO] Resolving artifact: org.antlr:antlr4-runtime:jar:4.13.2:compile (sources = true)
2026.01.14 14:33:46 INFO  [INFO] SUCCESS: org.antlr:antlr4-runtime:jar:4.13.2:compile (sources = true)
2026.01.14 14:33:46 INFO  [INFO] Resolving artifact: ch.qos.logback:logback-classic:jar:1.5.22:compile (sources = false)
2026.01.14 14:33:46 INFO  [INFO] SUCCESS: ch.qos.logback:logback-classic:jar:1.5.22:compile (sources = false)
2026.01.14 14:33:46 INFO  [INFO] Resolving artifact: ch.qos.logback:logback-classic:jar:1.5.22:compile (sources = true)
2026.01.14 14:33:46 INFO  [INFO] SUCCESS: ch.qos.logback:logback-classic:jar:1.5.22:compile (sources = true)
2026.01.14 14:33:46 INFO  [INFO] Resolving artifact: org.apache.logging.log4j:log4j-to-slf4j:jar:2.25.3:compile (sources = false)
2026.01.14 14:33:46 INFO  [INFO] SUCCESS: org.apache.logging.log4j:log4j-to-slf4j:jar:2.25.3:compile (sources = false)
2026.01.14 14:33:46 INFO  [INFO] Resolving artifact: org.apache.logging.log4j:log4j-to-slf4j:jar:2.25.3:compile (sources = true)
2026.01.14 14:33:46 INFO  [INFO] SUCCESS: org.apache.logging.log4j:log4j-to-slf4j:jar:2.25.3:compile (sources = true)
2026.01.14 14:33:46 INFO  [INFO] Resolving artifact: org.springframework.boot:spring-boot-actuator:jar:4.0.1:compile (sources = false)
2026.01.14 14:33:46 INFO  [INFO] SUCCESS: org.springframework.boot:spring-boot-actuator:jar:4.0.1:compile (sources = false)
2026.01.14 14:33:46 INFO  [INFO] Resolving artifact: org.springframework.boot:spring-boot-actuator:jar:4.0.1:compile (sources = true)
2026.01.14 14:33:46 INFO  Downloading from central: https://repo.maven.apache.org/maven2/org/springframework/boot/spring-boot-actuator/4.0.1/spring-boot-actuator-4.0.1-sources.jar
2026.01.14 14:33:46 INFO  Progress (1): 7.7/244 kB
2026.01.14 14:33:46 INFO  Progress (1): 16/244 kB 
2026.01.14 14:33:46 INFO  Progress (1): 32/244 kB
2026.01.14 14:33:46 INFO  Progress (1): 48/244 kB
2026.01.14 14:33:46 INFO  Progress (1): 65/244 kB
2026.01.14 14:33:46 INFO  Progress (1): 81/244 kB
2026.01.14 14:33:46 INFO  Progress (1): 98/244 kB
2026.01.14 14:33:46 INFO  Progress (1): 114/244 kB
2026.01.14 14:33:46 INFO  Progress (1): 130/244 kB
2026.01.14 14:33:46 INFO  Progress (1): 147/244 kB
2026.01.14 14:33:46 INFO  Progress (1): 163/244 kB
2026.01.14 14:33:46 INFO  Progress (1): 179/244 kB
2026.01.14 14:33:47 INFO  Progress (1): 196/244 kB
2026.01.14 14:33:47 INFO  Progress (1): 212/244 kB
2026.01.14 14:33:47 INFO  Progress (1): 229/244 kB
2026.01.14 14:33:47 INFO  Progress (1): 244 kB    
2026.01.14 14:33:47 INFO                      
2026.01.14 14:33:47 INFO  Downloaded from central: https://repo.maven.apache.org/maven2/org/springframework/boot/spring-boot-actuator/4.0.1/spring-boot-actuator-4.0.1-sources.jar (244 kB at 596 kB/s)
2026.01.14 14:33:47 INFO  [INFO] SUCCESS: org.springframework.boot:spring-boot-actuator:jar:4.0.1:compile (sources = true)
2026.01.14 14:33:47 INFO  [INFO] Resolving artifact: org.jboss.logging:jboss-logging:jar:3.6.1.Final:compile (sources = false)
2026.01.14 14:33:47 INFO  [INFO] SUCCESS: org.jboss.logging:jboss-logging:jar:3.6.1.Final:compile (sources = false)
2026.01.14 14:33:47 INFO  [INFO] Resolving artifact: org.jboss.logging:jboss-logging:jar:3.6.1.Final:compile (sources = true)
2026.01.14 14:33:47 INFO  [INFO] SUCCESS: org.jboss.logging:jboss-logging:jar:3.6.1.Final:compile (sources = true)
2026.01.14 14:33:47 INFO  [INFO] Resolving artifact: jakarta.transaction:jakarta.transaction-api:jar:2.0.1:compile (sources = false)
2026.01.14 14:33:47 INFO  [INFO] SUCCESS: jakarta.transaction:jakarta.transaction-api:jar:2.0.1:compile (sources = false)
2026.01.14 14:33:47 INFO  [INFO] Resolving artifact: jakarta.transaction:jakarta.transaction-api:jar:2.0.1:compile (sources = true)
2026.01.14 14:33:47 INFO  [INFO] SUCCESS: jakarta.transaction:jakarta.transaction-api:jar:2.0.1:compile (sources = true)
2026.01.14 14:33:47 INFO  [INFO] Resolving artifact: org.springframework.boot:spring-boot-health:jar:4.0.1:compile (sources = false)
2026.01.14 14:33:47 INFO  [INFO] SUCCESS: org.springframework.boot:spring-boot-health:jar:4.0.1:compile (sources = false)
2026.01.14 14:33:47 INFO  [INFO] Resolving artifact: org.springframework.boot:spring-boot-health:jar:4.0.1:compile (sources = true)
2026.01.14 14:33:47 INFO  Downloading from central: https://repo.maven.apache.org/maven2/org/springframework/boot/spring-boot-health/4.0.1/spring-boot-health-4.0.1-sources.jar
2026.01.14 14:33:47 INFO  Progress (1): 7.7/116 kB
2026.01.14 14:33:47 INFO  Progress (1): 16/116 kB 
2026.01.14 14:33:47 INFO  Progress (1): 32/116 kB
2026.01.14 14:33:47 INFO  Progress (1): 48/116 kB
2026.01.14 14:33:47 INFO  Progress (1): 65/116 kB
2026.01.14 14:33:47 INFO  Progress (1): 81/116 kB
2026.01.14 14:33:47 INFO  Progress (1): 98/116 kB
2026.01.14 14:33:47 INFO  Progress (1): 114/116 kB
2026.01.14 14:33:47 INFO  Progress (1): 116 kB    
2026.01.14 14:33:47 INFO                      
2026.01.14 14:33:47 INFO  Downloaded from central: https://repo.maven.apache.org/maven2/org/springframework/boot/spring-boot-health/4.0.1/spring-boot-health-4.0.1-sources.jar (116 kB at 745 kB/s)
2026.01.14 14:33:47 INFO  [INFO] SUCCESS: org.springframework.boot:spring-boot-health:jar:4.0.1:compile (sources = true)
2026.01.14 14:33:47 INFO  [INFO] Resolving artifact: org.springframework.boot:spring-boot-http-converter:jar:4.0.1:compile (sources = false)
2026.01.14 14:33:47 INFO  [INFO] SUCCESS: org.springframework.boot:spring-boot-http-converter:jar:4.0.1:compile (sources = false)
2026.01.14 14:33:47 INFO  [INFO] Resolving artifact: org.springframework.boot:spring-boot-http-converter:jar:4.0.1:compile (sources = true)
2026.01.14 14:33:47 INFO  [INFO] SUCCESS: org.springframework.boot:spring-boot-http-converter:jar:4.0.1:compile (sources = true)
2026.01.14 14:33:47 INFO  [INFO] Resolving artifact: org.springframework.boot:spring-boot-data-commons:jar:4.0.1:compile (sources = false)
2026.01.14 14:33:47 INFO  [INFO] SUCCESS: org.springframework.boot:spring-boot-data-commons:jar:4.0.1:compile (sources = false)
2026.01.14 14:33:47 INFO  [INFO] Resolving artifact: org.springframework.boot:spring-boot-data-commons:jar:4.0.1:compile (sources = true)
2026.01.14 14:33:47 INFO  [INFO] SUCCESS: org.springframework.boot:spring-boot-data-commons:jar:4.0.1:compile (sources = true)
2026.01.14 14:33:47 INFO  [INFO] Resolving artifact: org.springframework.boot:spring-boot-security:jar:4.0.1:compile (sources = false)
2026.01.14 14:33:47 INFO  [INFO] SUCCESS: org.springframework.boot:spring-boot-security:jar:4.0.1:compile (sources = false)
2026.01.14 14:33:47 INFO  [INFO] Resolving artifact: org.springframework.boot:spring-boot-security:jar:4.0.1:compile (sources = true)
2026.01.14 14:33:47 INFO  Downloading from central: https://repo.maven.apache.org/maven2/org/springframework/boot/spring-boot-security/4.0.1/spring-boot-security-4.0.1-sources.jar
2026.01.14 14:33:47 INFO  Progress (1): 7.7/57 kB
2026.01.14 14:33:47 INFO  Progress (1): 16/57 kB 
2026.01.14 14:33:47 INFO  Progress (1): 32/57 kB
2026.01.14 14:33:47 INFO  Progress (1): 49/57 kB
2026.01.14 14:33:47 INFO  Progress (1): 57 kB   
2026.01.14 14:33:47 INFO                     
2026.01.14 14:33:47 INFO  Downloaded from central: https://repo.maven.apache.org/maven2/org/springframework/boot/spring-boot-security/4.0.1/spring-boot-security-4.0.1-sources.jar (57 kB at 393 kB/s)
2026.01.14 14:33:47 INFO  [INFO] SUCCESS: org.springframework.boot:spring-boot-security:jar:4.0.1:compile (sources = true)
2026.01.14 14:33:47 INFO  [INFO] Resolving artifact: org.springframework.boot:spring-boot-jdbc:jar:4.0.1:compile (sources = false)
2026.01.14 14:33:47 INFO  [INFO] SUCCESS: org.springframework.boot:spring-boot-jdbc:jar:4.0.1:compile (sources = false)
2026.01.14 14:33:47 INFO  [INFO] Resolving artifact: org.springframework.boot:spring-boot-jdbc:jar:4.0.1:compile (sources = true)
2026.01.14 14:33:47 INFO  [INFO] SUCCESS: org.springframework.boot:spring-boot-jdbc:jar:4.0.1:compile (sources = true)
2026.01.14 14:33:47 INFO  [INFO] Resolving artifact: org.springframework.boot:spring-boot-starter-jackson:jar:4.0.1:compile (sources = false)
2026.01.14 14:33:47 INFO  [INFO] SUCCESS: org.springframework.boot:spring-boot-starter-jackson:jar:4.0.1:compile (sources = false)
2026.01.14 14:33:47 INFO  [INFO] Resolving artifact: org.springframework.boot:spring-boot-starter-jackson:jar:4.0.1:compile (sources = true)
2026.01.14 14:33:47 INFO  [INFO] SUCCESS: org.springframework.boot:spring-boot-starter-jackson:jar:4.0.1:compile (sources = true)
2026.01.14 14:33:47 INFO  [INFO] Resolving artifact: org.springframework:spring-webmvc:jar:7.0.2:compile (sources = false)
2026.01.14 14:33:47 INFO  [INFO] SUCCESS: org.springframework:spring-webmvc:jar:7.0.2:compile (sources = false)
2026.01.14 14:33:47 INFO  [INFO] Resolving artifact: org.springframework:spring-webmvc:jar:7.0.2:compile (sources = true)
2026.01.14 14:33:47 INFO  [INFO] SUCCESS: org.springframework:spring-webmvc:jar:7.0.2:compile (sources = true)
2026.01.14 14:33:47 INFO  [INFO] Resolving artifact: jakarta.persistence:jakarta.persistence-api:jar:3.2.0:compile (sources = false)
2026.01.14 14:33:47 INFO  [INFO] SUCCESS: jakarta.persistence:jakarta.persistence-api:jar:3.2.0:compile (sources = false)
2026.01.14 14:33:47 INFO  [INFO] Resolving artifact: jakarta.persistence:jakarta.persistence-api:jar:3.2.0:compile (sources = true)
2026.01.14 14:33:47 INFO  [INFO] SUCCESS: jakarta.persistence:jakarta.persistence-api:jar:3.2.0:compile (sources = true)
2026.01.14 14:33:47 INFO  [INFO] Resolving artifact: io.micrometer:micrometer-jakarta9:jar:1.16.1:compile (sources = false)
2026.01.14 14:33:47 INFO  [INFO] SUCCESS: io.micrometer:micrometer-jakarta9:jar:1.16.1:compile (sources = false)
2026.01.14 14:33:47 INFO  [INFO] Resolving artifact: io.micrometer:micrometer-jakarta9:jar:1.16.1:compile (sources = true)
2026.01.14 14:33:47 INFO  Downloading from central: https://repo.maven.apache.org/maven2/io/micrometer/micrometer-jakarta9/1.16.1/micrometer-jakarta9-1.16.1-sources.jar
2026.01.14 14:33:47 INFO  Progress (1): 7.7/25 kB
2026.01.14 14:33:47 INFO  Progress (1): 12/25 kB 
2026.01.14 14:33:47 INFO  Progress (1): 25 kB   
2026.01.14 14:33:47 INFO                     
2026.01.14 14:33:47 INFO  Downloaded from central: https://repo.maven.apache.org/maven2/io/micrometer/micrometer-jakarta9/1.16.1/micrometer-jakarta9-1.16.1-sources.jar (25 kB at 240 kB/s)
2026.01.14 14:33:47 INFO  [INFO] SUCCESS: io.micrometer:micrometer-jakarta9:jar:1.16.1:compile (sources = true)
2026.01.14 14:33:47 INFO  [INFO] Resolving artifact: org.springframework:spring-tx:jar:7.0.2:compile (sources = false)
2026.01.14 14:33:47 INFO  [INFO] SUCCESS: org.springframework:spring-tx:jar:7.0.2:compile (sources = false)
2026.01.14 14:33:47 INFO  [INFO] Resolving artifact: org.springframework:spring-tx:jar:7.0.2:compile (sources = true)
2026.01.14 14:33:47 INFO  [INFO] SUCCESS: org.springframework:spring-tx:jar:7.0.2:compile (sources = true)
2026.01.14 14:33:47 INFO  [INFO] Resolving artifact: com.fasterxml.jackson.core:jackson-core:jar:2.20.1:runtime (sources = false)
2026.01.14 14:33:47 INFO  [INFO] SUCCESS: com.fasterxml.jackson.core:jackson-core:jar:2.20.1:runtime (sources = false)
2026.01.14 14:33:47 INFO  [INFO] Resolving artifact: com.fasterxml.jackson.core:jackson-core:jar:2.20.1:runtime (sources = true)
2026.01.14 14:33:47 INFO  [INFO] SUCCESS: com.fasterxml.jackson.core:jackson-core:jar:2.20.1:runtime (sources = true)
2026.01.14 14:33:47 INFO  [INFO] Resolving artifact: org.aspectj:aspectjweaver:jar:1.9.25.1:compile (sources = false)
2026.01.14 14:33:47 INFO  [INFO] SUCCESS: org.aspectj:aspectjweaver:jar:1.9.25.1:compile (sources = false)
2026.01.14 14:33:47 INFO  [INFO] Resolving artifact: org.aspectj:aspectjweaver:jar:1.9.25.1:compile (sources = true)
2026.01.14 14:33:47 INFO  [INFO] SUCCESS: org.aspectj:aspectjweaver:jar:1.9.25.1:compile (sources = true)
2026.01.14 14:33:47 INFO  [INFO] Resolving artifact: org.apache.tomcat.embed:tomcat-embed-el:jar:11.0.15:compile (sources = false)
2026.01.14 14:33:47 INFO  [INFO] SUCCESS: org.apache.tomcat.embed:tomcat-embed-el:jar:11.0.15:compile (sources = false)
2026.01.14 14:33:47 INFO  [INFO] Resolving artifact: org.apache.tomcat.embed:tomcat-embed-el:jar:11.0.15:compile (sources = true)
2026.01.14 14:33:47 INFO  [INFO] SUCCESS: org.apache.tomcat.embed:tomcat-embed-el:jar:11.0.15:compile (sources = true)
2026.01.14 14:33:47 INFO  [INFO] Resolving artifact: org.springframework.boot:spring-boot-starter-tomcat-runtime:jar:4.0.1:compile (sources = false)
2026.01.14 14:33:47 INFO  [INFO] SUCCESS: org.springframework.boot:spring-boot-starter-tomcat-runtime:jar:4.0.1:compile (sources = false)
2026.01.14 14:33:47 INFO  [INFO] Resolving artifact: org.springframework.boot:spring-boot-starter-tomcat-runtime:jar:4.0.1:compile (sources = true)
2026.01.14 14:33:47 INFO  [INFO] SUCCESS: org.springframework.boot:spring-boot-starter-tomcat-runtime:jar:4.0.1:compile (sources = true)
2026.01.14 14:33:47 INFO  [INFO] Resolving artifact: org.hdrhistogram:HdrHistogram:jar:2.2.2:runtime (sources = false)
2026.01.14 14:33:47 INFO  [INFO] SUCCESS: org.hdrhistogram:HdrHistogram:jar:2.2.2:runtime (sources = false)
2026.01.14 14:33:47 INFO  [INFO] Resolving artifact: org.hdrhistogram:HdrHistogram:jar:2.2.2:runtime (sources = true)
2026.01.14 14:33:47 INFO  [INFO] SUCCESS: org.hdrhistogram:HdrHistogram:jar:2.2.2:runtime (sources = true)
2026.01.14 14:33:47 INFO  [INFO] Resolving artifact: org.glassfish.jaxb:jaxb-runtime:jar:4.0.6:runtime (sources = false)
2026.01.14 14:33:47 INFO  [INFO] SUCCESS: org.glassfish.jaxb:jaxb-runtime:jar:4.0.6:runtime (sources = false)
2026.01.14 14:33:47 INFO  [INFO] Resolving artifact: org.glassfish.jaxb:jaxb-runtime:jar:4.0.6:runtime (sources = true)
2026.01.14 14:33:47 INFO  [INFO] SUCCESS: org.glassfish.jaxb:jaxb-runtime:jar:4.0.6:runtime (sources = true)
2026.01.14 14:33:47 INFO  [INFO] Resolving artifact: org.springframework:spring-web:jar:7.0.2:compile (sources = false)
2026.01.14 14:33:47 INFO  [INFO] SUCCESS: org.springframework:spring-web:jar:7.0.2:compile (sources = false)
2026.01.14 14:33:47 INFO  [INFO] Resolving artifact: org.springframework:spring-web:jar:7.0.2:compile (sources = true)
2026.01.14 14:33:47 INFO  [INFO] SUCCESS: org.springframework:spring-web:jar:7.0.2:compile (sources = true)
2026.01.14 14:33:47 INFO  [INFO] Resolving artifact: org.springframework.boot:spring-boot-data-jpa:jar:4.0.1:compile (sources = false)
2026.01.14 14:33:47 INFO  [INFO] SUCCESS: org.springframework.boot:spring-boot-data-jpa:jar:4.0.1:compile (sources = false)
2026.01.14 14:33:47 INFO  [INFO] Resolving artifact: org.springframework.boot:spring-boot-data-jpa:jar:4.0.1:compile (sources = true)
2026.01.14 14:33:47 INFO  [INFO] SUCCESS: org.springframework.boot:spring-boot-data-jpa:jar:4.0.1:compile (sources = true)
2026.01.14 14:33:47 INFO  [INFO] Resolving artifact: io.jsonwebtoken:jjwt-jackson:jar:0.13.0:runtime (sources = false)
2026.01.14 14:33:47 INFO  [INFO] SUCCESS: io.jsonwebtoken:jjwt-jackson:jar:0.13.0:runtime (sources = false)
2026.01.14 14:33:47 INFO  [INFO] Resolving artifact: io.jsonwebtoken:jjwt-jackson:jar:0.13.0:runtime (sources = true)
2026.01.14 14:33:47 INFO  Downloading from central: https://repo.maven.apache.org/maven2/io/jsonwebtoken/jjwt-jackson/0.13.0/jjwt-jackson-0.13.0-sources.jar
2026.01.14 14:33:47 INFO  Progress (1): 7.5/8.0 kB
2026.01.14 14:33:47 INFO  Progress (1): 8.0 kB    
2026.01.14 14:33:47 INFO                      
2026.01.14 14:33:47 INFO  Downloaded from central: https://repo.maven.apache.org/maven2/io/jsonwebtoken/jjwt-jackson/0.13.0/jjwt-jackson-0.13.0-sources.jar (8.0 kB at 76 kB/s)
2026.01.14 14:33:47 INFO  [INFO] SUCCESS: io.jsonwebtoken:jjwt-jackson:jar:0.13.0:runtime (sources = true)
2026.01.14 14:33:47 INFO  [INFO] Resolving artifact: org.springframework.boot:spring-boot-starter-micrometer-metrics:jar:4.0.1:compile (sources = false)
2026.01.14 14:33:47 INFO  [INFO] SUCCESS: org.springframework.boot:spring-boot-starter-micrometer-metrics:jar:4.0.1:compile (sources = false)
2026.01.14 14:33:47 INFO  [INFO] Resolving artifact: org.springframework.boot:spring-boot-starter-micrometer-metrics:jar:4.0.1:compile (sources = true)
2026.01.14 14:33:47 INFO  Downloading from central: https://repo.maven.apache.org/maven2/org/springframework/boot/spring-boot-starter-micrometer-metrics/4.0.1/spring-boot-starter-micrometer-metrics-4.0.1-sources.jar
2026.01.14 14:33:47 INFO  Progress (1): 4.7 kB
2026.01.14 14:33:47 INFO                      
2026.01.14 14:33:47 INFO  Downloaded from central: https://repo.maven.apache.org/maven2/org/springframework/boot/spring-boot-starter-micrometer-metrics/4.0.1/spring-boot-starter-micrometer-metrics-4.0.1-sources.jar (4.7 kB at 42 kB/s)
2026.01.14 14:33:47 INFO  [INFO] SUCCESS: org.springframework.boot:spring-boot-starter-micrometer-metrics:jar:4.0.1:compile (sources = true)
2026.01.14 14:33:47 INFO  [INFO] Resolving artifact: org.springframework.boot:spring-boot-transaction:jar:4.0.1:compile (sources = false)
2026.01.14 14:33:47 INFO  [INFO] SUCCESS: org.springframework.boot:spring-boot-transaction:jar:4.0.1:compile (sources = false)
2026.01.14 14:33:47 INFO  [INFO] Resolving artifact: org.springframework.boot:spring-boot-transaction:jar:4.0.1:compile (sources = true)
2026.01.14 14:33:47 INFO  [INFO] SUCCESS: org.springframework.boot:spring-boot-transaction:jar:4.0.1:compile (sources = true)
2026.01.14 14:33:47 INFO  [INFO] Resolving artifact: org.apache.tomcat.embed:tomcat-embed-core:jar:11.0.15:compile (sources = false)
2026.01.14 14:33:47 INFO  [INFO] SUCCESS: org.apache.tomcat.embed:tomcat-embed-core:jar:11.0.15:compile (sources = false)
2026.01.14 14:33:47 INFO  [INFO] Resolving artifact: org.apache.tomcat.embed:tomcat-embed-core:jar:11.0.15:compile (sources = true)
2026.01.14 14:33:47 INFO  [INFO] SUCCESS: org.apache.tomcat.embed:tomcat-embed-core:jar:11.0.15:compile (sources = true)
2026.01.14 14:33:47 INFO  [INFO] Resolving artifact: org.springframework.boot:spring-boot:jar:4.0.1:compile (sources = false)
2026.01.14 14:33:47 INFO  [INFO] SUCCESS: org.springframework.boot:spring-boot:jar:4.0.1:compile (sources = false)
2026.01.14 14:33:47 INFO  [INFO] Resolving artifact: org.springframework.boot:spring-boot:jar:4.0.1:compile (sources = true)
2026.01.14 14:33:47 INFO  [INFO] SUCCESS: org.springframework.boot:spring-boot:jar:4.0.1:compile (sources = true)
2026.01.14 14:33:47 INFO  [INFO] Resolving artifact: org.springframework.boot:spring-boot-web-server:jar:4.0.1:compile (sources = false)
2026.01.14 14:33:47 INFO  [INFO] SUCCESS: org.springframework.boot:spring-boot-web-server:jar:4.0.1:compile (sources = false)
2026.01.14 14:33:47 INFO  [INFO] Resolving artifact: org.springframework.boot:spring-boot-web-server:jar:4.0.1:compile (sources = true)
2026.01.14 14:33:47 INFO  [INFO] SUCCESS: org.springframework.boot:spring-boot-web-server:jar:4.0.1:compile (sources = true)
2026.01.14 14:33:47 INFO  [INFO] Resolving artifact: org.springframework.boot:spring-boot-starter-validation:jar:4.0.1:compile (sources = false)
2026.01.14 14:33:47 INFO  [INFO] SUCCESS: org.springframework.boot:spring-boot-starter-validation:jar:4.0.1:compile (sources = false)
2026.01.14 14:33:47 INFO  [INFO] Resolving artifact: org.springframework.boot:spring-boot-starter-validation:jar:4.0.1:compile (sources = true)
2026.01.14 14:33:47 INFO  [INFO] SUCCESS: org.springframework.boot:spring-boot-starter-validation:jar:4.0.1:compile (sources = true)
2026.01.14 14:33:47 INFO  [INFO] Resolving artifact: io.micrometer:micrometer-commons:jar:1.16.1:compile (sources = false)
2026.01.14 14:33:47 INFO  [INFO] SUCCESS: io.micrometer:micrometer-commons:jar:1.16.1:compile (sources = false)
2026.01.14 14:33:47 INFO  [INFO] Resolving artifact: io.micrometer:micrometer-commons:jar:1.16.1:compile (sources = true)
2026.01.14 14:33:47 INFO  [INFO] SUCCESS: io.micrometer:micrometer-commons:jar:1.16.1:compile (sources = true)
2026.01.14 14:33:47 INFO  [INFO] Resolving artifact: commons-logging:commons-logging:jar:1.3.5:compile (sources = false)
2026.01.14 14:33:47 INFO  [INFO] SUCCESS: commons-logging:commons-logging:jar:1.3.5:compile (sources = false)
2026.01.14 14:33:47 INFO  [INFO] Resolving artifact: commons-logging:commons-logging:jar:1.3.5:compile (sources = true)
2026.01.14 14:33:47 INFO  [INFO] SUCCESS: commons-logging:commons-logging:jar:1.3.5:compile (sources = true)
2026.01.14 14:33:47 INFO  [INFO] Resolving artifact: org.springframework.boot:spring-boot-starter-webmvc:jar:4.0.1:compile (sources = false)
2026.01.14 14:33:48 INFO  [INFO] SUCCESS: org.springframework.boot:spring-boot-starter-webmvc:jar:4.0.1:compile (sources = false)
2026.01.14 14:33:48 INFO  [INFO] Resolving artifact: org.springframework.boot:spring-boot-starter-webmvc:jar:4.0.1:compile (sources = true)
2026.01.14 14:33:48 INFO  [INFO] SUCCESS: org.springframework.boot:spring-boot-starter-webmvc:jar:4.0.1:compile (sources = true)
2026.01.14 14:33:48 INFO  [INFO] Resolving artifact: jakarta.xml.bind:jakarta.xml.bind-api:jar:4.0.4:runtime (sources = false)
2026.01.14 14:33:48 INFO  [INFO] SUCCESS: jakarta.xml.bind:jakarta.xml.bind-api:jar:4.0.4:runtime (sources = false)
2026.01.14 14:33:48 INFO  [INFO] Resolving artifact: jakarta.xml.bind:jakarta.xml.bind-api:jar:4.0.4:runtime (sources = true)
2026.01.14 14:33:48 INFO  [INFO] SUCCESS: jakarta.xml.bind:jakarta.xml.bind-api:jar:4.0.4:runtime (sources = true)
2026.01.14 14:33:48 INFO  [INFO] Resolving artifact: org.springframework.boot:spring-boot-starter-tomcat:jar:4.0.1:compile (sources = false)
2026.01.14 14:33:48 INFO  [INFO] SUCCESS: org.springframework.boot:spring-boot-starter-tomcat:jar:4.0.1:compile (sources = false)
2026.01.14 14:33:48 INFO  [INFO] Resolving artifact: org.springframework.boot:spring-boot-starter-tomcat:jar:4.0.1:compile (sources = true)
2026.01.14 14:33:48 INFO  [INFO] SUCCESS: org.springframework.boot:spring-boot-starter-tomcat:jar:4.0.1:compile (sources = true)
2026.01.14 14:33:48 INFO  [INFO] Resolving artifact: org.apache.logging.log4j:log4j-api:jar:2.25.3:compile (sources = false)
2026.01.14 14:33:48 INFO  [INFO] SUCCESS: org.apache.logging.log4j:log4j-api:jar:2.25.3:compile (sources = false)
2026.01.14 14:33:48 INFO  [INFO] Resolving artifact: org.apache.logging.log4j:log4j-api:jar:2.25.3:compile (sources = true)
2026.01.14 14:33:48 INFO  [INFO] SUCCESS: org.apache.logging.log4j:log4j-api:jar:2.25.3:compile (sources = true)
2026.01.14 14:33:48 INFO  [INFO] Resolving artifact: org.springframework.boot:spring-boot-actuator-autoconfigure:jar:4.0.1:compile (sources = false)
2026.01.14 14:33:48 INFO  [INFO] SUCCESS: org.springframework.boot:spring-boot-actuator-autoconfigure:jar:4.0.1:compile (sources = false)
2026.01.14 14:33:48 INFO  [INFO] Resolving artifact: org.springframework.boot:spring-boot-actuator-autoconfigure:jar:4.0.1:compile (sources = true)
2026.01.14 14:33:48 INFO  Downloading from central: https://repo.maven.apache.org/maven2/org/springframework/boot/spring-boot-actuator-autoconfigure/4.0.1/spring-boot-actuator-autoconfigure-4.0.1-sources.jar
2026.01.14 14:33:48 INFO  Progress (1): 7.7/108 kB
2026.01.14 14:33:48 INFO  Progress (1): 16/108 kB 
2026.01.14 14:33:48 INFO  Progress (1): 32/108 kB
2026.01.14 14:33:48 INFO  Progress (1): 49/108 kB
2026.01.14 14:33:48 INFO  Progress (1): 65/108 kB
2026.01.14 14:33:48 INFO  Progress (1): 81/108 kB
2026.01.14 14:33:48 INFO  Progress (1): 98/108 kB
2026.01.14 14:33:48 INFO  Progress (1): 108 kB   
2026.01.14 14:33:48 INFO                      
2026.01.14 14:33:48 INFO  Downloaded from central: https://repo.maven.apache.org/maven2/org/springframework/boot/spring-boot-actuator-autoconfigure/4.0.1/spring-boot-actuator-autoconfigure-4.0.1-sources.jar (108 kB at 645 kB/s)
2026.01.14 14:33:48 INFO  [INFO] SUCCESS: org.springframework.boot:spring-boot-actuator-autoconfigure:jar:4.0.1:compile (sources = true)
2026.01.14 14:33:48 INFO  [INFO] Resolving artifact: com.mysql:mysql-connector-j:jar:9.5.0:compile (sources = false)
2026.01.14 14:33:48 INFO  [INFO] SUCCESS: com.mysql:mysql-connector-j:jar:9.5.0:compile (sources = false)
2026.01.14 14:33:48 INFO  [INFO] Resolving artifact: com.mysql:mysql-connector-j:jar:9.5.0:compile (sources = true)
2026.01.14 14:33:48 INFO  Downloading from central: https://repo.maven.apache.org/maven2/com/mysql/mysql-connector-j/9.5.0/mysql-connector-j-9.5.0-sources.jar
2026.01.14 14:33:48 INFO  Progress (1): 0/1.8 MB
2026.01.14 14:33:48 INFO  Progress (1): 0/1.8 MB
2026.01.14 14:33:48 INFO  Progress (1): 0/1.8 MB
2026.01.14 14:33:48 INFO  Progress (1): 0/1.8 MB
2026.01.14 14:33:48 INFO  Progress (1): 0.1/1.8 MB
2026.01.14 14:33:48 INFO  Progress (1): 0.1/1.8 MB
2026.01.14 14:33:48 INFO  Progress (1): 0.1/1.8 MB
2026.01.14 14:33:48 INFO  Progress (1): 0.1/1.8 MB
2026.01.14 14:33:48 INFO  Progress (1): 0.1/1.8 MB
2026.01.14 14:33:48 INFO  Progress (1): 0.1/1.8 MB
2026.01.14 14:33:49 INFO  Progress (1): 0.1/1.8 MB
2026.01.14 14:33:49 INFO  Progress (1): 0.2/1.8 MB
2026.01.14 14:33:49 INFO  Progress (1): 0.2/1.8 MB
2026.01.14 14:33:49 INFO  Progress (1): 0.2/1.8 MB
2026.01.14 14:33:49 INFO  Progress (1): 0.2/1.8 MB
2026.01.14 14:33:49 INFO  Progress (1): 0.2/1.8 MB
2026.01.14 14:33:49 INFO  Progress (1): 0.2/1.8 MB
2026.01.14 14:33:49 INFO  Progress (1): 0.2/1.8 MB
2026.01.14 14:33:49 INFO  Progress (1): 0.3/1.8 MB
2026.01.14 14:33:49 INFO  Progress (1): 0.3/1.8 MB
2026.01.14 14:33:49 INFO  Progress (1): 0.3/1.8 MB
2026.01.14 14:33:49 INFO  Progress (1): 0.3/1.8 MB
2026.01.14 14:33:49 INFO  Progress (1): 0.3/1.8 MB
2026.01.14 14:33:49 INFO  Progress (1): 0.3/1.8 MB
2026.01.14 14:33:49 INFO  Progress (1): 0.4/1.8 MB
2026.01.14 14:33:49 INFO  Progress (1): 0.4/1.8 MB
2026.01.14 14:33:49 INFO  Progress (1): 0.4/1.8 MB
2026.01.14 14:33:49 INFO  Progress (1): 0.4/1.8 MB
2026.01.14 14:33:49 INFO  Progress (1): 0.4/1.8 MB
2026.01.14 14:33:49 INFO  Progress (1): 0.4/1.8 MB
2026.01.14 14:33:49 INFO  Progress (1): 0.5/1.8 MB
2026.01.14 14:33:49 INFO  Progress (1): 0.5/1.8 MB
2026.01.14 14:33:49 INFO  Progress (1): 0.5/1.8 MB
2026.01.14 14:33:49 INFO  Progress (1): 0.5/1.8 MB
2026.01.14 14:33:49 INFO  Progress (1): 0.5/1.8 MB
2026.01.14 14:33:49 INFO  Progress (1): 0.5/1.8 MB
2026.01.14 14:33:49 INFO  Progress (1): 0.6/1.8 MB
2026.01.14 14:33:49 INFO  Progress (1): 0.6/1.8 MB
2026.01.14 14:33:49 INFO  Progress (1): 0.6/1.8 MB
2026.01.14 14:33:49 INFO  Progress (1): 0.6/1.8 MB
2026.01.14 14:33:49 INFO  Progress (1): 0.6/1.8 MB
2026.01.14 14:33:49 INFO  Progress (1): 0.6/1.8 MB
2026.01.14 14:33:49 INFO  Progress (1): 0.7/1.8 MB
2026.01.14 14:33:49 INFO  Progress (1): 0.7/1.8 MB
2026.01.14 14:33:49 INFO  Progress (1): 0.7/1.8 MB
2026.01.14 14:33:49 INFO  Progress (1): 0.7/1.8 MB
2026.01.14 14:33:49 INFO  Progress (1): 0.7/1.8 MB
2026.01.14 14:33:49 INFO  Progress (1): 0.7/1.8 MB
2026.01.14 14:33:50 INFO  Progress (1): 0.8/1.8 MB
2026.01.14 14:33:50 INFO  Progress (1): 0.8/1.8 MB
2026.01.14 14:33:50 INFO  Progress (1): 0.8/1.8 MB
2026.01.14 14:33:50 INFO  Progress (1): 0.8/1.8 MB
2026.01.14 14:33:50 INFO  Progress (1): 0.8/1.8 MB
2026.01.14 14:33:50 INFO  Progress (1): 0.8/1.8 MB
2026.01.14 14:33:50 INFO  Progress (1): 0.9/1.8 MB
2026.01.14 14:33:50 INFO  Progress (1): 0.9/1.8 MB
2026.01.14 14:33:50 INFO  Progress (1): 0.9/1.8 MB
2026.01.14 14:33:50 INFO  Progress (1): 0.9/1.8 MB
2026.01.14 14:33:50 INFO  Progress (1): 0.9/1.8 MB
2026.01.14 14:33:50 INFO  Progress (1): 0.9/1.8 MB
2026.01.14 14:33:50 INFO  Progress (1): 1.0/1.8 MB
2026.01.14 14:33:50 INFO  Progress (1): 1.0/1.8 MB
2026.01.14 14:33:50 INFO  Progress (1): 1.0/1.8 MB
2026.01.14 14:33:50 INFO  Progress (1): 1.0/1.8 MB
2026.01.14 14:33:50 INFO  Progress (1): 1.0/1.8 MB
2026.01.14 14:33:50 INFO  Progress (1): 1.0/1.8 MB
2026.01.14 14:33:50 INFO  Progress (1): 1.1/1.8 MB
2026.01.14 14:33:50 INFO  Progress (1): 1.1/1.8 MB
2026.01.14 14:33:50 INFO  Progress (1): 1.1/1.8 MB
2026.01.14 14:33:50 INFO  Progress (1): 1.1/1.8 MB
2026.01.14 14:33:50 INFO  Progress (1): 1.1/1.8 MB
2026.01.14 14:33:50 INFO  Progress (1): 1.1/1.8 MB
2026.01.14 14:33:50 INFO  Progress (1): 1.2/1.8 MB
2026.01.14 14:33:50 INFO  Progress (1): 1.2/1.8 MB
2026.01.14 14:33:50 INFO  Progress (1): 1.2/1.8 MB
2026.01.14 14:33:50 INFO  Progress (1): 1.2/1.8 MB
2026.01.14 14:33:50 INFO  Progress (1): 1.2/1.8 MB
2026.01.14 14:33:50 INFO  Progress (1): 1.2/1.8 MB
2026.01.14 14:33:50 INFO  Progress (1): 1.2/1.8 MB
2026.01.14 14:33:50 INFO  Progress (1): 1.3/1.8 MB
2026.01.14 14:33:50 INFO  Progress (1): 1.3/1.8 MB
2026.01.14 14:33:50 INFO  Progress (1): 1.3/1.8 MB
2026.01.14 14:33:50 INFO  Progress (1): 1.3/1.8 MB
2026.01.14 14:33:50 INFO  Progress (1): 1.3/1.8 MB
2026.01.14 14:33:50 INFO  Progress (1): 1.3/1.8 MB
2026.01.14 14:33:50 INFO  Progress (1): 1.4/1.8 MB
2026.01.14 14:33:50 INFO  Progress (1): 1.4/1.8 MB
2026.01.14 14:33:50 INFO  Progress (1): 1.4/1.8 MB
2026.01.14 14:33:50 INFO  Progress (1): 1.4/1.8 MB
2026.01.14 14:33:50 INFO  Progress (1): 1.4/1.8 MB
2026.01.14 14:33:50 INFO  Progress (1): 1.4/1.8 MB
2026.01.14 14:33:50 INFO  Progress (1): 1.5/1.8 MB
2026.01.14 14:33:50 INFO  Progress (1): 1.5/1.8 MB
2026.01.14 14:33:50 INFO  Progress (1): 1.5/1.8 MB
2026.01.14 14:33:50 INFO  Progress (1): 1.5/1.8 MB
2026.01.14 14:33:50 INFO  Progress (1): 1.5/1.8 MB
2026.01.14 14:33:50 INFO  Progress (1): 1.5/1.8 MB
2026.01.14 14:33:50 INFO  Progress (1): 1.6/1.8 MB
2026.01.14 14:33:52 INFO  Progress (1): 1.6/1.8 MB
2026.01.14 14:33:52 INFO  Progress (1): 1.6/1.8 MB
2026.01.14 14:33:52 INFO  Progress (1): 1.6/1.8 MB
2026.01.14 14:33:52 INFO  Progress (1): 1.6/1.8 MB
2026.01.14 14:33:52 INFO  Progress (1): 1.6/1.8 MB
2026.01.14 14:33:52 INFO  Progress (1): 1.7/1.8 MB
2026.01.14 14:33:52 INFO  Progress (1): 1.7/1.8 MB
2026.01.14 14:33:52 INFO  Progress (1): 1.7/1.8 MB
2026.01.14 14:33:52 INFO  Progress (1): 1.7/1.8 MB
2026.01.14 14:33:52 INFO  Progress (1): 1.7/1.8 MB
2026.01.14 14:33:52 INFO  Progress (1): 1.7/1.8 MB
2026.01.14 14:33:52 INFO  Progress (1): 1.8/1.8 MB
2026.01.14 14:33:52 INFO  Progress (1): 1.8/1.8 MB
2026.01.14 14:33:52 INFO  Progress (1): 1.8 MB    
2026.01.14 14:33:52 INFO                      
2026.01.14 14:33:52 INFO  Downloaded from central: https://repo.maven.apache.org/maven2/com/mysql/mysql-connector-j/9.5.0/mysql-connector-j-9.5.0-sources.jar (1.8 MB at 467 kB/s)
2026.01.14 14:33:52 INFO  [INFO] SUCCESS: com.mysql:mysql-connector-j:jar:9.5.0:compile (sources = true)
2026.01.14 14:33:52 INFO  [INFO] Resolving artifact: tools.jackson.core:jackson-databind:jar:3.0.3:compile (sources = false)
2026.01.14 14:33:52 INFO  [INFO] SUCCESS: tools.jackson.core:jackson-databind:jar:3.0.3:compile (sources = false)
2026.01.14 14:33:52 INFO  [INFO] Resolving artifact: tools.jackson.core:jackson-databind:jar:3.0.3:compile (sources = true)
2026.01.14 14:33:52 INFO  [INFO] SUCCESS: tools.jackson.core:jackson-databind:jar:3.0.3:compile (sources = true)
2026.01.14 14:33:52 INFO  [INFO] Resolving artifact: org.hibernate.models:hibernate-models:jar:1.0.1:runtime (sources = false)
2026.01.14 14:33:52 INFO  [INFO] SUCCESS: org.hibernate.models:hibernate-models:jar:1.0.1:runtime (sources = false)
2026.01.14 14:33:52 INFO  [INFO] Resolving artifact: org.hibernate.models:hibernate-models:jar:1.0.1:runtime (sources = true)
2026.01.14 14:33:52 INFO  [INFO] SUCCESS: org.hibernate.models:hibernate-models:jar:1.0.1:runtime (sources = true)
2026.01.14 14:33:52 INFO  [INFO] Resolving artifact: org.springframework.boot:spring-boot-jackson:jar:4.0.1:compile (sources = false)
2026.01.14 14:33:52 INFO  [INFO] SUCCESS: org.springframework.boot:spring-boot-jackson:jar:4.0.1:compile (sources = false)
2026.01.14 14:33:52 INFO  [INFO] Resolving artifact: org.springframework.boot:spring-boot-jackson:jar:4.0.1:compile (sources = true)
2026.01.14 14:33:52 INFO  [INFO] SUCCESS: org.springframework.boot:spring-boot-jackson:jar:4.0.1:compile (sources = true)
2026.01.14 14:33:52 INFO  [INFO] Resolving artifact: io.micrometer:micrometer-observation:jar:1.16.1:compile (sources = false)
2026.01.14 14:33:52 INFO  [INFO] SUCCESS: io.micrometer:micrometer-observation:jar:1.16.1:compile (sources = false)
2026.01.14 14:33:52 INFO  [INFO] Resolving artifact: io.micrometer:micrometer-observation:jar:1.16.1:compile (sources = true)
2026.01.14 14:33:52 INFO  [INFO] SUCCESS: io.micrometer:micrometer-observation:jar:1.16.1:compile (sources = true)
2026.01.14 14:33:52 INFO  [INFO] Resolving artifact: com.fasterxml.jackson.core:jackson-databind:jar:2.20.1:runtime (sources = false)
2026.01.14 14:33:52 INFO  [INFO] SUCCESS: com.fasterxml.jackson.core:jackson-databind:jar:2.20.1:runtime (sources = false)
2026.01.14 14:33:52 INFO  [INFO] Resolving artifact: com.fasterxml.jackson.core:jackson-databind:jar:2.20.1:runtime (sources = true)
2026.01.14 14:33:52 INFO  [INFO] SUCCESS: com.fasterxml.jackson.core:jackson-databind:jar:2.20.1:runtime (sources = true)
2026.01.14 14:33:52 INFO  [INFO] Resolving artifact: org.springframework.data:spring-data-jpa:jar:4.0.1:compile (sources = false)
2026.01.14 14:33:52 INFO  [INFO] SUCCESS: org.springframework.data:spring-data-jpa:jar:4.0.1:compile (sources = false)
2026.01.14 14:33:52 INFO  [INFO] Resolving artifact: org.springframework.data:spring-data-jpa:jar:4.0.1:compile (sources = true)
2026.01.14 14:33:52 INFO  [INFO] SUCCESS: org.springframework.data:spring-data-jpa:jar:4.0.1:compile (sources = true)
2026.01.14 14:33:52 INFO  [INFO] Resolving artifact: org.springframework.security:spring-security-config:jar:7.0.2:compile (sources = false)
2026.01.14 14:33:52 INFO  [INFO] SUCCESS: org.springframework.security:spring-security-config:jar:7.0.2:compile (sources = false)
2026.01.14 14:33:52 INFO  [INFO] Resolving artifact: org.springframework.security:spring-security-config:jar:7.0.2:compile (sources = true)
2026.01.14 14:33:52 INFO  Downloading from central: https://repo.maven.apache.org/maven2/org/springframework/security/spring-security-config/7.0.2/spring-security-config-7.0.2-sources.jar
2026.01.14 14:33:52 INFO  Progress (1): 0/1.5 MB
2026.01.14 14:33:52 INFO  Progress (1): 0/1.5 MB
2026.01.14 14:33:52 INFO  Progress (1): 0/1.5 MB
2026.01.14 14:33:52 INFO  Progress (1): 0/1.5 MB
2026.01.14 14:33:52 INFO  Progress (1): 0.1/1.5 MB
2026.01.14 14:33:52 INFO  Progress (1): 0.1/1.5 MB
2026.01.14 14:33:52 INFO  Progress (1): 0.1/1.5 MB
2026.01.14 14:33:52 INFO  Progress (1): 0.1/1.5 MB
2026.01.14 14:33:52 INFO  Progress (1): 0.1/1.5 MB
2026.01.14 14:33:52 INFO  Progress (1): 0.1/1.5 MB
2026.01.14 14:33:53 INFO  Progress (1): 0.1/1.5 MB
2026.01.14 14:33:53 INFO  Progress (1): 0.1/1.5 MB
2026.01.14 14:33:53 INFO  Progress (1): 0.2/1.5 MB
2026.01.14 14:33:53 INFO  Progress (1): 0.2/1.5 MB
2026.01.14 14:33:53 INFO  Progress (1): 0.2/1.5 MB
2026.01.14 14:33:53 INFO  Progress (1): 0.2/1.5 MB
2026.01.14 14:33:53 INFO  Progress (1): 0.2/1.5 MB
2026.01.14 14:33:53 INFO  Progress (1): 0.2/1.5 MB
2026.01.14 14:33:53 INFO  Progress (1): 0.3/1.5 MB
2026.01.14 14:33:53 INFO  Progress (1): 0.3/1.5 MB
2026.01.14 14:33:53 INFO  Progress (1): 0.3/1.5 MB
2026.01.14 14:33:53 INFO  Progress (1): 0.3/1.5 MB
2026.01.14 14:33:53 INFO  Progress (1): 0.3/1.5 MB
2026.01.14 14:33:53 INFO  Progress (1): 0.3/1.5 MB
2026.01.14 14:33:53 INFO  Progress (1): 0.3/1.5 MB
2026.01.14 14:33:53 INFO  Progress (1): 0.4/1.5 MB
2026.01.14 14:33:53 INFO  Progress (1): 0.4/1.5 MB
2026.01.14 14:33:53 INFO  Progress (1): 0.4/1.5 MB
2026.01.14 14:33:53 INFO  Progress (1): 0.4/1.5 MB
2026.01.14 14:33:53 INFO  Progress (1): 0.4/1.5 MB
2026.01.14 14:33:53 INFO  Progress (1): 0.4/1.5 MB
2026.01.14 14:33:53 INFO  Progress (1): 0.4/1.5 MB
2026.01.14 14:33:53 INFO  Progress (1): 0.5/1.5 MB
2026.01.14 14:33:53 INFO  Progress (1): 0.5/1.5 MB
2026.01.14 14:33:53 INFO  Progress (1): 0.5/1.5 MB
2026.01.14 14:33:53 INFO  Progress (1): 0.5/1.5 MB
2026.01.14 14:33:53 INFO  Progress (1): 0.5/1.5 MB
2026.01.14 14:33:53 INFO  Progress (1): 0.5/1.5 MB
2026.01.14 14:33:53 INFO  Progress (1): 0.6/1.5 MB
2026.01.14 14:33:53 INFO  Progress (1): 0.6/1.5 MB
2026.01.14 14:33:53 INFO  Progress (1): 0.6/1.5 MB
2026.01.14 14:33:53 INFO  Progress (1): 0.6/1.5 MB
2026.01.14 14:33:53 INFO  Progress (1): 0.6/1.5 MB
2026.01.14 14:33:53 INFO  Progress (1): 0.6/1.5 MB
2026.01.14 14:33:53 INFO  Progress (1): 0.7/1.5 MB
2026.01.14 14:33:53 INFO  Progress (1): 0.7/1.5 MB
2026.01.14 14:33:53 INFO  Progress (1): 0.7/1.5 MB
2026.01.14 14:33:53 INFO  Progress (1): 0.7/1.5 MB
2026.01.14 14:33:53 INFO  Progress (1): 0.7/1.5 MB
2026.01.14 14:33:54 INFO  Progress (1): 0.7/1.5 MB
2026.01.14 14:33:54 INFO  Progress (1): 0.8/1.5 MB
2026.01.14 14:33:54 INFO  Progress (1): 0.8/1.5 MB
2026.01.14 14:33:54 INFO  Progress (1): 0.8/1.5 MB
2026.01.14 14:33:54 INFO  Progress (1): 0.8/1.5 MB
2026.01.14 14:33:54 INFO  Progress (1): 0.8/1.5 MB
2026.01.14 14:33:54 INFO  Progress (1): 0.8/1.5 MB
2026.01.14 14:33:54 INFO  Progress (1): 0.9/1.5 MB
2026.01.14 14:33:54 INFO  Progress (1): 0.9/1.5 MB
2026.01.14 14:33:54 INFO  Progress (1): 0.9/1.5 MB
2026.01.14 14:33:54 INFO  Progress (1): 0.9/1.5 MB
2026.01.14 14:33:54 INFO  Progress (1): 0.9/1.5 MB
2026.01.14 14:33:54 INFO  Progress (1): 0.9/1.5 MB
2026.01.14 14:33:54 INFO  Progress (1): 1.0/1.5 MB
2026.01.14 14:33:54 INFO  Progress (1): 1.0/1.5 MB
2026.01.14 14:33:54 INFO  Progress (1): 1.0/1.5 MB
2026.01.14 14:33:54 INFO  Progress (1): 1.0/1.5 MB
2026.01.14 14:33:54 INFO  Progress (1): 1.0/1.5 MB
2026.01.14 14:33:54 INFO  Progress (1): 1.0/1.5 MB
2026.01.14 14:33:54 INFO  Progress (1): 1.0/1.5 MB
2026.01.14 14:33:54 INFO  Progress (1): 1.1/1.5 MB
2026.01.14 14:33:54 INFO  Progress (1): 1.1/1.5 MB
2026.01.14 14:33:54 INFO  Progress (1): 1.1/1.5 MB
2026.01.14 14:33:54 INFO  Progress (1): 1.1/1.5 MB
2026.01.14 14:33:54 INFO  Progress (1): 1.1/1.5 MB
2026.01.14 14:33:54 INFO  Progress (1): 1.1/1.5 MB
2026.01.14 14:33:54 INFO  Progress (1): 1.2/1.5 MB
2026.01.14 14:33:54 INFO  Progress (1): 1.2/1.5 MB
2026.01.14 14:33:54 INFO  Progress (1): 1.2/1.5 MB
2026.01.14 14:33:54 INFO  Progress (1): 1.2/1.5 MB
2026.01.14 14:33:54 INFO  Progress (1): 1.2/1.5 MB
2026.01.14 14:33:54 INFO  Progress (1): 1.2/1.5 MB
2026.01.14 14:33:54 INFO  Progress (1): 1.3/1.5 MB
2026.01.14 14:33:54 INFO  Progress (1): 1.3/1.5 MB
2026.01.14 14:33:54 INFO  Progress (1): 1.3/1.5 MB
2026.01.14 14:33:54 INFO  Progress (1): 1.3/1.5 MB
2026.01.14 14:33:55 INFO  Progress (1): 1.3/1.5 MB
2026.01.14 14:33:55 INFO  Progress (1): 1.3/1.5 MB
2026.01.14 14:33:55 INFO  Progress (1): 1.4/1.5 MB
2026.01.14 14:33:55 INFO  Progress (1): 1.4/1.5 MB
2026.01.14 14:33:55 INFO  Progress (1): 1.4/1.5 MB
2026.01.14 14:33:55 INFO  Progress (1): 1.4/1.5 MB
2026.01.14 14:33:55 INFO  Progress (1): 1.4/1.5 MB
2026.01.14 14:33:55 INFO  Progress (1): 1.4/1.5 MB
2026.01.14 14:33:55 INFO  Progress (1): 1.5/1.5 MB
2026.01.14 14:33:55 INFO  Progress (1): 1.5/1.5 MB
2026.01.14 14:33:55 INFO  Progress (1): 1.5/1.5 MB
2026.01.14 14:33:55 INFO  Progress (1): 1.5/1.5 MB
2026.01.14 14:33:55 INFO  Progress (1): 1.5/1.5 MB
2026.01.14 14:33:55 INFO  Progress (1): 1.5 MB    
2026.01.14 14:33:55 INFO                      
2026.01.14 14:33:55 INFO  Downloaded from central: https://repo.maven.apache.org/maven2/org/springframework/security/spring-security-config/7.0.2/spring-security-config-7.0.2-sources.jar (1.5 MB at 447 kB/s)
2026.01.14 14:33:55 INFO  [INFO] SUCCESS: org.springframework.security:spring-security-config:jar:7.0.2:compile (sources = true)
2026.01.14 14:33:55 INFO  [INFO] Resolving artifact: org.springframework.security:spring-security-core:jar:7.0.2:compile (sources = false)
2026.01.14 14:33:55 INFO  [INFO] SUCCESS: org.springframework.security:spring-security-core:jar:7.0.2:compile (sources = false)
2026.01.14 14:33:55 INFO  [INFO] Resolving artifact: org.springframework.security:spring-security-core:jar:7.0.2:compile (sources = true)
2026.01.14 14:33:55 INFO  Downloading from central: https://repo.maven.apache.org/maven2/org/springframework/security/spring-security-core/7.0.2/spring-security-core-7.0.2-sources.jar
2026.01.14 14:33:55 INFO  Progress (1): 16/551 kB
2026.01.14 14:33:55 INFO  Progress (1): 20/551 kB
2026.01.14 14:33:55 INFO  Progress (1): 37/551 kB
2026.01.14 14:33:55 INFO  Progress (1): 45/551 kB
2026.01.14 14:33:55 INFO  Progress (1): 61/551 kB
2026.01.14 14:33:55 INFO  Progress (1): 70/551 kB
2026.01.14 14:33:55 INFO  Progress (1): 86/551 kB
2026.01.14 14:33:55 INFO  Progress (1): 94/551 kB
2026.01.14 14:33:55 INFO  Progress (1): 111/551 kB
2026.01.14 14:33:55 INFO  Progress (1): 127/551 kB
2026.01.14 14:33:55 INFO  Progress (1): 143/551 kB
2026.01.14 14:33:55 INFO  Progress (1): 160/551 kB
2026.01.14 14:33:55 INFO  Progress (1): 176/551 kB
2026.01.14 14:33:55 INFO  Progress (1): 184/551 kB
2026.01.14 14:33:55 INFO  Progress (1): 201/551 kB
2026.01.14 14:33:55 INFO  Progress (1): 213/551 kB
2026.01.14 14:33:55 INFO  Progress (1): 217/551 kB
2026.01.14 14:33:55 INFO  Progress (1): 233/551 kB
2026.01.14 14:33:55 INFO  Progress (1): 250/551 kB
2026.01.14 14:33:55 INFO  Progress (1): 266/551 kB
2026.01.14 14:33:55 INFO  Progress (1): 283/551 kB
2026.01.14 14:33:56 INFO  Progress (1): 299/551 kB
2026.01.14 14:33:56 INFO  Progress (1): 315/551 kB
2026.01.14 14:33:56 INFO  Progress (1): 332/551 kB
2026.01.14 14:33:56 INFO  Progress (1): 344/551 kB
2026.01.14 14:33:56 INFO  Progress (1): 348/551 kB
2026.01.14 14:33:56 INFO  Progress (1): 365/551 kB
2026.01.14 14:33:56 INFO  Progress (1): 381/551 kB
2026.01.14 14:33:56 INFO  Progress (1): 397/551 kB
2026.01.14 14:33:56 INFO  Progress (1): 414/551 kB
2026.01.14 14:33:56 INFO  Progress (1): 430/551 kB
2026.01.14 14:33:56 INFO  Progress (1): 446/551 kB
2026.01.14 14:33:56 INFO  Progress (1): 463/551 kB
2026.01.14 14:33:56 INFO  Progress (1): 475/551 kB
2026.01.14 14:33:56 INFO  Progress (1): 479/551 kB
2026.01.14 14:33:56 INFO  Progress (1): 496/551 kB
2026.01.14 14:33:56 INFO  Progress (1): 512/551 kB
2026.01.14 14:33:56 INFO  Progress (1): 528/551 kB
2026.01.14 14:33:56 INFO  Progress (1): 545/551 kB
2026.01.14 14:33:56 INFO  Progress (1): 551 kB    
2026.01.14 14:33:56 INFO                      
2026.01.14 14:33:56 INFO  Downloaded from central: https://repo.maven.apache.org/maven2/org/springframework/security/spring-security-core/7.0.2/spring-security-core-7.0.2-sources.jar (551 kB at 499 kB/s)
2026.01.14 14:33:56 INFO  [INFO] SUCCESS: org.springframework.security:spring-security-core:jar:7.0.2:compile (sources = true)
2026.01.14 14:33:56 INFO  [INFO] Resolving artifact: org.hibernate.validator:hibernate-validator:jar:9.0.1.Final:compile (sources = false)
2026.01.14 14:33:56 INFO  [INFO] SUCCESS: org.hibernate.validator:hibernate-validator:jar:9.0.1.Final:compile (sources = false)
2026.01.14 14:33:56 INFO  [INFO] Resolving artifact: org.hibernate.validator:hibernate-validator:jar:9.0.1.Final:compile (sources = true)
2026.01.14 14:33:56 INFO  [INFO] SUCCESS: org.hibernate.validator:hibernate-validator:jar:9.0.1.Final:compile (sources = true)
2026.01.14 14:33:56 INFO  [INFO] Resolving artifact: org.springframework:spring-context:jar:7.0.2:compile (sources = false)
2026.01.14 14:33:56 INFO  [INFO] SUCCESS: org.springframework:spring-context:jar:7.0.2:compile (sources = false)
2026.01.14 14:33:56 INFO  [INFO] Resolving artifact: org.springframework:spring-context:jar:7.0.2:compile (sources = true)
2026.01.14 14:33:56 INFO  [INFO] SUCCESS: org.springframework:spring-context:jar:7.0.2:compile (sources = true)
2026.01.14 14:33:56 INFO  [INFO] Resolving artifact: org.springframework.boot:spring-boot-webmvc:jar:4.0.1:compile (sources = false)
2026.01.14 14:33:56 INFO  [INFO] SUCCESS: org.springframework.boot:spring-boot-webmvc:jar:4.0.1:compile (sources = false)
2026.01.14 14:33:56 INFO  [INFO] Resolving artifact: org.springframework.boot:spring-boot-webmvc:jar:4.0.1:compile (sources = true)
2026.01.14 14:33:56 INFO  [INFO] SUCCESS: org.springframework.boot:spring-boot-webmvc:jar:4.0.1:compile (sources = true)
2026.01.14 14:33:56 INFO  [INFO] Resolving artifact: org.glassfish.jaxb:jaxb-core:jar:4.0.6:runtime (sources = false)
2026.01.14 14:33:56 INFO  [INFO] SUCCESS: org.glassfish.jaxb:jaxb-core:jar:4.0.6:runtime (sources = false)
2026.01.14 14:33:56 INFO  [INFO] Resolving artifact: org.glassfish.jaxb:jaxb-core:jar:4.0.6:runtime (sources = true)
2026.01.14 14:33:56 INFO  [INFO] SUCCESS: org.glassfish.jaxb:jaxb-core:jar:4.0.6:runtime (sources = true)
2026.01.14 14:33:56 INFO  [INFO] Resolving artifact: org.projectlombok:lombok:jar:1.18.42:compile (sources = false)
2026.01.14 14:33:56 INFO  [INFO] SUCCESS: org.projectlombok:lombok:jar:1.18.42:compile (sources = false)
2026.01.14 14:33:56 INFO  [INFO] Resolving artifact: org.projectlombok:lombok:jar:1.18.42:compile (sources = true)
2026.01.14 14:33:56 INFO  Downloading from central: https://repo.maven.apache.org/maven2/org/projectlombok/lombok/1.18.42/lombok-1.18.42-sources.jar
2026.01.14 14:33:56 INFO  Progress (1): 0/1.0 MB
2026.01.14 14:33:56 INFO  Progress (1): 0/1.0 MB
2026.01.14 14:33:56 INFO  Progress (1): 0/1.0 MB
2026.01.14 14:33:56 INFO  Progress (1): 0/1.0 MB
2026.01.14 14:33:56 INFO  Progress (1): 0.1/1.0 MB
2026.01.14 14:33:56 INFO  Progress (1): 0.1/1.0 MB
2026.01.14 14:33:56 INFO  Progress (1): 0.1/1.0 MB
2026.01.14 14:33:56 INFO  Progress (1): 0.1/1.0 MB
2026.01.14 14:33:56 INFO  Progress (1): 0.1/1.0 MB
2026.01.14 14:33:56 INFO  Progress (1): 0.1/1.0 MB
2026.01.14 14:33:56 INFO  Progress (1): 0.2/1.0 MB
2026.01.14 14:33:56 INFO  Progress (1): 0.2/1.0 MB
2026.01.14 14:33:56 INFO  Progress (1): 0.2/1.0 MB
2026.01.14 14:33:56 INFO  Progress (1): 0.2/1.0 MB
2026.01.14 14:33:56 INFO  Progress (1): 0.2/1.0 MB
2026.01.14 14:33:56 INFO  Progress (1): 0.2/1.0 MB
2026.01.14 14:33:56 INFO  Progress (1): 0.3/1.0 MB
2026.01.14 14:33:56 INFO  Progress (1): 0.3/1.0 MB
2026.01.14 14:33:57 INFO  Progress (1): 0.3/1.0 MB
2026.01.14 14:33:57 INFO  Progress (1): 0.3/1.0 MB
2026.01.14 14:33:57 INFO  Progress (1): 0.3/1.0 MB
2026.01.14 14:33:57 INFO  Progress (1): 0.3/1.0 MB
2026.01.14 14:33:57 INFO  Progress (1): 0.4/1.0 MB
2026.01.14 14:33:57 INFO  Progress (1): 0.4/1.0 MB
2026.01.14 14:33:57 INFO  Progress (1): 0.4/1.0 MB
2026.01.14 14:33:57 INFO  Progress (1): 0.4/1.0 MB
2026.01.14 14:33:57 INFO  Progress (1): 0.4/1.0 MB
2026.01.14 14:33:57 INFO  Progress (1): 0.4/1.0 MB
2026.01.14 14:33:57 INFO  Progress (1): 0.5/1.0 MB
2026.01.14 14:33:57 INFO  Progress (1): 0.5/1.0 MB
2026.01.14 14:33:57 INFO  Progress (1): 0.5/1.0 MB
2026.01.14 14:33:57 INFO  Progress (1): 0.5/1.0 MB
2026.01.14 14:33:57 INFO  Progress (1): 0.5/1.0 MB
2026.01.14 14:33:57 INFO  Progress (1): 0.5/1.0 MB
2026.01.14 14:33:57 INFO  Progress (1): 0.5/1.0 MB
2026.01.14 14:33:57 INFO  Progress (1): 0.6/1.0 MB
2026.01.14 14:33:57 INFO  Progress (1): 0.6/1.0 MB
2026.01.14 14:33:57 INFO  Progress (1): 0.6/1.0 MB
2026.01.14 14:33:57 INFO  Progress (1): 0.6/1.0 MB
2026.01.14 14:33:57 INFO  Progress (1): 0.6/1.0 MB
2026.01.14 14:33:57 INFO  Progress (1): 0.6/1.0 MB
2026.01.14 14:33:57 INFO  Progress (1): 0.7/1.0 MB
2026.01.14 14:33:57 INFO  Progress (1): 0.7/1.0 MB
2026.01.14 14:33:57 INFO  Progress (1): 0.7/1.0 MB
2026.01.14 14:33:57 INFO  Progress (1): 0.7/1.0 MB
2026.01.14 14:33:57 INFO  Progress (1): 0.7/1.0 MB
2026.01.14 14:33:57 INFO  Progress (1): 0.7/1.0 MB
2026.01.14 14:33:57 INFO  Progress (1): 0.8/1.0 MB
2026.01.14 14:33:57 INFO  Progress (1): 0.8/1.0 MB
2026.01.14 14:33:57 INFO  Progress (1): 0.8/1.0 MB
2026.01.14 14:33:57 INFO  Progress (1): 0.8/1.0 MB
2026.01.14 14:33:57 INFO  Progress (1): 0.8/1.0 MB
2026.01.14 14:33:57 INFO  Progress (1): 0.8/1.0 MB
2026.01.14 14:33:57 INFO  Progress (1): 0.9/1.0 MB
2026.01.14 14:33:57 INFO  Progress (1): 0.9/1.0 MB
2026.01.14 14:33:58 INFO  Progress (1): 0.9/1.0 MB
2026.01.14 14:33:58 INFO  Progress (1): 0.9/1.0 MB
2026.01.14 14:33:58 INFO  Progress (1): 0.9/1.0 MB
2026.01.14 14:33:58 INFO  Progress (1): 0.9/1.0 MB
2026.01.14 14:33:58 INFO  Progress (1): 1.0/1.0 MB
2026.01.14 14:33:58 INFO  Progress (1): 1.0/1.0 MB
2026.01.14 14:33:58 INFO  Progress (1): 1.0/1.0 MB
2026.01.14 14:33:58 INFO  Progress (1): 1.0/1.0 MB
2026.01.14 14:33:58 INFO  Progress (1): 1.0/1.0 MB
2026.01.14 14:33:58 INFO  Progress (1): 1.0 MB    
2026.01.14 14:33:58 INFO                      
2026.01.14 14:33:58 INFO  Downloaded from central: https://repo.maven.apache.org/maven2/org/projectlombok/lombok/1.18.42/lombok-1.18.42-sources.jar (1.0 MB at 589 kB/s)
2026.01.14 14:33:58 INFO  [INFO] SUCCESS: org.projectlombok:lombok:jar:1.18.42:compile (sources = true)
2026.01.14 14:33:58 INFO  [INFO] Resolving artifact: org.springframework.boot:spring-boot-starter:jar:4.0.1:compile (sources = false)
2026.01.14 14:33:58 INFO  [INFO] SUCCESS: org.springframework.boot:spring-boot-starter:jar:4.0.1:compile (sources = false)
2026.01.14 14:33:58 INFO  [INFO] Resolving artifact: org.springframework.boot:spring-boot-starter:jar:4.0.1:compile (sources = true)
2026.01.14 14:33:58 INFO  [INFO] SUCCESS: org.springframework.boot:spring-boot-starter:jar:4.0.1:compile (sources = true)
2026.01.14 14:33:58 INFO  [INFO] Resolving artifact: org.springframework.boot:spring-boot-devtools:jar:4.0.1:runtime (sources = false)
2026.01.14 14:33:58 INFO  [INFO] SUCCESS: org.springframework.boot:spring-boot-devtools:jar:4.0.1:runtime (sources = false)
2026.01.14 14:33:58 INFO  [INFO] Resolving artifact: org.springframework.boot:spring-boot-devtools:jar:4.0.1:runtime (sources = true)
2026.01.14 14:33:58 INFO  Downloading from central: https://repo.maven.apache.org/maven2/org/springframework/boot/spring-boot-devtools/4.0.1/spring-boot-devtools-4.0.1-sources.jar
2026.01.14 14:33:58 INFO  Progress (1): 7.7/142 kB
2026.01.14 14:33:58 INFO  Progress (1): 16/142 kB 
2026.01.14 14:33:58 INFO  Progress (1): 32/142 kB
2026.01.14 14:33:58 INFO  Progress (1): 49/142 kB
2026.01.14 14:33:58 INFO  Progress (1): 65/142 kB
2026.01.14 14:33:58 INFO  Progress (1): 81/142 kB
2026.01.14 14:33:58 INFO  Progress (1): 98/142 kB
2026.01.14 14:33:58 INFO  Progress (1): 114/142 kB
2026.01.14 14:33:58 INFO  Progress (1): 131/142 kB
2026.01.14 14:33:58 INFO  Progress (1): 142 kB    
2026.01.14 14:33:58 INFO                      
2026.01.14 14:33:58 INFO  Downloaded from central: https://repo.maven.apache.org/maven2/org/springframework/boot/spring-boot-devtools/4.0.1/spring-boot-devtools-4.0.1-sources.jar (142 kB at 517 kB/s)
2026.01.14 14:33:58 INFO  [INFO] SUCCESS: org.springframework.boot:spring-boot-devtools:jar:4.0.1:runtime (sources = true)
2026.01.14 14:33:58 INFO  [INFO] Resolving artifact: org.springframework.security:spring-security-crypto:jar:7.0.2:compile (sources = false)
2026.01.14 14:33:58 INFO  [INFO] SUCCESS: org.springframework.security:spring-security-crypto:jar:7.0.2:compile (sources = false)
2026.01.14 14:33:58 INFO  [INFO] Resolving artifact: org.springframework.security:spring-security-crypto:jar:7.0.2:compile (sources = true)
2026.01.14 14:33:58 INFO  Downloading from central: https://repo.maven.apache.org/maven2/org/springframework/security/spring-security-crypto/7.0.2/spring-security-crypto-7.0.2-sources.jar
2026.01.14 14:33:58 INFO  Progress (1): 7.7/102 kB
2026.01.14 14:33:58 INFO  Progress (1): 8.2/102 kB
2026.01.14 14:33:58 INFO  Progress (1): 25/102 kB 
2026.01.14 14:33:58 INFO  Progress (1): 41/102 kB
2026.01.14 14:33:58 INFO  Progress (1): 57/102 kB
2026.01.14 14:33:58 INFO  Progress (1): 74/102 kB
2026.01.14 14:33:58 INFO  Progress (1): 90/102 kB
2026.01.14 14:33:58 INFO  Progress (1): 102 kB   
2026.01.14 14:33:58 INFO                      
2026.01.14 14:33:58 INFO  Downloaded from central: https://repo.maven.apache.org/maven2/org/springframework/security/spring-security-crypto/7.0.2/spring-security-crypto-7.0.2-sources.jar (102 kB at 500 kB/s)
2026.01.14 14:33:58 INFO  [INFO] SUCCESS: org.springframework.security:spring-security-crypto:jar:7.0.2:compile (sources = true)
2026.01.14 14:33:58 INFO  [INFO] Resolving artifact: org.springframework.boot:spring-boot-micrometer-observation:jar:4.0.1:compile (sources = false)
2026.01.14 14:33:58 INFO  [INFO] SUCCESS: org.springframework.boot:spring-boot-micrometer-observation:jar:4.0.1:compile (sources = false)
2026.01.14 14:33:58 INFO  [INFO] Resolving artifact: org.springframework.boot:spring-boot-micrometer-observation:jar:4.0.1:compile (sources = true)
2026.01.14 14:33:58 INFO  Downloading from central: https://repo.maven.apache.org/maven2/org/springframework/boot/spring-boot-micrometer-observation/4.0.1/spring-boot-micrometer-observation-4.0.1-sources.jar
2026.01.14 14:33:59 WARN  no build target for: C:\Users\EbrimaMbye\Desktop\A_Teaching\lima-final-programming-II\unibank_api\src\main\java\com\unibank\api\UnibankApiApplication.java
2026.01.14 14:33:58 INFO  Progress (1): 7.7/20 kB
2026.01.14 14:33:58 INFO  Progress (1): 16/20 kB 
2026.01.14 14:33:58 INFO  Progress (1): 20 kB   
2026.01.14 14:33:58 INFO                     
2026.01.14 14:33:58 INFO  Downloaded from central: https://repo.maven.apache.org/maven2/org/springframework/boot/spring-boot-micrometer-observation/4.0.1/spring-boot-micrometer-observation-4.0.1-sources.jar (20 kB at 171 kB/s)
2026.01.14 14:33:58 INFO  [INFO] SUCCESS: org.springframework.boot:spring-boot-micrometer-observation:jar:4.0.1:compile (sources = true)
2026.01.14 14:33:58 INFO  [INFO] Resolving artifact: org.hibernate.orm:hibernate-core:jar:7.2.0.Final:compile (sources = false)
2026.01.14 14:33:58 INFO  [INFO] SUCCESS: org.hibernate.orm:hibernate-core:jar:7.2.0.Final:compile (sources = false)
2026.01.14 14:33:58 INFO  [INFO] Resolving artifact: org.hibernate.orm:hibernate-core:jar:7.2.0.Final:compile (sources = true)
2026.01.14 14:33:58 INFO  [INFO] SUCCESS: org.hibernate.orm:hibernate-core:jar:7.2.0.Final:compile (sources = true)
2026.01.14 14:33:58 INFO  [INFO] Resolving artifact: jakarta.annotation:jakarta.annotation-api:jar:3.0.0:compile (sources = false)
2026.01.14 14:33:58 INFO  [INFO] SUCCESS: jakarta.annotation:jakarta.annotation-api:jar:3.0.0:compile (sources = false)
2026.01.14 14:33:58 INFO  [INFO] Resolving artifact: jakarta.annotation:jakarta.annotation-api:jar:3.0.0:compile (sources = true)
2026.01.14 14:33:58 INFO  [INFO] SUCCESS: jakarta.annotation:jakarta.annotation-api:jar:3.0.0:compile (sources = true)
2026.01.14 14:33:58 INFO  [INFO] Resolving artifact: org.glassfish.jaxb:txw2:jar:4.0.6:runtime (sources = false)
2026.01.14 14:33:58 INFO  [INFO] SUCCESS: org.glassfish.jaxb:txw2:jar:4.0.6:runtime (sources = false)
2026.01.14 14:33:58 INFO  [INFO] Resolving artifact: org.glassfish.jaxb:txw2:jar:4.0.6:runtime (sources = true)
2026.01.14 14:33:58 INFO  [INFO] SUCCESS: org.glassfish.jaxb:txw2:jar:4.0.6:runtime (sources = true)
2026.01.14 14:33:58 INFO  [INFO] Resolving artifact: org.springframework:spring-aspects:jar:7.0.2:compile (sources = false)
2026.01.14 14:33:58 INFO  [INFO] SUCCESS: org.springframework:spring-aspects:jar:7.0.2:compile (sources = false)
2026.01.14 14:33:58 INFO  [INFO] Resolving artifact: org.springframework:spring-aspects:jar:7.0.2:compile (sources = true)
2026.01.14 14:33:58 INFO  [INFO] SUCCESS: org.springframework:spring-aspects:jar:7.0.2:compile (sources = true)
2026.01.14 14:33:58 INFO  [INFO] Resolving artifact: tools.jackson.core:jackson-core:jar:3.0.3:compile (sources = false)
2026.01.14 14:33:58 INFO  [INFO] SUCCESS: tools.jackson.core:jackson-core:jar:3.0.3:compile (sources = false)
2026.01.14 14:33:58 INFO  [INFO] Resolving artifact: tools.jackson.core:jackson-core:jar:3.0.3:compile (sources = true)
2026.01.14 14:33:58 INFO  [INFO] SUCCESS: tools.jackson.core:jackson-core:jar:3.0.3:compile (sources = true)
2026.01.14 14:33:58 INFO  [INFO] Resolving artifact: org.springframework.boot:spring-boot-tomcat:jar:4.0.1:compile (sources = false)
2026.01.14 14:33:58 INFO  [INFO] SUCCESS: org.springframework.boot:spring-boot-tomcat:jar:4.0.1:compile (sources = false)
2026.01.14 14:33:58 INFO  [INFO] Resolving artifact: org.springframework.boot:spring-boot-tomcat:jar:4.0.1:compile (sources = true)
2026.01.14 14:33:58 INFO  [INFO] SUCCESS: org.springframework.boot:spring-boot-tomcat:jar:4.0.1:compile (sources = true)
2026.01.14 14:33:58 INFO  [INFO] Resolving artifact: org.springframework:spring-core:jar:7.0.2:compile (sources = false)
2026.01.14 14:33:58 INFO  [INFO] SUCCESS: org.springframework:spring-core:jar:7.0.2:compile (sources = false)
2026.01.14 14:33:58 INFO  [INFO] Resolving artifact: org.springframework:spring-core:jar:7.0.2:compile (sources = true)
2026.01.14 14:33:58 INFO  [INFO] SUCCESS: org.springframework:spring-core:jar:7.0.2:compile (sources = true)
2026.01.14 14:33:58 INFO  [INFO] Resolving artifact: jakarta.inject:jakarta.inject-api:jar:2.0.1:runtime (sources = false)
2026.01.14 14:33:58 INFO  [INFO] SUCCESS: jakarta.inject:jakarta.inject-api:jar:2.0.1:runtime (sources = false)
2026.01.14 14:33:58 INFO  [INFO] Resolving artifact: jakarta.inject:jakarta.inject-api:jar:2.0.1:runtime (sources = true)
2026.01.14 14:33:58 INFO  [INFO] SUCCESS: jakarta.inject:jakarta.inject-api:jar:2.0.1:runtime (sources = true)
2026.01.14 14:33:58 INFO  [INFO] Resolving artifact: org.springframework.boot:spring-boot-starter-logging:jar:4.0.1:compile (sources = false)
2026.01.14 14:33:58 INFO  [INFO] SUCCESS: org.springframework.boot:spring-boot-starter-logging:jar:4.0.1:compile (sources = false)
2026.01.14 14:33:58 INFO  [INFO] Resolving artifact: org.springframework.boot:spring-boot-starter-logging:jar:4.0.1:compile (sources = true)
2026.01.14 14:33:58 INFO  [INFO] SUCCESS: org.springframework.boot:spring-boot-starter-logging:jar:4.0.1:compile (sources = true)
2026.01.14 14:33:58 INFO  [INFO] Resolving artifact: org.springframework.boot:spring-boot-micrometer-metrics:jar:4.0.1:compile (sources = false)
2026.01.14 14:33:58 INFO  [INFO] SUCCESS: org.springframework.boot:spring-boot-micrometer-metrics:jar:4.0.1:compile (sources = false)
2026.01.14 14:33:58 INFO  [INFO] Resolving artifact: org.springframework.boot:spring-boot-micrometer-metrics:jar:4.0.1:compile (sources = true)
2026.01.14 14:33:58 INFO  Downloading from central: https://repo.maven.apache.org/maven2/org/springframework/boot/spring-boot-micrometer-metrics/4.0.1/spring-boot-micrometer-metrics-4.0.1-sources.jar
2026.01.14 14:33:58 INFO  Progress (1): 7.7/169 kB
2026.01.14 14:33:58 INFO  Progress (1): 16/169 kB 
2026.01.14 14:33:58 INFO  Progress (1): 32/169 kB
2026.01.14 14:33:58 INFO  Progress (1): 49/169 kB
2026.01.14 14:33:58 INFO  Progress (1): 65/169 kB
2026.01.14 14:33:58 INFO  Progress (1): 81/169 kB
2026.01.14 14:33:58 INFO  Progress (1): 98/169 kB
2026.01.14 14:33:59 INFO  Progress (1): 114/169 kB
2026.01.14 14:33:59 INFO  Progress (1): 131/169 kB
2026.01.14 14:33:59 INFO  Progress (1): 147/169 kB
2026.01.14 14:33:59 INFO  Progress (1): 163/169 kB
2026.01.14 14:33:59 INFO  Progress (1): 169 kB    
2026.01.14 14:33:59 INFO                      
2026.01.14 14:33:59 INFO  Downloaded from central: https://repo.maven.apache.org/maven2/org/springframework/boot/spring-boot-micrometer-metrics/4.0.1/spring-boot-micrometer-metrics-4.0.1-sources.jar (169 kB at 633 kB/s)
2026.01.14 14:33:59 INFO  [INFO] SUCCESS: org.springframework.boot:spring-boot-micrometer-metrics:jar:4.0.1:compile (sources = true)
2026.01.14 14:33:59 INFO  [INFO] Resolving artifact: net.bytebuddy:byte-buddy:jar:1.17.8:runtime (sources = false)
2026.01.14 14:33:59 INFO  [INFO] SUCCESS: net.bytebuddy:byte-buddy:jar:1.17.8:runtime (sources = false)
2026.01.14 14:33:59 INFO  [INFO] Resolving artifact: net.bytebuddy:byte-buddy:jar:1.17.8:runtime (sources = true)
2026.01.14 14:33:59 INFO  [INFO] SUCCESS: net.bytebuddy:byte-buddy:jar:1.17.8:runtime (sources = true)
2026.01.14 14:33:59 INFO  [INFO] Resolving artifact: io.jsonwebtoken:jjwt-impl:jar:0.13.0:runtime (sources = false)
2026.01.14 14:33:59 INFO  [INFO] SUCCESS: io.jsonwebtoken:jjwt-impl:jar:0.13.0:runtime (sources = false)
2026.01.14 14:33:59 INFO  [INFO] Resolving artifact: io.jsonwebtoken:jjwt-impl:jar:0.13.0:runtime (sources = true)
2026.01.14 14:33:59 INFO  Downloading from central: https://repo.maven.apache.org/maven2/io/jsonwebtoken/jjwt-impl/0.13.0/jjwt-impl-0.13.0-sources.jar
2026.01.14 14:33:59 INFO  Progress (1): 7.7/337 kB
2026.01.14 14:33:59 INFO  Progress (1): 16/337 kB 
2026.01.14 14:33:59 INFO  Progress (1): 32/337 kB
2026.01.14 14:33:59 INFO  Progress (1): 49/337 kB
2026.01.14 14:33:59 INFO  Progress (1): 65/337 kB
2026.01.14 14:33:59 INFO  Progress (1): 81/337 kB
2026.01.14 14:33:59 INFO  Progress (1): 98/337 kB
2026.01.14 14:33:59 INFO  Progress (1): 114/337 kB
2026.01.14 14:33:59 INFO  Progress (1): 131/337 kB
2026.01.14 14:33:59 INFO  Progress (1): 147/337 kB
2026.01.14 14:33:59 INFO  Progress (1): 163/337 kB
2026.01.14 14:33:59 INFO  Progress (1): 180/337 kB
2026.01.14 14:33:59 INFO  Progress (1): 196/337 kB
2026.01.14 14:33:59 INFO  Progress (1): 213/337 kB
2026.01.14 14:33:59 INFO  Progress (1): 229/337 kB
2026.01.14 14:33:59 INFO  Progress (1): 245/337 kB
2026.01.14 14:33:59 INFO  Progress (1): 262/337 kB
2026.01.14 14:33:59 INFO  Progress (1): 278/337 kB
2026.01.14 14:33:59 INFO  Progress (1): 294/337 kB
2026.01.14 14:33:59 INFO  Progress (1): 311/337 kB
2026.01.14 14:33:59 INFO  Progress (1): 327/337 kB
2026.01.14 14:33:59 INFO  Progress (1): 337 kB    
2026.01.14 14:33:59 INFO                      
2026.01.14 14:33:59 INFO  Downloaded from central: https://repo.maven.apache.org/maven2/io/jsonwebtoken/jjwt-impl/0.13.0/jjwt-impl-0.13.0-sources.jar (337 kB at 630 kB/s)
2026.01.14 14:33:59 INFO  [INFO] SUCCESS: io.jsonwebtoken:jjwt-impl:jar:0.13.0:runtime (sources = true)
2026.01.14 14:33:59 INFO  [INFO] Resolving artifact: org.springframework.boot:spring-boot-jpa:jar:4.0.1:compile (sources = false)
2026.01.14 14:33:59 INFO  [INFO] SUCCESS: org.springframework.boot:spring-boot-jpa:jar:4.0.1:compile (sources = false)
2026.01.14 14:33:59 INFO  [INFO] Resolving artifact: org.springframework.boot:spring-boot-jpa:jar:4.0.1:compile (sources = true)
2026.01.14 14:33:59 INFO  [INFO] SUCCESS: org.springframework.boot:spring-boot-jpa:jar:4.0.1:compile (sources = true)
2026.01.14 14:33:59 INFO  [INFO] Resolving artifact: jakarta.activation:jakarta.activation-api:jar:2.1.4:runtime (sources = false)
2026.01.14 14:33:59 INFO  [INFO] SUCCESS: jakarta.activation:jakarta.activation-api:jar:2.1.4:runtime (sources = false)
2026.01.14 14:33:59 INFO  [INFO] Resolving artifact: jakarta.activation:jakarta.activation-api:jar:2.1.4:runtime (sources = true)
2026.01.14 14:33:59 INFO  [INFO] SUCCESS: jakarta.activation:jakarta.activation-api:jar:2.1.4:runtime (sources = true)
2026.01.14 14:33:59 INFO  [INFO] Resolving artifact: org.springframework.boot:spring-boot-starter-data-jpa:jar:4.0.1:compile (sources = false)
2026.01.14 14:33:59 INFO  [INFO] SUCCESS: org.springframework.boot:spring-boot-starter-data-jpa:jar:4.0.1:compile (sources = false)
2026.01.14 14:33:59 INFO  [INFO] Resolving artifact: org.springframework.boot:spring-boot-starter-data-jpa:jar:4.0.1:compile (sources = true)
2026.01.14 14:33:59 INFO  [INFO] SUCCESS: org.springframework.boot:spring-boot-starter-data-jpa:jar:4.0.1:compile (sources = true)
2026.01.14 14:33:59 INFO  [INFO] Resolving artifact: org.springframework:spring-orm:jar:7.0.2:compile (sources = false)
2026.01.14 14:33:59 INFO  [INFO] SUCCESS: org.springframework:spring-orm:jar:7.0.2:compile (sources = false)
2026.01.14 14:33:59 INFO  [INFO] Resolving artifact: org.springframework:spring-orm:jar:7.0.2:compile (sources = true)
2026.01.14 14:33:59 INFO  [INFO] SUCCESS: org.springframework:spring-orm:jar:7.0.2:compile (sources = true)
2026.01.14 14:33:59 INFO  [INFO] Resolving artifact: org.springframework.boot:spring-boot-hibernate:jar:4.0.1:compile (sources = false)
2026.01.14 14:33:59 INFO  [INFO] SUCCESS: org.springframework.boot:spring-boot-hibernate:jar:4.0.1:compile (sources = false)
2026.01.14 14:33:59 INFO  [INFO] Resolving artifact: org.springframework.boot:spring-boot-hibernate:jar:4.0.1:compile (sources = true)
2026.01.14 14:33:59 INFO  [INFO] SUCCESS: org.springframework.boot:spring-boot-hibernate:jar:4.0.1:compile (sources = true)
2026.01.14 14:33:59 INFO  [INFO] Resolving artifact: org.springframework.boot:spring-boot-sql:jar:4.0.1:compile (sources = false)
2026.01.14 14:33:59 INFO  [INFO] SUCCESS: org.springframework.boot:spring-boot-sql:jar:4.0.1:compile (sources = false)
2026.01.14 14:33:59 INFO  [INFO] Resolving artifact: org.springframework.boot:spring-boot-sql:jar:4.0.1:compile (sources = true)
2026.01.14 14:33:59 INFO  [INFO] SUCCESS: org.springframework.boot:spring-boot-sql:jar:4.0.1:compile (sources = true)
2026.01.14 14:33:59 INFO  [INFO] Resolving artifact: org.latencyutils:LatencyUtils:jar:2.0.3:runtime (sources = false)
2026.01.14 14:33:59 INFO  [INFO] SUCCESS: org.latencyutils:LatencyUtils:jar:2.0.3:runtime (sources = false)
2026.01.14 14:33:59 INFO  [INFO] Resolving artifact: org.latencyutils:LatencyUtils:jar:2.0.3:runtime (sources = true)
2026.01.14 14:33:59 INFO  [INFO] SUCCESS: org.latencyutils:LatencyUtils:jar:2.0.3:runtime (sources = true)
2026.01.14 14:33:59 INFO  [INFO] Resolving artifact: org.springframework.boot:spring-boot-servlet:jar:4.0.1:compile (sources = false)
2026.01.14 14:33:59 INFO  [INFO] SUCCESS: org.springframework.boot:spring-boot-servlet:jar:4.0.1:compile (sources = false)
2026.01.14 14:33:59 INFO  [INFO] Resolving artifact: org.springframework.boot:spring-boot-servlet:jar:4.0.1:compile (sources = true)
2026.01.14 14:33:59 INFO  [INFO] SUCCESS: org.springframework.boot:spring-boot-servlet:jar:4.0.1:compile (sources = true)
2026.01.14 14:33:59 INFO  [INFO] Resolving artifact: org.apache.tomcat.embed:tomcat-embed-websocket:jar:11.0.15:compile (sources = false)
2026.01.14 14:33:59 INFO  [INFO] SUCCESS: org.apache.tomcat.embed:tomcat-embed-websocket:jar:11.0.15:compile (sources = false)
2026.01.14 14:33:59 INFO  [INFO] Resolving artifact: org.apache.tomcat.embed:tomcat-embed-websocket:jar:11.0.15:compile (sources = true)
2026.01.14 14:33:59 INFO  [INFO] SUCCESS: org.apache.tomcat.embed:tomcat-embed-websocket:jar:11.0.15:compile (sources = true)
2026.01.14 14:33:59 INFO  [INFO] Resolving artifact: org.springframework.boot:spring-boot-starter-security:jar:4.0.1:compile (sources = false)
2026.01.14 14:33:59 INFO  [INFO] SUCCESS: org.springframework.boot:spring-boot-starter-security:jar:4.0.1:compile (sources = false)
2026.01.14 14:33:59 INFO  [INFO] Resolving artifact: org.springframework.boot:spring-boot-starter-security:jar:4.0.1:compile (sources = true)
2026.01.14 14:33:59 INFO  Downloading from central: https://repo.maven.apache.org/maven2/org/springframework/boot/spring-boot-starter-security/4.0.1/spring-boot-starter-security-4.0.1-sources.jar
2026.01.14 14:33:59 INFO  Progress (1): 4.7 kB
2026.01.14 14:33:59 INFO                      
2026.01.14 14:33:59 INFO  Downloaded from central: https://repo.maven.apache.org/maven2/org/springframework/boot/spring-boot-starter-security/4.0.1/spring-boot-starter-security-4.0.1-sources.jar (4.7 kB at 45 kB/s)
2026.01.14 14:33:59 INFO  [INFO] SUCCESS: org.springframework.boot:spring-boot-starter-security:jar:4.0.1:compile (sources = true)
2026.01.14 14:33:59 INFO  [INFO] Resolving artifact: org.yaml:snakeyaml:jar:2.5:compile (sources = false)
2026.01.14 14:33:59 INFO  [INFO] SUCCESS: org.yaml:snakeyaml:jar:2.5:compile (sources = false)
2026.01.14 14:33:59 INFO  [INFO] Resolving artifact: org.yaml:snakeyaml:jar:2.5:compile (sources = true)
2026.01.14 14:33:59 INFO  [INFO] SUCCESS: org.yaml:snakeyaml:jar:2.5:compile (sources = true)
2026.01.14 14:33:59 INFO  [INFO] Resolving artifact: org.eclipse.angus:angus-activation:jar:2.0.3:runtime (sources = false)
2026.01.14 14:33:59 INFO  [INFO] SUCCESS: org.eclipse.angus:angus-activation:jar:2.0.3:runtime (sources = false)
2026.01.14 14:33:59 INFO  [INFO] Resolving artifact: org.eclipse.angus:angus-activation:jar:2.0.3:runtime (sources = true)
2026.01.14 14:33:59 INFO  [INFO] SUCCESS: org.eclipse.angus:angus-activation:jar:2.0.3:runtime (sources = true)
2026.01.14 14:33:59 INFO  [INFO] Resolving artifact: io.micrometer:micrometer-core:jar:1.16.1:compile (sources = false)
2026.01.14 14:33:59 INFO  [INFO] SUCCESS: io.micrometer:micrometer-core:jar:1.16.1:compile (sources = false)
2026.01.14 14:33:59 INFO  [INFO] Resolving artifact: io.micrometer:micrometer-core:jar:1.16.1:compile (sources = true)
2026.01.14 14:33:59 INFO  [INFO] SUCCESS: io.micrometer:micrometer-core:jar:1.16.1:compile (sources = true)
2026.01.14 14:33:59 INFO  [INFO] Resolving artifact: org.springframework.boot:spring-boot-persistence:jar:4.0.1:compile (sources = false)
2026.01.14 14:33:59 INFO  [INFO] SUCCESS: org.springframework.boot:spring-boot-persistence:jar:4.0.1:compile (sources = false)
2026.01.14 14:33:59 INFO  [INFO] Resolving artifact: org.springframework.boot:spring-boot-persistence:jar:4.0.1:compile (sources = true)
2026.01.14 14:33:59 INFO  [INFO] SUCCESS: org.springframework.boot:spring-boot-persistence:jar:4.0.1:compile (sources = true)
2026.01.14 14:33:59 INFO  [INFO] Resolving artifact: com.fasterxml.jackson.core:jackson-annotations:jar:2.20:compile (sources = false)
2026.01.14 14:33:59 INFO  [INFO] SUCCESS: com.fasterxml.jackson.core:jackson-annotations:jar:2.20:compile (sources = false)
2026.01.14 14:33:59 INFO  [INFO] Resolving artifact: com.fasterxml.jackson.core:jackson-annotations:jar:2.20:compile (sources = true)
2026.01.14 14:33:59 INFO  [INFO] SUCCESS: com.fasterxml.jackson.core:jackson-annotations:jar:2.20:compile (sources = true)
2026.01.14 14:33:59 INFO  [INFO] Resolving artifact: jakarta.validation:jakarta.validation-api:jar:3.1.1:compile (sources = false)
2026.01.14 14:33:59 INFO  [INFO] SUCCESS: jakarta.validation:jakarta.validation-api:jar:3.1.1:compile (sources = false)
2026.01.14 14:33:59 INFO  [INFO] Resolving artifact: jakarta.validation:jakarta.validation-api:jar:3.1.1:compile (sources = true)
2026.01.14 14:33:59 INFO  [INFO] SUCCESS: jakarta.validation:jakarta.validation-api:jar:3.1.1:compile (sources = true)
2026.01.14 14:34:00 INFO  [INFO] Generated .bloop\unibank_api.json
2026.01.14 14:34:00 INFO  [INFO] Resolving artifact: org.springframework:spring-beans:jar:7.0.2:compile (sources = false)
2026.01.14 14:34:00 INFO  [INFO] SUCCESS: org.springframework:spring-beans:jar:7.0.2:compile (sources = false)
2026.01.14 14:34:00 INFO  [INFO] Resolving artifact: org.springframework:spring-beans:jar:7.0.2:compile (sources = true)
2026.01.14 14:34:00 INFO  [INFO] SUCCESS: org.springframework:spring-beans:jar:7.0.2:compile (sources = true)
2026.01.14 14:34:00 INFO  [INFO] Resolving artifact: org.springframework:spring-expression:jar:7.0.2:compile (sources = false)
2026.01.14 14:34:00 INFO  [INFO] SUCCESS: org.springframework:spring-expression:jar:7.0.2:compile (sources = false)
2026.01.14 14:34:00 INFO  [INFO] Resolving artifact: org.springframework:spring-expression:jar:7.0.2:compile (sources = true)
2026.01.14 14:34:00 INFO  [INFO] SUCCESS: org.springframework:spring-expression:jar:7.0.2:compile (sources = true)
2026.01.14 14:34:00 INFO  [INFO] Resolving artifact: org.springframework.boot:spring-boot-starter-actuator:jar:4.0.1:compile (sources = false)
2026.01.14 14:34:00 INFO  [INFO] SUCCESS: org.springframework.boot:spring-boot-starter-actuator:jar:4.0.1:compile (sources = false)
2026.01.14 14:34:00 INFO  [INFO] Resolving artifact: org.springframework.boot:spring-boot-starter-actuator:jar:4.0.1:compile (sources = true)
2026.01.14 14:34:00 INFO  [INFO] SUCCESS: org.springframework.boot:spring-boot-starter-actuator:jar:4.0.1:compile (sources = true)
2026.01.14 14:34:00 INFO  [INFO] Resolving artifact: org.springframework:spring-jdbc:jar:7.0.2:compile (sources = false)
2026.01.14 14:34:00 INFO  [INFO] SUCCESS: org.springframework:spring-jdbc:jar:7.0.2:compile (sources = false)
2026.01.14 14:34:00 INFO  [INFO] Resolving artifact: org.springframework:spring-jdbc:jar:7.0.2:compile (sources = true)
2026.01.14 14:34:00 INFO  [INFO] SUCCESS: org.springframework:spring-jdbc:jar:7.0.2:compile (sources = true)
2026.01.14 14:34:00 INFO  [INFO] Resolving artifact: com.sun.istack:istack-commons-runtime:jar:4.1.2:runtime (sources = false)
2026.01.14 14:34:00 INFO  [INFO] SUCCESS: com.sun.istack:istack-commons-runtime:jar:4.1.2:runtime (sources = false)
2026.01.14 14:34:00 INFO  [INFO] Resolving artifact: com.sun.istack:istack-commons-runtime:jar:4.1.2:runtime (sources = true)
2026.01.14 14:34:00 INFO  [INFO] SUCCESS: com.sun.istack:istack-commons-runtime:jar:4.1.2:runtime (sources = true)
2026.01.14 14:34:00 INFO  [INFO] Resolving artifact: org.springframework.boot:spring-boot-autoconfigure:jar:4.0.1:compile (sources = false)
2026.01.14 14:34:00 INFO  [INFO] SUCCESS: org.springframework.boot:spring-boot-autoconfigure:jar:4.0.1:compile (sources = false)
2026.01.14 14:34:00 INFO  [INFO] Resolving artifact: org.springframework.boot:spring-boot-autoconfigure:jar:4.0.1:compile (sources = true)
2026.01.14 14:34:00 INFO  [INFO] SUCCESS: org.springframework.boot:spring-boot-autoconfigure:jar:4.0.1:compile (sources = true)
2026.01.14 14:34:00 INFO  [INFO] Resolving artifact: org.springframework:spring-aop:jar:7.0.2:compile (sources = false)
2026.01.14 14:34:00 INFO  [INFO] SUCCESS: org.springframework:spring-aop:jar:7.0.2:compile (sources = false)
2026.01.14 14:34:00 INFO  [INFO] Resolving artifact: org.springframework:spring-aop:jar:7.0.2:compile (sources = true)
2026.01.14 14:34:00 INFO  [INFO] SUCCESS: org.springframework:spring-aop:jar:7.0.2:compile (sources = true)
2026.01.14 14:34:00 INFO  [INFO] Resolving artifact: org.slf4j:slf4j-api:jar:2.0.17:compile (sources = false)
2026.01.14 14:34:00 INFO  [INFO] SUCCESS: org.slf4j:slf4j-api:jar:2.0.17:compile (sources = false)
2026.01.14 14:34:00 INFO  [INFO] Resolving artifact: org.slf4j:slf4j-api:jar:2.0.17:compile (sources = true)
2026.01.14 14:34:00 INFO  [INFO] SUCCESS: org.slf4j:slf4j-api:jar:2.0.17:compile (sources = true)
2026.01.14 14:34:00 INFO  [INFO] Resolving artifact: org.jspecify:jspecify:jar:1.0.0:compile (sources = false)
2026.01.14 14:34:00 INFO  [INFO] SUCCESS: org.jspecify:jspecify:jar:1.0.0:compile (sources = false)
2026.01.14 14:34:00 INFO  [INFO] Resolving artifact: org.jspecify:jspecify:jar:1.0.0:compile (sources = true)
2026.01.14 14:34:00 INFO  [INFO] SUCCESS: org.jspecify:jspecify:jar:1.0.0:compile (sources = true)
2026.01.14 14:34:00 INFO  [INFO] Resolving artifact: org.springframework.data:spring-data-commons:jar:4.0.1:compile (sources = false)
2026.01.14 14:34:00 INFO  [INFO] SUCCESS: org.springframework.data:spring-data-commons:jar:4.0.1:compile (sources = false)
2026.01.14 14:34:00 INFO  [INFO] Resolving artifact: org.springframework.data:spring-data-commons:jar:4.0.1:compile (sources = true)
2026.01.14 14:34:00 INFO  [INFO] SUCCESS: org.springframework.data:spring-data-commons:jar:4.0.1:compile (sources = true)
2026.01.14 14:34:00 INFO  [INFO] Resolving artifact: io.jsonwebtoken:jjwt-api:jar:0.13.0:compile (sources = false)
2026.01.14 14:34:00 INFO  [INFO] SUCCESS: io.jsonwebtoken:jjwt-api:jar:0.13.0:compile (sources = false)
2026.01.14 14:34:00 INFO  [INFO] Resolving artifact: io.jsonwebtoken:jjwt-api:jar:0.13.0:compile (sources = true)
2026.01.14 14:34:00 INFO  [INFO] SUCCESS: io.jsonwebtoken:jjwt-api:jar:0.13.0:compile (sources = true)
2026.01.14 14:34:00 INFO  [INFO] Resolving artifact: org.springframework.security:spring-security-web:jar:7.0.2:compile (sources = false)
2026.01.14 14:34:00 INFO  [INFO] SUCCESS: org.springframework.security:spring-security-web:jar:7.0.2:compile (sources = false)
2026.01.14 14:34:00 INFO  [INFO] Resolving artifact: org.springframework.security:spring-security-web:jar:7.0.2:compile (sources = true)
2026.01.14 14:34:00 INFO  [INFO] SUCCESS: org.springframework.security:spring-security-web:jar:7.0.2:compile (sources = true)
2026.01.14 14:34:00 INFO  [INFO] Resolving artifact: ch.qos.logback:logback-core:jar:1.5.22:compile (sources = false)
2026.01.14 14:34:00 INFO  [INFO] SUCCESS: ch.qos.logback:logback-core:jar:1.5.22:compile (sources = false)
2026.01.14 14:34:00 INFO  [INFO] Resolving artifact: ch.qos.logback:logback-core:jar:1.5.22:compile (sources = true)
2026.01.14 14:34:00 INFO  [INFO] SUCCESS: ch.qos.logback:logback-core:jar:1.5.22:compile (sources = true)
2026.01.14 14:34:00 INFO  [INFO] Resolving artifact: com.fasterxml:classmate:jar:1.7.1:compile (sources = false)
2026.01.14 14:34:00 INFO  [INFO] SUCCESS: com.fasterxml:classmate:jar:1.7.1:compile (sources = false)
2026.01.14 14:34:00 INFO  [INFO] Resolving artifact: com.fasterxml:classmate:jar:1.7.1:compile (sources = true)
2026.01.14 14:34:00 INFO  [INFO] SUCCESS: com.fasterxml:classmate:jar:1.7.1:compile (sources = true)
2026.01.14 14:34:00 INFO  [INFO] Resolving artifact: org.springframework.boot:spring-boot-validation:jar:4.0.1:compile (sources = false)
2026.01.14 14:34:00 INFO  [INFO] SUCCESS: org.springframework.boot:spring-boot-validation:jar:4.0.1:compile (sources = false)
2026.01.14 14:34:00 INFO  [INFO] Resolving artifact: org.springframework.boot:spring-boot-validation:jar:4.0.1:compile (sources = true)
2026.01.14 14:34:00 INFO  [INFO] SUCCESS: org.springframework.boot:spring-boot-validation:jar:4.0.1:compile (sources = true)
2026.01.14 14:34:00 INFO  [INFO] Resolving artifact: org.slf4j:jul-to-slf4j:jar:2.0.17:compile (sources = false)
2026.01.14 14:34:00 INFO  [INFO] SUCCESS: org.slf4j:jul-to-slf4j:jar:2.0.17:compile (sources = false)
2026.01.14 14:34:00 INFO  [INFO] Resolving artifact: org.slf4j:jul-to-slf4j:jar:2.0.17:compile (sources = true)
2026.01.14 14:34:00 INFO  [INFO] SUCCESS: org.slf4j:jul-to-slf4j:jar:2.0.17:compile (sources = true)
2026.01.14 14:34:00 INFO  [INFO] Resolving artifact: org.springframework.boot:spring-boot-starter-jdbc:jar:4.0.1:compile (sources = false)
2026.01.14 14:34:00 INFO  [INFO] SUCCESS: org.springframework.boot:spring-boot-starter-jdbc:jar:4.0.1:compile (sources = false)
2026.01.14 14:34:00 INFO  [INFO] Resolving artifact: org.springframework.boot:spring-boot-starter-jdbc:jar:4.0.1:compile (sources = true)
2026.01.14 14:34:00 INFO  [INFO] SUCCESS: org.springframework.boot:spring-boot-starter-jdbc:jar:4.0.1:compile (sources = true)
2026.01.14 14:34:00 INFO  [INFO] Resolving artifact: com.zaxxer:HikariCP:jar:7.0.2:compile (sources = false)
2026.01.14 14:34:00 INFO  [INFO] SUCCESS: com.zaxxer:HikariCP:jar:7.0.2:compile (sources = false)
2026.01.14 14:34:00 INFO  [INFO] Resolving artifact: com.zaxxer:HikariCP:jar:7.0.2:compile (sources = true)
2026.01.14 14:34:00 INFO  [INFO] SUCCESS: com.zaxxer:HikariCP:jar:7.0.2:compile (sources = true)
2026.01.14 14:34:00 INFO  [INFO] Resolving artifact: org.antlr:antlr4-runtime:jar:4.13.2:compile (sources = false)
2026.01.14 14:34:00 INFO  [INFO] SUCCESS: org.antlr:antlr4-runtime:jar:4.13.2:compile (sources = false)
2026.01.14 14:34:00 INFO  [INFO] Resolving artifact: org.antlr:antlr4-runtime:jar:4.13.2:compile (sources = true)
2026.01.14 14:34:00 INFO  [INFO] SUCCESS: org.antlr:antlr4-runtime:jar:4.13.2:compile (sources = true)
2026.01.14 14:34:00 INFO  [INFO] Resolving artifact: ch.qos.logback:logback-classic:jar:1.5.22:compile (sources = false)
2026.01.14 14:34:00 INFO  [INFO] SUCCESS: ch.qos.logback:logback-classic:jar:1.5.22:compile (sources = false)
2026.01.14 14:34:00 INFO  [INFO] Resolving artifact: ch.qos.logback:logback-classic:jar:1.5.22:compile (sources = true)
2026.01.14 14:34:00 INFO  [INFO] SUCCESS: ch.qos.logback:logback-classic:jar:1.5.22:compile (sources = true)
2026.01.14 14:34:00 INFO  [INFO] Resolving artifact: org.apache.logging.log4j:log4j-to-slf4j:jar:2.25.3:compile (sources = false)
2026.01.14 14:34:00 INFO  [INFO] SUCCESS: org.apache.logging.log4j:log4j-to-slf4j:jar:2.25.3:compile (sources = false)
2026.01.14 14:34:00 INFO  [INFO] Resolving artifact: org.apache.logging.log4j:log4j-to-slf4j:jar:2.25.3:compile (sources = true)
2026.01.14 14:34:00 INFO  [INFO] SUCCESS: org.apache.logging.log4j:log4j-to-slf4j:jar:2.25.3:compile (sources = true)
2026.01.14 14:34:00 INFO  [INFO] Resolving artifact: org.springframework.boot:spring-boot-actuator:jar:4.0.1:compile (sources = false)
2026.01.14 14:34:00 INFO  [INFO] SUCCESS: org.springframework.boot:spring-boot-actuator:jar:4.0.1:compile (sources = false)
2026.01.14 14:34:00 INFO  [INFO] Resolving artifact: org.springframework.boot:spring-boot-actuator:jar:4.0.1:compile (sources = true)
2026.01.14 14:34:00 INFO  [INFO] SUCCESS: org.springframework.boot:spring-boot-actuator:jar:4.0.1:compile (sources = true)
2026.01.14 14:34:00 INFO  [INFO] Resolving artifact: org.jboss.logging:jboss-logging:jar:3.6.1.Final:compile (sources = false)
2026.01.14 14:34:00 INFO  [INFO] SUCCESS: org.jboss.logging:jboss-logging:jar:3.6.1.Final:compile (sources = false)
2026.01.14 14:34:00 INFO  [INFO] Resolving artifact: org.jboss.logging:jboss-logging:jar:3.6.1.Final:compile (sources = true)
2026.01.14 14:34:00 INFO  [INFO] SUCCESS: org.jboss.logging:jboss-logging:jar:3.6.1.Final:compile (sources = true)
2026.01.14 14:34:00 INFO  [INFO] Resolving artifact: jakarta.transaction:jakarta.transaction-api:jar:2.0.1:compile (sources = false)
2026.01.14 14:34:00 INFO  [INFO] SUCCESS: jakarta.transaction:jakarta.transaction-api:jar:2.0.1:compile (sources = false)
2026.01.14 14:34:00 INFO  [INFO] Resolving artifact: jakarta.transaction:jakarta.transaction-api:jar:2.0.1:compile (sources = true)
2026.01.14 14:34:00 INFO  [INFO] SUCCESS: jakarta.transaction:jakarta.transaction-api:jar:2.0.1:compile (sources = true)
2026.01.14 14:34:00 INFO  [INFO] Resolving artifact: org.springframework.boot:spring-boot-health:jar:4.0.1:compile (sources = false)
2026.01.14 14:34:00 INFO  [INFO] SUCCESS: org.springframework.boot:spring-boot-health:jar:4.0.1:compile (sources = false)
2026.01.14 14:34:00 INFO  [INFO] Resolving artifact: org.springframework.boot:spring-boot-health:jar:4.0.1:compile (sources = true)
2026.01.14 14:34:00 INFO  [INFO] SUCCESS: org.springframework.boot:spring-boot-health:jar:4.0.1:compile (sources = true)
2026.01.14 14:34:00 INFO  [INFO] Resolving artifact: org.springframework.boot:spring-boot-http-converter:jar:4.0.1:compile (sources = false)
2026.01.14 14:34:00 INFO  [INFO] SUCCESS: org.springframework.boot:spring-boot-http-converter:jar:4.0.1:compile (sources = false)
2026.01.14 14:34:00 INFO  [INFO] Resolving artifact: org.springframework.boot:spring-boot-http-converter:jar:4.0.1:compile (sources = true)
2026.01.14 14:34:00 INFO  [INFO] SUCCESS: org.springframework.boot:spring-boot-http-converter:jar:4.0.1:compile (sources = true)
2026.01.14 14:34:00 INFO  [INFO] Resolving artifact: org.springframework.boot:spring-boot-data-commons:jar:4.0.1:compile (sources = false)
2026.01.14 14:34:00 INFO  [INFO] SUCCESS: org.springframework.boot:spring-boot-data-commons:jar:4.0.1:compile (sources = false)
2026.01.14 14:34:00 INFO  [INFO] Resolving artifact: org.springframework.boot:spring-boot-data-commons:jar:4.0.1:compile (sources = true)
2026.01.14 14:34:00 INFO  [INFO] SUCCESS: org.springframework.boot:spring-boot-data-commons:jar:4.0.1:compile (sources = true)
2026.01.14 14:34:00 INFO  [INFO] Resolving artifact: org.springframework.boot:spring-boot-security:jar:4.0.1:compile (sources = false)
2026.01.14 14:34:00 INFO  [INFO] SUCCESS: org.springframework.boot:spring-boot-security:jar:4.0.1:compile (sources = false)
2026.01.14 14:34:00 INFO  [INFO] Resolving artifact: org.springframework.boot:spring-boot-security:jar:4.0.1:compile (sources = true)
2026.01.14 14:34:00 INFO  [INFO] SUCCESS: org.springframework.boot:spring-boot-security:jar:4.0.1:compile (sources = true)
2026.01.14 14:34:00 INFO  [INFO] Resolving artifact: org.springframework.boot:spring-boot-jdbc:jar:4.0.1:compile (sources = false)
2026.01.14 14:34:00 INFO  [INFO] SUCCESS: org.springframework.boot:spring-boot-jdbc:jar:4.0.1:compile (sources = false)
2026.01.14 14:34:00 INFO  [INFO] Resolving artifact: org.springframework.boot:spring-boot-jdbc:jar:4.0.1:compile (sources = true)
2026.01.14 14:34:00 INFO  [INFO] SUCCESS: org.springframework.boot:spring-boot-jdbc:jar:4.0.1:compile (sources = true)
2026.01.14 14:34:00 INFO  [INFO] Resolving artifact: org.springframework.boot:spring-boot-starter-jackson:jar:4.0.1:compile (sources = false)
2026.01.14 14:34:00 INFO  [INFO] SUCCESS: org.springframework.boot:spring-boot-starter-jackson:jar:4.0.1:compile (sources = false)
2026.01.14 14:34:00 INFO  [INFO] Resolving artifact: org.springframework.boot:spring-boot-starter-jackson:jar:4.0.1:compile (sources = true)
2026.01.14 14:34:00 INFO  [INFO] SUCCESS: org.springframework.boot:spring-boot-starter-jackson:jar:4.0.1:compile (sources = true)
2026.01.14 14:34:00 INFO  [INFO] Resolving artifact: org.springframework:spring-webmvc:jar:7.0.2:compile (sources = false)
2026.01.14 14:34:00 INFO  [INFO] SUCCESS: org.springframework:spring-webmvc:jar:7.0.2:compile (sources = false)
2026.01.14 14:34:00 INFO  [INFO] Resolving artifact: org.springframework:spring-webmvc:jar:7.0.2:compile (sources = true)
2026.01.14 14:34:00 INFO  [INFO] SUCCESS: org.springframework:spring-webmvc:jar:7.0.2:compile (sources = true)
2026.01.14 14:34:00 INFO  [INFO] Resolving artifact: jakarta.persistence:jakarta.persistence-api:jar:3.2.0:compile (sources = false)
2026.01.14 14:34:00 INFO  [INFO] SUCCESS: jakarta.persistence:jakarta.persistence-api:jar:3.2.0:compile (sources = false)
2026.01.14 14:34:00 INFO  [INFO] Resolving artifact: jakarta.persistence:jakarta.persistence-api:jar:3.2.0:compile (sources = true)
2026.01.14 14:34:00 INFO  [INFO] SUCCESS: jakarta.persistence:jakarta.persistence-api:jar:3.2.0:compile (sources = true)
2026.01.14 14:34:00 INFO  [INFO] Resolving artifact: io.micrometer:micrometer-jakarta9:jar:1.16.1:compile (sources = false)
2026.01.14 14:34:00 INFO  [INFO] SUCCESS: io.micrometer:micrometer-jakarta9:jar:1.16.1:compile (sources = false)
2026.01.14 14:34:00 INFO  [INFO] Resolving artifact: io.micrometer:micrometer-jakarta9:jar:1.16.1:compile (sources = true)
2026.01.14 14:34:00 INFO  [INFO] SUCCESS: io.micrometer:micrometer-jakarta9:jar:1.16.1:compile (sources = true)
2026.01.14 14:34:00 INFO  [INFO] Resolving artifact: org.springframework:spring-tx:jar:7.0.2:compile (sources = false)
2026.01.14 14:34:00 INFO  [INFO] SUCCESS: org.springframework:spring-tx:jar:7.0.2:compile (sources = false)
2026.01.14 14:34:00 INFO  [INFO] Resolving artifact: org.springframework:spring-tx:jar:7.0.2:compile (sources = true)
2026.01.14 14:34:00 INFO  [INFO] SUCCESS: org.springframework:spring-tx:jar:7.0.2:compile (sources = true)
2026.01.14 14:34:00 INFO  [INFO] Resolving artifact: com.fasterxml.jackson.core:jackson-core:jar:2.20.1:runtime (sources = false)
2026.01.14 14:34:00 INFO  [INFO] SUCCESS: com.fasterxml.jackson.core:jackson-core:jar:2.20.1:runtime (sources = false)
2026.01.14 14:34:00 INFO  [INFO] Resolving artifact: com.fasterxml.jackson.core:jackson-core:jar:2.20.1:runtime (sources = true)
2026.01.14 14:34:00 INFO  [INFO] SUCCESS: com.fasterxml.jackson.core:jackson-core:jar:2.20.1:runtime (sources = true)
2026.01.14 14:34:00 INFO  [INFO] Resolving artifact: org.aspectj:aspectjweaver:jar:1.9.25.1:compile (sources = false)
2026.01.14 14:34:00 INFO  [INFO] SUCCESS: org.aspectj:aspectjweaver:jar:1.9.25.1:compile (sources = false)
2026.01.14 14:34:00 INFO  [INFO] Resolving artifact: org.aspectj:aspectjweaver:jar:1.9.25.1:compile (sources = true)
2026.01.14 14:34:00 INFO  [INFO] SUCCESS: org.aspectj:aspectjweaver:jar:1.9.25.1:compile (sources = true)
2026.01.14 14:34:00 INFO  [INFO] Resolving artifact: org.apache.tomcat.embed:tomcat-embed-el:jar:11.0.15:compile (sources = false)
2026.01.14 14:34:00 INFO  [INFO] SUCCESS: org.apache.tomcat.embed:tomcat-embed-el:jar:11.0.15:compile (sources = false)
2026.01.14 14:34:00 INFO  [INFO] Resolving artifact: org.apache.tomcat.embed:tomcat-embed-el:jar:11.0.15:compile (sources = true)
2026.01.14 14:34:00 INFO  [INFO] SUCCESS: org.apache.tomcat.embed:tomcat-embed-el:jar:11.0.15:compile (sources = true)
2026.01.14 14:34:00 INFO  [INFO] Resolving artifact: org.springframework.boot:spring-boot-starter-tomcat-runtime:jar:4.0.1:compile (sources = false)
2026.01.14 14:34:00 INFO  [INFO] SUCCESS: org.springframework.boot:spring-boot-starter-tomcat-runtime:jar:4.0.1:compile (sources = false)
2026.01.14 14:34:00 INFO  [INFO] Resolving artifact: org.springframework.boot:spring-boot-starter-tomcat-runtime:jar:4.0.1:compile (sources = true)
2026.01.14 14:34:00 INFO  [INFO] SUCCESS: org.springframework.boot:spring-boot-starter-tomcat-runtime:jar:4.0.1:compile (sources = true)
2026.01.14 14:34:00 INFO  [INFO] Resolving artifact: org.hdrhistogram:HdrHistogram:jar:2.2.2:runtime (sources = false)
2026.01.14 14:34:00 INFO  [INFO] SUCCESS: org.hdrhistogram:HdrHistogram:jar:2.2.2:runtime (sources = false)
2026.01.14 14:34:00 INFO  [INFO] Resolving artifact: org.hdrhistogram:HdrHistogram:jar:2.2.2:runtime (sources = true)
2026.01.14 14:34:00 INFO  [INFO] SUCCESS: org.hdrhistogram:HdrHistogram:jar:2.2.2:runtime (sources = true)
2026.01.14 14:34:00 INFO  [INFO] Resolving artifact: org.glassfish.jaxb:jaxb-runtime:jar:4.0.6:runtime (sources = false)
2026.01.14 14:34:00 INFO  [INFO] SUCCESS: org.glassfish.jaxb:jaxb-runtime:jar:4.0.6:runtime (sources = false)
2026.01.14 14:34:00 INFO  [INFO] Resolving artifact: org.glassfish.jaxb:jaxb-runtime:jar:4.0.6:runtime (sources = true)
2026.01.14 14:34:00 INFO  [INFO] SUCCESS: org.glassfish.jaxb:jaxb-runtime:jar:4.0.6:runtime (sources = true)
2026.01.14 14:34:00 INFO  [INFO] Resolving artifact: org.springframework:spring-web:jar:7.0.2:compile (sources = false)
2026.01.14 14:34:00 INFO  [INFO] SUCCESS: org.springframework:spring-web:jar:7.0.2:compile (sources = false)
2026.01.14 14:34:00 INFO  [INFO] Resolving artifact: org.springframework:spring-web:jar:7.0.2:compile (sources = true)
2026.01.14 14:34:00 INFO  [INFO] SUCCESS: org.springframework:spring-web:jar:7.0.2:compile (sources = true)
2026.01.14 14:34:00 INFO  [INFO] Resolving artifact: org.springframework.boot:spring-boot-data-jpa:jar:4.0.1:compile (sources = false)
2026.01.14 14:34:00 INFO  [INFO] SUCCESS: org.springframework.boot:spring-boot-data-jpa:jar:4.0.1:compile (sources = false)
2026.01.14 14:34:00 INFO  [INFO] Resolving artifact: org.springframework.boot:spring-boot-data-jpa:jar:4.0.1:compile (sources = true)
2026.01.14 14:34:00 INFO  [INFO] SUCCESS: org.springframework.boot:spring-boot-data-jpa:jar:4.0.1:compile (sources = true)
2026.01.14 14:34:00 INFO  [INFO] Resolving artifact: io.jsonwebtoken:jjwt-jackson:jar:0.13.0:runtime (sources = false)
2026.01.14 14:34:00 INFO  [INFO] SUCCESS: io.jsonwebtoken:jjwt-jackson:jar:0.13.0:runtime (sources = false)
2026.01.14 14:34:00 INFO  [INFO] Resolving artifact: io.jsonwebtoken:jjwt-jackson:jar:0.13.0:runtime (sources = true)
2026.01.14 14:34:00 INFO  [INFO] SUCCESS: io.jsonwebtoken:jjwt-jackson:jar:0.13.0:runtime (sources = true)
2026.01.14 14:34:00 INFO  [INFO] Resolving artifact: org.springframework.boot:spring-boot-starter-micrometer-metrics:jar:4.0.1:compile (sources = false)
2026.01.14 14:34:00 INFO  [INFO] SUCCESS: org.springframework.boot:spring-boot-starter-micrometer-metrics:jar:4.0.1:compile (sources = false)
2026.01.14 14:34:00 INFO  [INFO] Resolving artifact: org.springframework.boot:spring-boot-starter-micrometer-metrics:jar:4.0.1:compile (sources = true)
2026.01.14 14:34:00 INFO  [INFO] SUCCESS: org.springframework.boot:spring-boot-starter-micrometer-metrics:jar:4.0.1:compile (sources = true)
2026.01.14 14:34:00 INFO  [INFO] Resolving artifact: org.springframework.boot:spring-boot-transaction:jar:4.0.1:compile (sources = false)
2026.01.14 14:34:00 INFO  [INFO] SUCCESS: org.springframework.boot:spring-boot-transaction:jar:4.0.1:compile (sources = false)
2026.01.14 14:34:00 INFO  [INFO] Resolving artifact: org.springframework.boot:spring-boot-transaction:jar:4.0.1:compile (sources = true)
2026.01.14 14:34:00 INFO  [INFO] SUCCESS: org.springframework.boot:spring-boot-transaction:jar:4.0.1:compile (sources = true)
2026.01.14 14:34:00 INFO  [INFO] Resolving artifact: org.apache.tomcat.embed:tomcat-embed-core:jar:11.0.15:compile (sources = false)
2026.01.14 14:34:00 INFO  [INFO] SUCCESS: org.apache.tomcat.embed:tomcat-embed-core:jar:11.0.15:compile (sources = false)
2026.01.14 14:34:00 INFO  [INFO] Resolving artifact: org.apache.tomcat.embed:tomcat-embed-core:jar:11.0.15:compile (sources = true)
2026.01.14 14:34:00 INFO  [INFO] SUCCESS: org.apache.tomcat.embed:tomcat-embed-core:jar:11.0.15:compile (sources = true)
2026.01.14 14:34:00 INFO  [INFO] Resolving artifact: org.springframework.boot:spring-boot:jar:4.0.1:compile (sources = false)
2026.01.14 14:34:00 INFO  [INFO] SUCCESS: org.springframework.boot:spring-boot:jar:4.0.1:compile (sources = false)
2026.01.14 14:34:00 INFO  [INFO] Resolving artifact: org.springframework.boot:spring-boot:jar:4.0.1:compile (sources = true)
2026.01.14 14:34:00 INFO  [INFO] SUCCESS: org.springframework.boot:spring-boot:jar:4.0.1:compile (sources = true)
2026.01.14 14:34:00 INFO  [INFO] Resolving artifact: org.springframework.boot:spring-boot-web-server:jar:4.0.1:compile (sources = false)
2026.01.14 14:34:00 INFO  [INFO] SUCCESS: org.springframework.boot:spring-boot-web-server:jar:4.0.1:compile (sources = false)
2026.01.14 14:34:00 INFO  [INFO] Resolving artifact: org.springframework.boot:spring-boot-web-server:jar:4.0.1:compile (sources = true)
2026.01.14 14:34:00 INFO  [INFO] SUCCESS: org.springframework.boot:spring-boot-web-server:jar:4.0.1:compile (sources = true)
2026.01.14 14:34:00 INFO  [INFO] Resolving artifact: org.springframework.boot:spring-boot-starter-validation:jar:4.0.1:compile (sources = false)
2026.01.14 14:34:00 INFO  [INFO] SUCCESS: org.springframework.boot:spring-boot-starter-validation:jar:4.0.1:compile (sources = false)
2026.01.14 14:34:00 INFO  [INFO] Resolving artifact: org.springframework.boot:spring-boot-starter-validation:jar:4.0.1:compile (sources = true)
2026.01.14 14:34:00 INFO  [INFO] SUCCESS: org.springframework.boot:spring-boot-starter-validation:jar:4.0.1:compile (sources = true)
2026.01.14 14:34:00 INFO  [INFO] Resolving artifact: io.micrometer:micrometer-commons:jar:1.16.1:compile (sources = false)
2026.01.14 14:34:00 INFO  [INFO] SUCCESS: io.micrometer:micrometer-commons:jar:1.16.1:compile (sources = false)
2026.01.14 14:34:00 INFO  [INFO] Resolving artifact: io.micrometer:micrometer-commons:jar:1.16.1:compile (sources = true)
2026.01.14 14:34:00 INFO  [INFO] SUCCESS: io.micrometer:micrometer-commons:jar:1.16.1:compile (sources = true)
2026.01.14 14:34:00 INFO  [INFO] Resolving artifact: commons-logging:commons-logging:jar:1.3.5:compile (sources = false)
2026.01.14 14:34:00 INFO  [INFO] SUCCESS: commons-logging:commons-logging:jar:1.3.5:compile (sources = false)
2026.01.14 14:34:00 INFO  [INFO] Resolving artifact: commons-logging:commons-logging:jar:1.3.5:compile (sources = true)
2026.01.14 14:34:00 INFO  [INFO] SUCCESS: commons-logging:commons-logging:jar:1.3.5:compile (sources = true)
2026.01.14 14:34:00 INFO  [INFO] Resolving artifact: org.springframework.boot:spring-boot-starter-webmvc:jar:4.0.1:compile (sources = false)
2026.01.14 14:34:00 INFO  [INFO] SUCCESS: org.springframework.boot:spring-boot-starter-webmvc:jar:4.0.1:compile (sources = false)
2026.01.14 14:34:00 INFO  [INFO] Resolving artifact: org.springframework.boot:spring-boot-starter-webmvc:jar:4.0.1:compile (sources = true)
2026.01.14 14:34:00 INFO  [INFO] SUCCESS: org.springframework.boot:spring-boot-starter-webmvc:jar:4.0.1:compile (sources = true)
2026.01.14 14:34:00 INFO  [INFO] Resolving artifact: jakarta.xml.bind:jakarta.xml.bind-api:jar:4.0.4:runtime (sources = false)
2026.01.14 14:34:00 INFO  [INFO] SUCCESS: jakarta.xml.bind:jakarta.xml.bind-api:jar:4.0.4:runtime (sources = false)
2026.01.14 14:34:00 INFO  [INFO] Resolving artifact: jakarta.xml.bind:jakarta.xml.bind-api:jar:4.0.4:runtime (sources = true)
2026.01.14 14:34:00 INFO  [INFO] SUCCESS: jakarta.xml.bind:jakarta.xml.bind-api:jar:4.0.4:runtime (sources = true)
2026.01.14 14:34:00 INFO  [INFO] Resolving artifact: org.springframework.boot:spring-boot-starter-tomcat:jar:4.0.1:compile (sources = false)
2026.01.14 14:34:00 INFO  [INFO] SUCCESS: org.springframework.boot:spring-boot-starter-tomcat:jar:4.0.1:compile (sources = false)
2026.01.14 14:34:00 INFO  [INFO] Resolving artifact: org.springframework.boot:spring-boot-starter-tomcat:jar:4.0.1:compile (sources = true)
2026.01.14 14:34:00 INFO  [INFO] SUCCESS: org.springframework.boot:spring-boot-starter-tomcat:jar:4.0.1:compile (sources = true)
2026.01.14 14:34:00 INFO  [INFO] Resolving artifact: org.apache.logging.log4j:log4j-api:jar:2.25.3:compile (sources = false)
2026.01.14 14:34:00 INFO  [INFO] SUCCESS: org.apache.logging.log4j:log4j-api:jar:2.25.3:compile (sources = false)
2026.01.14 14:34:00 INFO  [INFO] Resolving artifact: org.apache.logging.log4j:log4j-api:jar:2.25.3:compile (sources = true)
2026.01.14 14:34:00 INFO  [INFO] SUCCESS: org.apache.logging.log4j:log4j-api:jar:2.25.3:compile (sources = true)
2026.01.14 14:34:00 INFO  [INFO] Resolving artifact: org.springframework.boot:spring-boot-actuator-autoconfigure:jar:4.0.1:compile (sources = false)
2026.01.14 14:34:00 INFO  [INFO] SUCCESS: org.springframework.boot:spring-boot-actuator-autoconfigure:jar:4.0.1:compile (sources = false)
2026.01.14 14:34:00 INFO  [INFO] Resolving artifact: org.springframework.boot:spring-boot-actuator-autoconfigure:jar:4.0.1:compile (sources = true)
2026.01.14 14:34:00 INFO  [INFO] SUCCESS: org.springframework.boot:spring-boot-actuator-autoconfigure:jar:4.0.1:compile (sources = true)
2026.01.14 14:34:00 INFO  [INFO] Resolving artifact: com.mysql:mysql-connector-j:jar:9.5.0:compile (sources = false)
2026.01.14 14:34:00 INFO  [INFO] SUCCESS: com.mysql:mysql-connector-j:jar:9.5.0:compile (sources = false)
2026.01.14 14:34:00 INFO  [INFO] Resolving artifact: com.mysql:mysql-connector-j:jar:9.5.0:compile (sources = true)
2026.01.14 14:34:00 INFO  [INFO] SUCCESS: com.mysql:mysql-connector-j:jar:9.5.0:compile (sources = true)
2026.01.14 14:34:00 INFO  [INFO] Resolving artifact: tools.jackson.core:jackson-databind:jar:3.0.3:compile (sources = false)
2026.01.14 14:34:00 INFO  [INFO] SUCCESS: tools.jackson.core:jackson-databind:jar:3.0.3:compile (sources = false)
2026.01.14 14:34:00 INFO  [INFO] Resolving artifact: tools.jackson.core:jackson-databind:jar:3.0.3:compile (sources = true)
2026.01.14 14:34:00 INFO  [INFO] SUCCESS: tools.jackson.core:jackson-databind:jar:3.0.3:compile (sources = true)
2026.01.14 14:34:00 INFO  [INFO] Resolving artifact: org.hibernate.models:hibernate-models:jar:1.0.1:runtime (sources = false)
2026.01.14 14:34:00 INFO  [INFO] SUCCESS: org.hibernate.models:hibernate-models:jar:1.0.1:runtime (sources = false)
2026.01.14 14:34:00 INFO  [INFO] Resolving artifact: org.hibernate.models:hibernate-models:jar:1.0.1:runtime (sources = true)
2026.01.14 14:34:00 INFO  [INFO] SUCCESS: org.hibernate.models:hibernate-models:jar:1.0.1:runtime (sources = true)
2026.01.14 14:34:00 INFO  [INFO] Resolving artifact: org.springframework.boot:spring-boot-jackson:jar:4.0.1:compile (sources = false)
2026.01.14 14:34:00 INFO  [INFO] SUCCESS: org.springframework.boot:spring-boot-jackson:jar:4.0.1:compile (sources = false)
2026.01.14 14:34:00 INFO  [INFO] Resolving artifact: org.springframework.boot:spring-boot-jackson:jar:4.0.1:compile (sources = true)
2026.01.14 14:34:00 INFO  [INFO] SUCCESS: org.springframework.boot:spring-boot-jackson:jar:4.0.1:compile (sources = true)
2026.01.14 14:34:00 INFO  [INFO] Resolving artifact: io.micrometer:micrometer-observation:jar:1.16.1:compile (sources = false)
2026.01.14 14:34:00 INFO  [INFO] SUCCESS: io.micrometer:micrometer-observation:jar:1.16.1:compile (sources = false)
2026.01.14 14:34:00 INFO  [INFO] Resolving artifact: io.micrometer:micrometer-observation:jar:1.16.1:compile (sources = true)
2026.01.14 14:34:00 INFO  [INFO] SUCCESS: io.micrometer:micrometer-observation:jar:1.16.1:compile (sources = true)
2026.01.14 14:34:00 INFO  [INFO] Resolving artifact: com.fasterxml.jackson.core:jackson-databind:jar:2.20.1:runtime (sources = false)
2026.01.14 14:34:00 INFO  [INFO] SUCCESS: com.fasterxml.jackson.core:jackson-databind:jar:2.20.1:runtime (sources = false)
2026.01.14 14:34:00 INFO  [INFO] Resolving artifact: com.fasterxml.jackson.core:jackson-databind:jar:2.20.1:runtime (sources = true)
2026.01.14 14:34:00 INFO  [INFO] SUCCESS: com.fasterxml.jackson.core:jackson-databind:jar:2.20.1:runtime (sources = true)
2026.01.14 14:34:00 INFO  [INFO] Resolving artifact: org.springframework.data:spring-data-jpa:jar:4.0.1:compile (sources = false)
2026.01.14 14:34:00 INFO  [INFO] SUCCESS: org.springframework.data:spring-data-jpa:jar:4.0.1:compile (sources = false)
2026.01.14 14:34:00 INFO  [INFO] Resolving artifact: org.springframework.data:spring-data-jpa:jar:4.0.1:compile (sources = true)
2026.01.14 14:34:00 INFO  [INFO] SUCCESS: org.springframework.data:spring-data-jpa:jar:4.0.1:compile (sources = true)
2026.01.14 14:34:00 INFO  [INFO] Resolving artifact: org.springframework.security:spring-security-config:jar:7.0.2:compile (sources = false)
2026.01.14 14:34:00 INFO  [INFO] SUCCESS: org.springframework.security:spring-security-config:jar:7.0.2:compile (sources = false)
2026.01.14 14:34:00 INFO  [INFO] Resolving artifact: org.springframework.security:spring-security-config:jar:7.0.2:compile (sources = true)
2026.01.14 14:34:00 INFO  [INFO] SUCCESS: org.springframework.security:spring-security-config:jar:7.0.2:compile (sources = true)
2026.01.14 14:34:00 INFO  [INFO] Resolving artifact: org.springframework.security:spring-security-core:jar:7.0.2:compile (sources = false)
2026.01.14 14:34:00 INFO  [INFO] SUCCESS: org.springframework.security:spring-security-core:jar:7.0.2:compile (sources = false)
2026.01.14 14:34:00 INFO  [INFO] Resolving artifact: org.springframework.security:spring-security-core:jar:7.0.2:compile (sources = true)
2026.01.14 14:34:00 INFO  [INFO] SUCCESS: org.springframework.security:spring-security-core:jar:7.0.2:compile (sources = true)
2026.01.14 14:34:00 INFO  [INFO] Resolving artifact: org.hibernate.validator:hibernate-validator:jar:9.0.1.Final:compile (sources = false)
2026.01.14 14:34:00 INFO  [INFO] SUCCESS: org.hibernate.validator:hibernate-validator:jar:9.0.1.Final:compile (sources = false)
2026.01.14 14:34:00 INFO  [INFO] Resolving artifact: org.hibernate.validator:hibernate-validator:jar:9.0.1.Final:compile (sources = true)
2026.01.14 14:34:00 INFO  [INFO] SUCCESS: org.hibernate.validator:hibernate-validator:jar:9.0.1.Final:compile (sources = true)
2026.01.14 14:34:00 INFO  [INFO] Resolving artifact: org.springframework:spring-context:jar:7.0.2:compile (sources = false)
2026.01.14 14:34:00 INFO  [INFO] SUCCESS: org.springframework:spring-context:jar:7.0.2:compile (sources = false)
2026.01.14 14:34:00 INFO  [INFO] Resolving artifact: org.springframework:spring-context:jar:7.0.2:compile (sources = true)
2026.01.14 14:34:00 INFO  [INFO] SUCCESS: org.springframework:spring-context:jar:7.0.2:compile (sources = true)
2026.01.14 14:34:00 INFO  [INFO] Resolving artifact: org.springframework.boot:spring-boot-webmvc:jar:4.0.1:compile (sources = false)
2026.01.14 14:34:00 INFO  [INFO] SUCCESS: org.springframework.boot:spring-boot-webmvc:jar:4.0.1:compile (sources = false)
2026.01.14 14:34:00 INFO  [INFO] Resolving artifact: org.springframework.boot:spring-boot-webmvc:jar:4.0.1:compile (sources = true)
2026.01.14 14:34:00 INFO  [INFO] SUCCESS: org.springframework.boot:spring-boot-webmvc:jar:4.0.1:compile (sources = true)
2026.01.14 14:34:00 INFO  [INFO] Resolving artifact: org.glassfish.jaxb:jaxb-core:jar:4.0.6:runtime (sources = false)
2026.01.14 14:34:00 INFO  [INFO] SUCCESS: org.glassfish.jaxb:jaxb-core:jar:4.0.6:runtime (sources = false)
2026.01.14 14:34:00 INFO  [INFO] Resolving artifact: org.glassfish.jaxb:jaxb-core:jar:4.0.6:runtime (sources = true)
2026.01.14 14:34:00 INFO  [INFO] SUCCESS: org.glassfish.jaxb:jaxb-core:jar:4.0.6:runtime (sources = true)
2026.01.14 14:34:00 INFO  [INFO] Resolving artifact: org.projectlombok:lombok:jar:1.18.42:compile (sources = false)
2026.01.14 14:34:00 INFO  [INFO] SUCCESS: org.projectlombok:lombok:jar:1.18.42:compile (sources = false)
2026.01.14 14:34:00 INFO  [INFO] Resolving artifact: org.projectlombok:lombok:jar:1.18.42:compile (sources = true)
2026.01.14 14:34:00 INFO  [INFO] SUCCESS: org.projectlombok:lombok:jar:1.18.42:compile (sources = true)
2026.01.14 14:34:00 INFO  [INFO] Resolving artifact: org.springframework.boot:spring-boot-starter:jar:4.0.1:compile (sources = false)
2026.01.14 14:34:00 INFO  [INFO] SUCCESS: org.springframework.boot:spring-boot-starter:jar:4.0.1:compile (sources = false)
2026.01.14 14:34:00 INFO  [INFO] Resolving artifact: org.springframework.boot:spring-boot-starter:jar:4.0.1:compile (sources = true)
2026.01.14 14:34:00 INFO  [INFO] SUCCESS: org.springframework.boot:spring-boot-starter:jar:4.0.1:compile (sources = true)
2026.01.14 14:34:00 INFO  [INFO] Resolving artifact: org.springframework.boot:spring-boot-devtools:jar:4.0.1:runtime (sources = false)
2026.01.14 14:34:00 INFO  [INFO] SUCCESS: org.springframework.boot:spring-boot-devtools:jar:4.0.1:runtime (sources = false)
2026.01.14 14:34:00 INFO  [INFO] Resolving artifact: org.springframework.boot:spring-boot-devtools:jar:4.0.1:runtime (sources = true)
2026.01.14 14:34:00 INFO  [INFO] SUCCESS: org.springframework.boot:spring-boot-devtools:jar:4.0.1:runtime (sources = true)
2026.01.14 14:34:00 INFO  [INFO] Resolving artifact: org.springframework.security:spring-security-crypto:jar:7.0.2:compile (sources = false)
2026.01.14 14:34:00 INFO  [INFO] SUCCESS: org.springframework.security:spring-security-crypto:jar:7.0.2:compile (sources = false)
2026.01.14 14:34:00 INFO  [INFO] Resolving artifact: org.springframework.security:spring-security-crypto:jar:7.0.2:compile (sources = true)
2026.01.14 14:34:00 INFO  [INFO] SUCCESS: org.springframework.security:spring-security-crypto:jar:7.0.2:compile (sources = true)
2026.01.14 14:34:00 INFO  [INFO] Resolving artifact: org.springframework.boot:spring-boot-micrometer-observation:jar:4.0.1:compile (sources = false)
2026.01.14 14:34:00 INFO  [INFO] SUCCESS: org.springframework.boot:spring-boot-micrometer-observation:jar:4.0.1:compile (sources = false)
2026.01.14 14:34:00 INFO  [INFO] Resolving artifact: org.springframework.boot:spring-boot-micrometer-observation:jar:4.0.1:compile (sources = true)
2026.01.14 14:34:00 INFO  [INFO] SUCCESS: org.springframework.boot:spring-boot-micrometer-observation:jar:4.0.1:compile (sources = true)
2026.01.14 14:34:00 INFO  [INFO] Resolving artifact: org.hibernate.orm:hibernate-core:jar:7.2.0.Final:compile (sources = false)
2026.01.14 14:34:00 INFO  [INFO] SUCCESS: org.hibernate.orm:hibernate-core:jar:7.2.0.Final:compile (sources = false)
2026.01.14 14:34:00 INFO  [INFO] Resolving artifact: org.hibernate.orm:hibernate-core:jar:7.2.0.Final:compile (sources = true)
2026.01.14 14:34:00 INFO  [INFO] SUCCESS: org.hibernate.orm:hibernate-core:jar:7.2.0.Final:compile (sources = true)
2026.01.14 14:34:00 INFO  [INFO] Resolving artifact: jakarta.annotation:jakarta.annotation-api:jar:3.0.0:compile (sources = false)
2026.01.14 14:34:00 INFO  [INFO] SUCCESS: jakarta.annotation:jakarta.annotation-api:jar:3.0.0:compile (sources = false)
2026.01.14 14:34:00 INFO  [INFO] Resolving artifact: jakarta.annotation:jakarta.annotation-api:jar:3.0.0:compile (sources = true)
2026.01.14 14:34:00 INFO  [INFO] SUCCESS: jakarta.annotation:jakarta.annotation-api:jar:3.0.0:compile (sources = true)
2026.01.14 14:34:00 INFO  [INFO] Resolving artifact: org.glassfish.jaxb:txw2:jar:4.0.6:runtime (sources = false)
2026.01.14 14:34:00 INFO  [INFO] SUCCESS: org.glassfish.jaxb:txw2:jar:4.0.6:runtime (sources = false)
2026.01.14 14:34:00 INFO  [INFO] Resolving artifact: org.glassfish.jaxb:txw2:jar:4.0.6:runtime (sources = true)
2026.01.14 14:34:00 INFO  [INFO] SUCCESS: org.glassfish.jaxb:txw2:jar:4.0.6:runtime (sources = true)
2026.01.14 14:34:00 INFO  [INFO] Resolving artifact: org.springframework:spring-aspects:jar:7.0.2:compile (sources = false)
2026.01.14 14:34:00 INFO  [INFO] SUCCESS: org.springframework:spring-aspects:jar:7.0.2:compile (sources = false)
2026.01.14 14:34:00 INFO  [INFO] Resolving artifact: org.springframework:spring-aspects:jar:7.0.2:compile (sources = true)
2026.01.14 14:34:00 INFO  [INFO] SUCCESS: org.springframework:spring-aspects:jar:7.0.2:compile (sources = true)
2026.01.14 14:34:00 INFO  [INFO] Resolving artifact: tools.jackson.core:jackson-core:jar:3.0.3:compile (sources = false)
2026.01.14 14:34:00 INFO  [INFO] SUCCESS: tools.jackson.core:jackson-core:jar:3.0.3:compile (sources = false)
2026.01.14 14:34:00 INFO  [INFO] Resolving artifact: tools.jackson.core:jackson-core:jar:3.0.3:compile (sources = true)
2026.01.14 14:34:00 INFO  [INFO] SUCCESS: tools.jackson.core:jackson-core:jar:3.0.3:compile (sources = true)
2026.01.14 14:34:00 INFO  [INFO] Resolving artifact: org.springframework.boot:spring-boot-tomcat:jar:4.0.1:compile (sources = false)
2026.01.14 14:34:00 INFO  [INFO] SUCCESS: org.springframework.boot:spring-boot-tomcat:jar:4.0.1:compile (sources = false)
2026.01.14 14:34:00 INFO  [INFO] Resolving artifact: org.springframework.boot:spring-boot-tomcat:jar:4.0.1:compile (sources = true)
2026.01.14 14:34:00 INFO  [INFO] SUCCESS: org.springframework.boot:spring-boot-tomcat:jar:4.0.1:compile (sources = true)
2026.01.14 14:34:00 INFO  [INFO] Resolving artifact: org.springframework:spring-core:jar:7.0.2:compile (sources = false)
2026.01.14 14:34:00 INFO  [INFO] SUCCESS: org.springframework:spring-core:jar:7.0.2:compile (sources = false)
2026.01.14 14:34:00 INFO  [INFO] Resolving artifact: org.springframework:spring-core:jar:7.0.2:compile (sources = true)
2026.01.14 14:34:00 INFO  [INFO] SUCCESS: org.springframework:spring-core:jar:7.0.2:compile (sources = true)
2026.01.14 14:34:00 INFO  [INFO] Resolving artifact: jakarta.inject:jakarta.inject-api:jar:2.0.1:runtime (sources = false)
2026.01.14 14:34:00 INFO  [INFO] SUCCESS: jakarta.inject:jakarta.inject-api:jar:2.0.1:runtime (sources = false)
2026.01.14 14:34:00 INFO  [INFO] Resolving artifact: jakarta.inject:jakarta.inject-api:jar:2.0.1:runtime (sources = true)
2026.01.14 14:34:00 INFO  [INFO] SUCCESS: jakarta.inject:jakarta.inject-api:jar:2.0.1:runtime (sources = true)
2026.01.14 14:34:00 INFO  [INFO] Resolving artifact: org.springframework.boot:spring-boot-starter-logging:jar:4.0.1:compile (sources = false)
2026.01.14 14:34:00 INFO  [INFO] SUCCESS: org.springframework.boot:spring-boot-starter-logging:jar:4.0.1:compile (sources = false)
2026.01.14 14:34:00 INFO  [INFO] Resolving artifact: org.springframework.boot:spring-boot-starter-logging:jar:4.0.1:compile (sources = true)
2026.01.14 14:34:00 INFO  [INFO] SUCCESS: org.springframework.boot:spring-boot-starter-logging:jar:4.0.1:compile (sources = true)
2026.01.14 14:34:00 INFO  [INFO] Resolving artifact: org.springframework.boot:spring-boot-micrometer-metrics:jar:4.0.1:compile (sources = false)
2026.01.14 14:34:00 INFO  [INFO] SUCCESS: org.springframework.boot:spring-boot-micrometer-metrics:jar:4.0.1:compile (sources = false)
2026.01.14 14:34:00 INFO  [INFO] Resolving artifact: org.springframework.boot:spring-boot-micrometer-metrics:jar:4.0.1:compile (sources = true)
2026.01.14 14:34:00 INFO  [INFO] SUCCESS: org.springframework.boot:spring-boot-micrometer-metrics:jar:4.0.1:compile (sources = true)
2026.01.14 14:34:00 INFO  [INFO] Resolving artifact: net.bytebuddy:byte-buddy:jar:1.17.8:runtime (sources = false)
2026.01.14 14:34:00 INFO  [INFO] SUCCESS: net.bytebuddy:byte-buddy:jar:1.17.8:runtime (sources = false)
2026.01.14 14:34:00 INFO  [INFO] Resolving artifact: net.bytebuddy:byte-buddy:jar:1.17.8:runtime (sources = true)
2026.01.14 14:34:00 INFO  [INFO] SUCCESS: net.bytebuddy:byte-buddy:jar:1.17.8:runtime (sources = true)
2026.01.14 14:34:00 INFO  [INFO] Resolving artifact: io.jsonwebtoken:jjwt-impl:jar:0.13.0:runtime (sources = false)
2026.01.14 14:34:00 INFO  [INFO] SUCCESS: io.jsonwebtoken:jjwt-impl:jar:0.13.0:runtime (sources = false)
2026.01.14 14:34:00 INFO  [INFO] Resolving artifact: io.jsonwebtoken:jjwt-impl:jar:0.13.0:runtime (sources = true)
2026.01.14 14:34:00 INFO  [INFO] SUCCESS: io.jsonwebtoken:jjwt-impl:jar:0.13.0:runtime (sources = true)
2026.01.14 14:34:00 INFO  [INFO] Resolving artifact: org.springframework.boot:spring-boot-jpa:jar:4.0.1:compile (sources = false)
2026.01.14 14:34:00 INFO  [INFO] SUCCESS: org.springframework.boot:spring-boot-jpa:jar:4.0.1:compile (sources = false)
2026.01.14 14:34:00 INFO  [INFO] Resolving artifact: org.springframework.boot:spring-boot-jpa:jar:4.0.1:compile (sources = true)
2026.01.14 14:34:00 INFO  [INFO] SUCCESS: org.springframework.boot:spring-boot-jpa:jar:4.0.1:compile (sources = true)
2026.01.14 14:34:00 INFO  [INFO] Resolving artifact: jakarta.activation:jakarta.activation-api:jar:2.1.4:runtime (sources = false)
2026.01.14 14:34:00 INFO  [INFO] SUCCESS: jakarta.activation:jakarta.activation-api:jar:2.1.4:runtime (sources = false)
2026.01.14 14:34:00 INFO  [INFO] Resolving artifact: jakarta.activation:jakarta.activation-api:jar:2.1.4:runtime (sources = true)
2026.01.14 14:34:00 INFO  [INFO] SUCCESS: jakarta.activation:jakarta.activation-api:jar:2.1.4:runtime (sources = true)
2026.01.14 14:34:00 INFO  [INFO] Resolving artifact: org.springframework.boot:spring-boot-starter-data-jpa:jar:4.0.1:compile (sources = false)
2026.01.14 14:34:00 INFO  [INFO] SUCCESS: org.springframework.boot:spring-boot-starter-data-jpa:jar:4.0.1:compile (sources = false)
2026.01.14 14:34:00 INFO  [INFO] Resolving artifact: org.springframework.boot:spring-boot-starter-data-jpa:jar:4.0.1:compile (sources = true)
2026.01.14 14:34:00 INFO  [INFO] SUCCESS: org.springframework.boot:spring-boot-starter-data-jpa:jar:4.0.1:compile (sources = true)
2026.01.14 14:34:00 INFO  [INFO] Resolving artifact: org.springframework:spring-orm:jar:7.0.2:compile (sources = false)
2026.01.14 14:34:00 INFO  [INFO] SUCCESS: org.springframework:spring-orm:jar:7.0.2:compile (sources = false)
2026.01.14 14:34:00 INFO  [INFO] Resolving artifact: org.springframework:spring-orm:jar:7.0.2:compile (sources = true)
2026.01.14 14:34:00 INFO  [INFO] SUCCESS: org.springframework:spring-orm:jar:7.0.2:compile (sources = true)
2026.01.14 14:34:00 INFO  [INFO] Resolving artifact: org.springframework.boot:spring-boot-hibernate:jar:4.0.1:compile (sources = false)
2026.01.14 14:34:00 INFO  [INFO] SUCCESS: org.springframework.boot:spring-boot-hibernate:jar:4.0.1:compile (sources = false)
2026.01.14 14:34:00 INFO  [INFO] Resolving artifact: org.springframework.boot:spring-boot-hibernate:jar:4.0.1:compile (sources = true)
2026.01.14 14:34:00 INFO  [INFO] SUCCESS: org.springframework.boot:spring-boot-hibernate:jar:4.0.1:compile (sources = true)
2026.01.14 14:34:00 INFO  [INFO] Resolving artifact: org.springframework.boot:spring-boot-sql:jar:4.0.1:compile (sources = false)
2026.01.14 14:34:00 INFO  [INFO] SUCCESS: org.springframework.boot:spring-boot-sql:jar:4.0.1:compile (sources = false)
2026.01.14 14:34:00 INFO  [INFO] Resolving artifact: org.springframework.boot:spring-boot-sql:jar:4.0.1:compile (sources = true)
2026.01.14 14:34:00 INFO  [INFO] SUCCESS: org.springframework.boot:spring-boot-sql:jar:4.0.1:compile (sources = true)
2026.01.14 14:34:00 INFO  [INFO] Resolving artifact: org.latencyutils:LatencyUtils:jar:2.0.3:runtime (sources = false)
2026.01.14 14:34:00 INFO  [INFO] SUCCESS: org.latencyutils:LatencyUtils:jar:2.0.3:runtime (sources = false)
2026.01.14 14:34:00 INFO  [INFO] Resolving artifact: org.latencyutils:LatencyUtils:jar:2.0.3:runtime (sources = true)
2026.01.14 14:34:00 INFO  [INFO] SUCCESS: org.latencyutils:LatencyUtils:jar:2.0.3:runtime (sources = true)
2026.01.14 14:34:00 INFO  [INFO] Resolving artifact: org.springframework.boot:spring-boot-servlet:jar:4.0.1:compile (sources = false)
2026.01.14 14:34:00 INFO  [INFO] SUCCESS: org.springframework.boot:spring-boot-servlet:jar:4.0.1:compile (sources = false)
2026.01.14 14:34:00 INFO  [INFO] Resolving artifact: org.springframework.boot:spring-boot-servlet:jar:4.0.1:compile (sources = true)
2026.01.14 14:34:00 INFO  [INFO] SUCCESS: org.springframework.boot:spring-boot-servlet:jar:4.0.1:compile (sources = true)
2026.01.14 14:34:00 INFO  [INFO] Resolving artifact: org.apache.tomcat.embed:tomcat-embed-websocket:jar:11.0.15:compile (sources = false)
2026.01.14 14:34:00 INFO  [INFO] SUCCESS: org.apache.tomcat.embed:tomcat-embed-websocket:jar:11.0.15:compile (sources = false)
2026.01.14 14:34:00 INFO  [INFO] Resolving artifact: org.apache.tomcat.embed:tomcat-embed-websocket:jar:11.0.15:compile (sources = true)
2026.01.14 14:34:00 INFO  [INFO] SUCCESS: org.apache.tomcat.embed:tomcat-embed-websocket:jar:11.0.15:compile (sources = true)
2026.01.14 14:34:00 INFO  [INFO] Resolving artifact: org.springframework.boot:spring-boot-starter-security:jar:4.0.1:compile (sources = false)
2026.01.14 14:34:00 INFO  [INFO] SUCCESS: org.springframework.boot:spring-boot-starter-security:jar:4.0.1:compile (sources = false)
2026.01.14 14:34:00 INFO  [INFO] Resolving artifact: org.springframework.boot:spring-boot-starter-security:jar:4.0.1:compile (sources = true)
2026.01.14 14:34:00 INFO  [INFO] SUCCESS: org.springframework.boot:spring-boot-starter-security:jar:4.0.1:compile (sources = true)
2026.01.14 14:34:00 INFO  [INFO] Resolving artifact: org.yaml:snakeyaml:jar:2.5:compile (sources = false)
2026.01.14 14:34:00 INFO  [INFO] SUCCESS: org.yaml:snakeyaml:jar:2.5:compile (sources = false)
2026.01.14 14:34:00 INFO  [INFO] Resolving artifact: org.yaml:snakeyaml:jar:2.5:compile (sources = true)
2026.01.14 14:34:00 INFO  [INFO] SUCCESS: org.yaml:snakeyaml:jar:2.5:compile (sources = true)
2026.01.14 14:34:00 INFO  [INFO] Resolving artifact: org.eclipse.angus:angus-activation:jar:2.0.3:runtime (sources = false)
2026.01.14 14:34:00 INFO  [INFO] SUCCESS: org.eclipse.angus:angus-activation:jar:2.0.3:runtime (sources = false)
2026.01.14 14:34:00 INFO  [INFO] Resolving artifact: org.eclipse.angus:angus-activation:jar:2.0.3:runtime (sources = true)
2026.01.14 14:34:00 INFO  [INFO] SUCCESS: org.eclipse.angus:angus-activation:jar:2.0.3:runtime (sources = true)
2026.01.14 14:34:00 INFO  [INFO] Resolving artifact: io.micrometer:micrometer-core:jar:1.16.1:compile (sources = false)
2026.01.14 14:34:00 INFO  [INFO] SUCCESS: io.micrometer:micrometer-core:jar:1.16.1:compile (sources = false)
2026.01.14 14:34:00 INFO  [INFO] Resolving artifact: io.micrometer:micrometer-core:jar:1.16.1:compile (sources = true)
2026.01.14 14:34:00 INFO  [INFO] SUCCESS: io.micrometer:micrometer-core:jar:1.16.1:compile (sources = true)
2026.01.14 14:34:00 INFO  [INFO] Resolving artifact: org.springframework.boot:spring-boot-persistence:jar:4.0.1:compile (sources = false)
2026.01.14 14:34:00 INFO  [INFO] SUCCESS: org.springframework.boot:spring-boot-persistence:jar:4.0.1:compile (sources = false)
2026.01.14 14:34:00 INFO  [INFO] Resolving artifact: org.springframework.boot:spring-boot-persistence:jar:4.0.1:compile (sources = true)
2026.01.14 14:34:00 INFO  [INFO] SUCCESS: org.springframework.boot:spring-boot-persistence:jar:4.0.1:compile (sources = true)
2026.01.14 14:34:00 INFO  [INFO] Resolving artifact: com.fasterxml.jackson.core:jackson-annotations:jar:2.20:compile (sources = false)
2026.01.14 14:34:00 INFO  [INFO] SUCCESS: com.fasterxml.jackson.core:jackson-annotations:jar:2.20:compile (sources = false)
2026.01.14 14:34:00 INFO  [INFO] Resolving artifact: com.fasterxml.jackson.core:jackson-annotations:jar:2.20:compile (sources = true)
2026.01.14 14:34:00 INFO  [INFO] SUCCESS: com.fasterxml.jackson.core:jackson-annotations:jar:2.20:compile (sources = true)
2026.01.14 14:34:00 INFO  [INFO] Resolving artifact: jakarta.validation:jakarta.validation-api:jar:3.1.1:compile (sources = false)
2026.01.14 14:34:00 INFO  [INFO] SUCCESS: jakarta.validation:jakarta.validation-api:jar:3.1.1:compile (sources = false)
2026.01.14 14:34:00 INFO  [INFO] Resolving artifact: jakarta.validation:jakarta.validation-api:jar:3.1.1:compile (sources = true)
2026.01.14 14:34:00 INFO  [INFO] SUCCESS: jakarta.validation:jakarta.validation-api:jar:3.1.1:compile (sources = true)
2026.01.14 14:34:02 INFO  [INFO] Generated .bloop\unibank_api-test.json
2026.01.14 14:34:02 INFO  [INFO] ------------------------------------------------------------------------
2026.01.14 14:34:02 INFO  [INFO] BUILD SUCCESS
2026.01.14 14:34:02 INFO  [INFO] ------------------------------------------------------------------------
2026.01.14 14:34:02 INFO  [INFO] Total time:  27.006 s
2026.01.14 14:34:02 INFO  [INFO] Finished at: 2026-01-14T14:34:02Z
2026.01.14 14:34:02 INFO  [INFO] ------------------------------------------------------------------------
2026.01.14 14:34:02 INFO  time: ran 'mvn bloopInstall' in 33s
2026.01.14 14:34:02 INFO  Attempting to connect to the build server...
2026.01.14 14:34:02 INFO  Found a Bloop server running
2026.01.14 14:34:04 INFO  tracing is disabled for protocol BSP, to enable tracing of incoming and outgoing JSON messages create an empty file at C:\Users\EbrimaMbye\Desktop\A_Teaching\lima-final-programming-II\unibank_api\.metals\bsp.trace.json or C:\Users\EbrimaMbye\AppData\Local\scalameta\metals\cache\bsp.trace.json
2026.01.14 14:34:04 INFO  time: Connected to build server in 2.36s
2026.01.14 14:34:04 INFO  Connected to Build server: Bloop v2.0.17
2026.01.14 14:34:05 INFO  time: Imported build in 0.48s
2026.01.14 14:34:08 INFO  compiling unibank_api (66 java sources)
2026.01.14 14:34:09 INFO  Created report: Optional[file:///C:/Users/EbrimaMbye/Desktop/A_Teaching/lima-final-programming-II/unibank_api/src/main/java/com/unibank/api/UnibankApiApplication.java]
2026.01.14 14:34:09 INFO  empty definition using pc, found symbol in pc: org/springframework/boot/SpringApplication# (full report at: "C:\Users\EbrimaMbye\Desktop\A_Teaching\lima-final-programming-II\unibank_api\.metals\.reports\metals-full\2026-01-14\r_empty-definition_(unibank_5fapi)_14-34-09-811.md")
2026.01.14 14:34:11 INFO  Created report: Optional[file:///C:/Users/EbrimaMbye/Desktop/A_Teaching/lima-final-programming-II/unibank_api/src/main/java/com/unibank/api/UnibankApiApplication.java]
2026.01.14 14:34:11 INFO  empty definition using pc, found symbol in pc: org/springframework/boot/autoconfigure/SpringBootApplication# (full report at: "C:\Users\EbrimaMbye\Desktop\A_Teaching\lima-final-programming-II\unibank_api\.metals\.reports\metals-full\2026-01-14\r_empty-definition_(unibank_5fapi)_14-34-11-737.md")
2026.01.14 14:34:11 INFO  empty definition using pc, found symbol in pc: org/springframework/boot/SpringApplication# (full report at: "C:\Users\EbrimaMbye\Desktop\A_Teaching\lima-final-programming-II\unibank_api\.metals\.reports\metals-full\2026-01-14\r_empty-definition_(unibank_5fapi)_14-34-09-811.md")
2026.01.14 14:34:15 WARN  Using H2 2.4.240 which is newer than the version Flyway has been verified with. The latest verified version of H2 is 2.3.232.
2026.01.14 14:34:17 WARN  Unexpected javac output: WARNING: A terminally deprecated method in sun.misc.Unsafe has been called
WARNING: sun.misc.Unsafe::arrayBaseOffset has been called by com.sourcegraph.shaded.com.google.protobuf.UnsafeUtil$MemoryAccessor (file:/C:/Users/EbrimaMbye/AppData/Local/bloop/cache/semanticdb/com.sourcegraph.semanticdb-javac.0.11.1/semanticdb-javac-0.11.1.jar)
WARNING: Please consider reporting this to the maintainers of class com.sourcegraph.shaded.com.google.protobuf.UnsafeUtil$MemoryAccessor
WARNING: sun.misc.Unsafe::arrayBaseOffset will be removed in a future release
C:\Users\EbrimaMbye\Desktop\A_Teaching\lima-final-programming-II\unibank_api\src\main\java\com\unibank\api\accounts\Account.java:31: error: cannot find symbol
        dto.setUuid(getUuid());
                    ^
  symbol:   method getUuid()
  location: class Account
C:\Users\EbrimaMbye\Desktop\A_Teaching\lima-final-programming-II\unibank_api\src\main\java\com\unibank\api\accounts\Account.java:32: error: cannot find symbol
        dto.setAccountNumber(accountNumber);
           ^
  symbol:   method setAccountNumber(Long)
  location: variable dto of type AccountResponseDTO
C:\Users\EbrimaMbye\Desktop\A_Teaching\lima-final-programming-II\unibank_api\src\main\java\com\unibank\api\accounts\Account.java:33: error: cannot find symbol
        dto.setBalance(balance);
           ^
  symbol:   method setBalance(Double)
  location: variable dto of type AccountResponseDTO
C:\Users\EbrimaMbye\Desktop\A_Teaching\lima-final-programming-II\unibank_api\src\main\java\com\unibank\api\accounts\Account.java:34: error: cannot find symbol
        dto.setCustomer(customer.toResponseDTO());
           ^
  symbol:   method setCustomer(CustomerResponseDTO)
  location: variable dto of type AccountResponseDTO
C:\Users\EbrimaMbye\Desktop\A_Teaching\lima-final-programming-II\unibank_api\src\main\java\com\unibank\api\accounts\Account.java:35: error: cannot find symbol
        dto.setAccountType(accountType.getType());
                                      ^
  symbol:   method getType()
  location: variable accountType of type AccountType
C:\Users\EbrimaMbye\Desktop\A_Teaching\lima-final-programming-II\unibank_api\src\main\java\com\unibank\api\accounts\Account.java:36: error: cannot find symbol
        dto.setStatus(getStatus());
                      ^
  symbol:   method getStatus()
  location: class Account
C:\Users\EbrimaMbye\Desktop\A_Teaching\lima-final-programming-II\unibank_api\src\main\java\com\unibank\api\accounts\Account.java:37: error: cannot find symbol
        dto.setCreatedAt(getCreatedAt());
                         ^
  symbol:   method getCreatedAt()
  location: class Account
C:\Users\EbrimaMbye\Desktop\A_Teaching\lima-final-programming-II\unibank_api\src\main\java\com\unibank\api\accounts\Account.java:38: error: cannot find symbol
        dto.setUpdatedAt(getUpdatedAt());
                         ^
  symbol:   method getUpdatedAt()
  location: class Account
C:\Users\EbrimaMbye\Desktop\A_Teaching\lima-final-programming-II\unibank_api\src\main\java\com\unibank\api\customers\Customer.java:34: error: cannot find symbol
        responseDTO.setUuid(getUuid());
                            ^
  symbol:   method getUuid()
  location: class Customer
C:\Users\EbrimaMbye\Desktop\A_Teaching\lima-final-programming-II\unibank_api\src\main\java\com\unibank\api\customers\Customer.java:35: error: cannot find symbol
        responseDTO.setFullName(getFullName());
                                ^
  symbol:   method getFullName()
  location: class Customer
C:\Users\EbrimaMbye\Desktop\A_Teaching\lima-final-programming-II\unibank_api\src\main\java\com\unibank\api\customers\Customer.java:36: error: cannot find symbol
        responseDTO.setDob(getDob());
                           ^
  symbol:   method getDob()
  location: class Customer
C:\Users\EbrimaMbye\Desktop\A_Teaching\lima-final-programming-II\unibank_api\src\main\java\com\unibank\api\customers\Customer.java:37: error: cannot find symbol
        responseDTO.setPhoneNumber(getPhoneNumber());
                                   ^
  symbol:   method getPhoneNumber()
  location: class Customer
C:\Users\EbrimaMbye\Desktop\A_Teaching\lima-final-programming-II\unibank_api\src\main\java\com\unibank\api\customers\Customer.java:38: error: cannot find symbol
        responseDTO.setEmail(getEmail());
                             ^
  symbol:   method getEmail()
  location: class Customer
C:\Users\EbrimaMbye\Desktop\A_Teaching\lima-final-programming-II\unibank_api\src\main\java\com\unibank\api\customers\Customer.java:39: error: cannot find symbol
        responseDTO.setAddress(getAddress());
                               ^
  symbol:   method getAddress()
  location: class Customer
C:\Users\EbrimaMbye\Desktop\A_Teaching\lima-final-programming-II\unibank_api\src\main\java\com\unibank\api\customers\Customer.java:40: error: cannot find symbol
        responseDTO.setNationalId(getNationalId());
                                  ^
  symbol:   method getNationalId()
  location: class Customer
C:\Users\EbrimaMbye\Desktop\A_Teaching\lima-final-programming-II\unibank_api\src\main\java\com\unibank\api\customers\Customer.java:41: error: cannot find symbol
        responseDTO.setCreatedAt(getCreatedAt());
                                 ^
  symbol:   method getCreatedAt()
  location: class Customer
C:\Users\EbrimaMbye\Desktop\A_Teaching\lima-final-programming-II\unibank_api\src\main\java\com\unibank\api\customers\Customer.java:42: error: cannot find symbol
        responseDTO.setUpdatedAt(getUpdatedAt());
                                 ^
  symbol:   method getUpdatedAt()
  location: class Customer
C:\Users\EbrimaMbye\Desktop\A_Teaching\lima-final-programming-II\unibank_api\src\main\java\com\unibank\api\customers\Customer.java:43: error: cannot find symbol
        responseDTO.setStatus(getStatus());
                              ^
  symbol:   method getStatus()
  location: class Customer
C:\Users\EbrimaMbye\Desktop\A_Teaching\lima-final-programming-II\unibank_api\src\main\java\com\unibank\api\accounts\AccountType.java:26: error: cannot find symbol
        responseDTO.setUuid(getUuid());
                            ^
  symbol:   method getUuid()
  location: class AccountType
C:\Users\EbrimaMbye\Desktop\A_Teaching\lima-final-programming-II\unibank_api\src\main\java\com\unibank\api\accounts\AccountType.java:27: error: cannot find symbol
        responseDTO.setType(getType());
                            ^
  symbol:   method getType()
  location: class AccountType
C:\Users\EbrimaMbye\Desktop\A_Teaching\lima-final-programming-II\unibank_api\src\main\java\com\unibank\api\accounts\AccountType.java:28: error: cannot find symbol
        responseDTO.setStatus(getStatus());
                              ^
  symbol:   method getStatus()
  location: class AccountType
C:\Users\EbrimaMbye\Desktop\A_Teaching\lima-final-programming-II\unibank_api\src\main\java\com\unibank\api\accounts\AccountType.java:29: error: cannot find symbol
        responseDTO.setCreatedAt(getCreatedAt());
                                 ^
  symbol:   method getCreatedAt()
  location: class AccountType
C:\Users\EbrimaMbye\Desktop\A_Teaching\lima-final-programming-II\unibank_api\src\main\java\com\unibank\api\accounts\AccountType.java:30: error: cannot find symbol
        responseDTO.setUpdatedAt(getUpdatedAt());
                                 ^
  symbol:   method getUpdatedAt()
  location: class AccountType
C:\Users\EbrimaMbye\Desktop\A_Teaching\lima-final-programming-II\unibank_api\src\main\java\com\unibank\api\accounts\AccountService.java:37: error: cannot find symbol
        Customer customer = customerRepository.findById(request.getCustomerId())
                                                               ^
  symbol:   method getCustomerId()
  location: variable request of type AccountCreateDTO
C:\Users\EbrimaMbye\Desktop\A_Teaching\lima-final-programming-II\unibank_api\src\main\java\com\unibank\api\accounts\AccountService.java:40: error: cannot find symbol
        AccountType accountType = accountTypeRepository.findById(request.getAccountTypeId())
                                                                        ^
  symbol:   method getAccountTypeId()
  location: variable request of type AccountCreateDTO
C:\Users\EbrimaMbye\Desktop\A_Teaching\lima-final-programming-II\unibank_api\src\main\java\com\unibank\api\accounts\AccountService.java:44: error: cannot find symbol
        account.setCustomer(customer);
               ^
  symbol:   method setCustomer(Customer)
  location: variable account of type Account
C:\Users\EbrimaMbye\Desktop\A_Teaching\lima-final-programming-II\unibank_api\src\main\java\com\unibank\api\accounts\AccountService.java:45: error: cannot find symbol
        account.setAccountType(accountType);
               ^
  symbol:   method setAccountType(AccountType)
  location: variable account of type Account
C:\Users\EbrimaMbye\Desktop\A_Teaching\lima-final-programming-II\unibank_api\src\main\java\com\unibank\api\accounts\AccountService.java:46: error: cannot find symbol
        account.setBalance(request.getInitialBalance());
                                  ^
  symbol:   method getInitialBalance()
  location: variable request of type AccountCreateDTO
C:\Users\EbrimaMbye\Desktop\A_Teaching\lima-final-programming-II\unibank_api\src\main\java\com\unibank\api\accounts\AccountService.java:47: error: cannot find symbol
        account.setAccountNumber(generateAccountNumber());
               ^
  symbol:   method setAccountNumber(Long)
  location: variable account of type Account
C:\Users\EbrimaMbye\Desktop\A_Teaching\lima-final-programming-II\unibank_api\src\main\java\com\unibank\api\accounts\AccountService.java:74: error: cannot find symbol
        AccountType accountType = accountTypeRepository.findById(request.getAccountTypeId())
                                                                        ^
  symbol:   method getAccountTypeId()
  location: variable request of type AccountUpdateDTO
C:\Users\EbrimaMbye\Desktop\A_Teaching\lima-final-programming-II\unibank_api\src\main\java\com\unibank\api\accounts\AccountService.java:77: error: cannot find symbol
        account.setAccountType(accountType);
               ^
  symbol:   method setAccountType(AccountType)
  location: variable account of type Account
C:\Users\EbrimaMbye\Desktop\A_Teaching\lima-final-programming-II\unibank_api\src\main\java\com\unibank\api\accounts\AccountService.java:87: error: cannot find symbol
        account.setStatus(BaseEntity.Status.INACTIVE);
               ^
  symbol:   method setStatus(Status)
  location: variable account of type Account
C:\Users\EbrimaMbye\Desktop\A_Teaching\lima-final-programming-II\unibank_api\src\main\java\com\unibank\api\advice\AuthenticationAdvice.java:19: error: cannot find symbol
        ApiErrorResponse response = ApiErrorResponse.builder()
                                                    ^
  symbol:   method builder()
  location: class ApiErrorResponse
C:\Users\EbrimaMbye\Desktop\A_Teaching\lima-final-programming-II\unibank_api\src\main\java\com\unibank\api\advice\AuthenticationAdvice.java:31: error: cannot find symbol
        ApiErrorResponse response = ApiErrorResponse.builder()
                                                    ^
  symbol:   method builder()
  location: class ApiErrorResponse
C:\Users\EbrimaMbye\Desktop\A_Teaching\lima-final-programming-II\unibank_api\src\main\java\com\unibank\api\advice\GlobalAdvice.java:28: error: cannot find symbol
        ApiErrorResponse response = ApiErrorResponse.builder()
                                                    ^
  symbol:   method builder()
  location: class ApiErrorResponse
C:\Users\EbrimaMbye\Desktop\A_Teaching\lima-final-programming-II\unibank_api\src\main\java\com\unibank\api\advice\GlobalAdvice.java:42: error: cannot find symbol
        ApiErrorResponse response = ApiErrorResponse.builder()
                                                    ^
  symbol:   method builder()
  location: class ApiErrorResponse
C:\Users\EbrimaMbye\Desktop\A_Teaching\lima-final-programming-II\unibank_api\src\main\java\com\unibank\api\configurations\jwt\JwtUtil.java:41: error: cannot find symbol
            log.debug("Token is null or empty");
            ^
  symbol:   variable log
  location: class JwtUtil
C:\Users\EbrimaMbye\Desktop\A_Teaching\lima-final-programming-II\unibank_api\src\main\java\com\unibank\api\configurations\jwt\JwtUtil.java:52: error: cannot find symbol
            log.warn("JWT token expired for token: {}", token.substring(0, Math.min(20, token.length())));
            ^
  symbol:   variable log
  location: class JwtUtil
C:\Users\EbrimaMbye\Desktop\A_Teaching\lima-final-programming-II\unibank_api\src\main\java\com\unibank\api\configurations\jwt\JwtUtil.java:54: error: cannot find symbol
            log.error("Invalid JWT token: {}", e.getMessage());
            ^
  symbol:   variable log
  location: class JwtUtil
C:\Users\EbrimaMbye\Desktop\A_Teaching\lima-final-programming-II\unibank_api\src\main\java\com\unibank\api\configurations\jwt\JwtUtil.java:56: error: cannot find symbol
            log.error("Unexpected error validating JWT: {}", e.getMessage(), e);
            ^
  symbol:   variable log
  location: class JwtUtil
C:\Users\EbrimaMbye\Desktop\A_Teaching\lima-final-programming-II\unibank_api\src\main\java\com\unibank\api\users\User.java:26: error: User is not abstract and does not override abstract method getUsername() in UserDetails
public class User extends BaseEntity implements UserDetails {
       ^
C:\Users\EbrimaMbye\Desktop\A_Teaching\lima-final-programming-II\unibank_api\src\main\java\com\unibank\api\users\User.java:43: error: cannot find symbol
        response.setUuid(getUuid());
                         ^
  symbol:   method getUuid()
  location: class User
C:\Users\EbrimaMbye\Desktop\A_Teaching\lima-final-programming-II\unibank_api\src\main\java\com\unibank\api\users\User.java:44: error: cannot find symbol
        response.setFirstName(firstName);
                ^
  symbol:   method setFirstName(String)
  location: variable response of type UserResponseDTO
C:\Users\EbrimaMbye\Desktop\A_Teaching\lima-final-programming-II\unibank_api\src\main\java\com\unibank\api\users\User.java:45: error: cannot find symbol
        response.setLastName(lastName);
                ^
  symbol:   method setLastName(String)
  location: variable response of type UserResponseDTO
C:\Users\EbrimaMbye\Desktop\A_Teaching\lima-final-programming-II\unibank_api\src\main\java\com\unibank\api\users\User.java:46: error: cannot find symbol
        response.setEmail(email);
                ^
  symbol:   method setEmail(String)
  location: variable response of type UserResponseDTO
C:\Users\EbrimaMbye\Desktop\A_Teaching\lima-final-programming-II\unibank_api\src\main\java\com\unibank\api\users\User.java:47: error: cannot find symbol
        response.setCreatedAt(getCreatedAt());
                              ^
  symbol:   method getCreatedAt()
  location: class User
C:\Users\EbrimaMbye\Desktop\A_Teaching\lima-final-programming-II\unibank_api\src\main\java\com\unibank\api\users\User.java:48: error: cannot find symbol
        response.setUpdatedAt(getUpdatedAt());
                              ^
  symbol:   method getUpdatedAt()
  location: class User
C:\Users\EbrimaMbye\Desktop\A_Teaching\lima-final-programming-II\unibank_api\src\main\java\com\unibank\api\users\User.java:49: error: cannot find symbol
        response.setUsername(username);
                ^
  symbol:   method setUsername(String)
  location: variable response of type UserResponseDTO
C:\Users\EbrimaMbye\Desktop\A_Teaching\lima-final-programming-II\unibank_api\src\main\java\com\unibank\api\users\User.java:50: error: cannot find symbol
        response.setRoles(getAuthorities().stream().map(GrantedAuthority::getAuthority).collect(Collectors.toSet()));
                ^
  symbol:   method setRoles(Set<String>)
  location: variable response of type UserResponseDTO
C:\Users\EbrimaMbye\Desktop\A_Teaching\lima-final-programming-II\unibank_api\src\main\java\com\unibank\api\users\User.java:51: error: cannot find symbol
        response.setStatus(getStatus());
                           ^
  symbol:   method getStatus()
  location: class User
C:\Users\EbrimaMbye\Desktop\A_Teaching\lima-final-programming-II\unibank_api\src\main\java\com\unibank\api\users\User.java:59: error: cannot find symbol
                .map(role -> new SimpleGrantedAuthority(role.getName().name()))
                                                            ^
  symbol:   method getName()
  location: variable role of type Role
C:\Users\EbrimaMbye\Desktop\A_Teaching\lima-final-programming-II\unibank_api\src\main\java\com\unibank\api\roles\Role.java:24: error: cannot find symbol
        responseDTO.setUuid(getUuid());
                            ^
  symbol:   method getUuid()
  location: class Role
C:\Users\EbrimaMbye\Desktop\A_Teaching\lima-final-programming-II\unibank_api\src\main\java\com\unibank\api\roles\Role.java:25: error: cannot find symbol
        responseDTO.setName(getName());
                            ^
  symbol:   method getName()
  location: class Role
C:\Users\EbrimaMbye\Desktop\A_Teaching\lima-final-programming-II\unibank_api\src\main\java\com\unibank\api\roles\Role.java:26: error: cannot find symbol
        responseDTO.setStatus(getStatus());
                              ^
  symbol:   method getStatus()
  location: class Role
C:\Users\EbrimaMbye\Desktop\A_Teaching\lima-final-programming-II\unibank_api\src\main\java\com\unibank\api\roles\Role.java:27: error: cannot find symbol
        responseDTO.setCreatedAt(getCreatedAt());
                                 ^
  symbol:   method getCreatedAt()
  location: class Role
C:\Users\EbrimaMbye\Desktop\A_Teaching\lima-final-programming-II\unibank_api\src\main\java\com\unibank\api\roles\Role.java:28: error: cannot find symbol
        responseDTO.setUpdatedAt(getUpdatedAt());
                                 ^
  symbol:   method getUpdatedAt()
  location: class Role
C:\Users\EbrimaMbye\Desktop\A_Teaching\lima-final-programming-II\unibank_api\src\main\java\com\unibank\api\customers\CustomerService.java:26: error: cannot find symbol
        customer.setFullName(request.getFullName());
                                    ^
  symbol:   method getFullName()
  location: variable request of type CustomerCreateDTO
C:\Users\EbrimaMbye\Desktop\A_Teaching\lima-final-programming-II\unibank_api\src\main\java\com\unibank\api\customers\CustomerService.java:27: error: cannot find symbol
        customer.setDob(request.getDob());
                               ^
  symbol:   method getDob()
  location: variable request of type CustomerCreateDTO
C:\Users\EbrimaMbye\Desktop\A_Teaching\lima-final-programming-II\unibank_api\src\main\java\com\unibank\api\customers\CustomerService.java:28: error: cannot find symbol
        customer.setPhoneNumber(request.getPhoneNumber());
                                       ^
  symbol:   method getPhoneNumber()
  location: variable request of type CustomerCreateDTO
C:\Users\EbrimaMbye\Desktop\A_Teaching\lima-final-programming-II\unibank_api\src\main\java\com\unibank\api\customers\CustomerService.java:29: error: cannot find symbol
        customer.setEmail(request.getEmail());
                                 ^
  symbol:   method getEmail()
  location: variable request of type CustomerCreateDTO
C:\Users\EbrimaMbye\Desktop\A_Teaching\lima-final-programming-II\unibank_api\src\main\java\com\unibank\api\customers\CustomerService.java:30: error: cannot find symbol
        customer.setAddress(request.getAddress());
                                   ^
  symbol:   method getAddress()
  location: variable request of type CustomerCreateDTO
C:\Users\EbrimaMbye\Desktop\A_Teaching\lima-final-programming-II\unibank_api\src\main\java\com\unibank\api\customers\CustomerService.java:31: error: cannot find symbol
        customer.setNationalId(request.getNationalId());
                                      ^
  symbol:   method getNationalId()
  location: variable request of type CustomerCreateDTO
C:\Users\EbrimaMbye\Desktop\A_Teaching\lima-final-programming-II\unibank_api\src\main\java\com\unibank\api\customers\CustomerService.java:57: error: cannot find symbol
        customer.setFullName(request.getFullName());
                                    ^
  symbol:   method getFullName()
  location: variable request of type CustomerUpdateDTO
C:\Users\EbrimaMbye\Desktop\A_Teaching\lima-final-programming-II\unibank_api\src\main\java\com\unibank\api\customers\CustomerService.java:58: error: cannot find symbol
        customer.setDob(request.getDob());
                               ^
  symbol:   method getDob()
  location: variable request of type CustomerUpdateDTO
C:\Users\EbrimaMbye\Desktop\A_Teaching\lima-final-programming-II\unibank_api\src\main\java\com\unibank\api\customers\CustomerService.java:59: error: cannot find symbol
        customer.setPhoneNumber(request.getPhoneNumber());
                                       ^
  symbol:   method getPhoneNumber()
  location: variable request of type CustomerUpdateDTO
C:\Users\EbrimaMbye\Desktop\A_Teaching\lima-final-programming-II\unibank_api\src\main\java\com\unibank\api\customers\CustomerService.java:60: error: cannot find symbol
        customer.setEmail(request.getEmail());
                                 ^
  symbol:   method getEmail()
  location: variable request of type CustomerUpdateDTO
C:\Users\EbrimaMbye\Desktop\A_Teaching\lima-final-programming-II\unibank_api\src\main\java\com\unibank\api\customers\CustomerService.java:61: error: cannot find symbol
        customer.setAddress(request.getAddress());
                                   ^
  symbol:   method getAddress()
  location: variable request of type CustomerUpdateDTO
C:\Users\EbrimaMbye\Desktop\A_Teaching\lima-final-programming-II\unibank_api\src\main\java\com\unibank\api\customers\CustomerService.java:62: error: cannot find symbol
        customer.setNationalId(request.getNationalId());
                                      ^
  symbol:   method getNationalId()
  location: variable request of type CustomerUpdateDTO
C:\Users\EbrimaMbye\Desktop\A_Teaching\lima-final-programming-II\unibank_api\src\main\java\com\unibank\api\customers\CustomerService.java:72: error: cannot find symbol
        customer.setStatus(BaseEntity.Status.INACTIVE);
                ^
  symbol:   method setStatus(Status)
  location: variable customer of type Customer
C:\Users\EbrimaMbye\Desktop\A_Teaching\lima-final-programming-II\unibank_api\src\main\java\com\unibank\api\reports\ReportService.java:38: error: invalid method reference
        Double transactionTotal = transactionRepository.findAll().stream().map(Transaction::getAmount)
                                                                               ^
  cannot find symbol
    symbol:   method getAmount()
    location: class Transaction
C:\Users\EbrimaMbye\Desktop\A_Teaching\lima-final-programming-II\unibank_api\src\main\java\com\unibank\api\reports\ReportService.java:41: error: cannot find symbol
        return DashboardResponseDTO.builder()
                                   ^
  symbol:   method builder()
  location: class DashboardResponseDTO
C:\Users\EbrimaMbye\Desktop\A_Teaching\lima-final-programming-II\unibank_api\src\main\java\com\unibank\api\transactions\Transaction.java:36: error: cannot find symbol
        dto.setUuid(getUuid());
                    ^
  symbol:   method getUuid()
  location: class Transaction
C:\Users\EbrimaMbye\Desktop\A_Teaching\lima-final-programming-II\unibank_api\src\main\java\com\unibank\api\transactions\Transaction.java:37: error: cannot find symbol
        dto.setAccount(account.toResponseDTO());
           ^
  symbol:   method setAccount(AccountResponseDTO)
  location: variable dto of type TransactionResponseDTO
C:\Users\EbrimaMbye\Desktop\A_Teaching\lima-final-programming-II\unibank_api\src\main\java\com\unibank\api\transactions\Transaction.java:38: error: cannot find symbol
        dto.setTransactionType(transactionType.getTransactionType());
                                              ^
  symbol:   method getTransactionType()
  location: variable transactionType of type TransactionType
C:\Users\EbrimaMbye\Desktop\A_Teaching\lima-final-programming-II\unibank_api\src\main\java\com\unibank\api\transactions\Transaction.java:39: error: cannot find symbol
        dto.setAmount(amount);
           ^
  symbol:   method setAmount(Double)
  location: variable dto of type TransactionResponseDTO
C:\Users\EbrimaMbye\Desktop\A_Teaching\lima-final-programming-II\unibank_api\src\main\java\com\unibank\api\transactions\Transaction.java:40: error: cannot find symbol
        dto.setPerformedBy(performedBy != null ? performedBy.toUserResponseDTO() : null);
           ^
  symbol:   method setPerformedBy(performedB[...] null)
  location: variable dto of type TransactionResponseDTO
C:\Users\EbrimaMbye\Desktop\A_Teaching\lima-final-programming-II\unibank_api\src\main\java\com\unibank\api\transactions\Transaction.java:41: error: cannot find symbol
        dto.setStatus(getStatus());
                      ^
  symbol:   method getStatus()
  location: class Transaction
C:\Users\EbrimaMbye\Desktop\A_Teaching\lima-final-programming-II\unibank_api\src\main\java\com\unibank\api\transactions\Transaction.java:42: error: cannot find symbol
        dto.setCreatedAt(getCreatedAt());
                         ^
  symbol:   method getCreatedAt()
  location: class Transaction
C:\Users\EbrimaMbye\Desktop\A_Teaching\lima-final-programming-II\unibank_api\src\main\java\com\unibank\api\transactions\Transaction.java:43: error: cannot find symbol
        dto.setUpdatedAt(getUpdatedAt());
                         ^
  symbol:   method getUpdatedAt()
  location: class Transaction
C:\Users\EbrimaMbye\Desktop\A_Teaching\lima-final-programming-II\unibank_api\src\main\java\com\unibank\api\transactions\TransactionType.java:24: error: cannot find symbol
        responseDTO.setUuid(getUuid());
                            ^
  symbol:   method getUuid()
  location: class TransactionType
C:\Users\EbrimaMbye\Desktop\A_Teaching\lima-final-programming-II\unibank_api\src\main\java\com\unibank\api\transactions\TransactionType.java:25: error: cannot find symbol
        responseDTO.setTransactionType(getTransactionType());
                                       ^
  symbol:   method getTransactionType()
  location: class TransactionType
C:\Users\EbrimaMbye\Desktop\A_Teaching\lima-final-programming-II\unibank_api\src\main\java\com\unibank\api\transactions\TransactionType.java:26: error: cannot find symbol
        responseDTO.setStatus(getStatus());
                              ^
  symbol:   method getStatus()
  location: class TransactionType
C:\Users\EbrimaMbye\Desktop\A_Teaching\lima-final-programming-II\unibank_api\src\main\java\com\unibank\api\transactions\TransactionType.java:27: error: cannot find symbol
        responseDTO.setCreatedAt(getCreatedAt());
                                 ^
  symbol:   method getCreatedAt()
  location: class TransactionType
C:\Users\EbrimaMbye\Desktop\A_Teaching\lima-final-programming-II\unibank_api\src\main\java\com\unibank\api\transactions\TransactionType.java:28: error: cannot find symbol
        responseDTO.setUpdatedAt(getUpdatedAt());
                                 ^
  symbol:   method getUpdatedAt()
  location: class TransactionType
C:\Users\EbrimaMbye\Desktop\A_Teaching\lima-final-programming-II\unibank_api\src\main\java\com\unibank\api\seeders\AccountTypeSeederServiceService.java:21: error: cannot find symbol
                type.setType(eType);
                    ^
  symbol:   method setType(EAccountType)
  location: variable type of type AccountType
C:\Users\EbrimaMbye\Desktop\A_Teaching\lima-final-programming-II\unibank_api\src\main\java\com\unibank\api\seeders\AdminUserSeederService.java:29: error: cannot find symbol
            admin.setFirstName("Admin");
                 ^
  symbol:   method setFirstName(String)
  location: variable admin of type User
C:\Users\EbrimaMbye\Desktop\A_Teaching\lima-final-programming-II\unibank_api\src\main\java\com\unibank\api\seeders\AdminUserSeederService.java:30: error: cannot find symbol
            admin.setLastName("Admin");
                 ^
  symbol:   method setLastName(String)
  location: variable admin of type User
C:\Users\EbrimaMbye\Desktop\A_Teaching\lima-final-programming-II\unibank_api\src\main\java\com\unibank\api\seeders\AdminUserSeederService.java:31: error: cannot find symbol
            admin.setUsername("admin");
                 ^
  symbol:   method setUsername(String)
  location: variable admin of type User
C:\Users\EbrimaMbye\Desktop\A_Teaching\lima-final-programming-II\unibank_api\src\main\java\com\unibank\api\seeders\AdminUserSeederService.java:32: error: cannot find symbol
            admin.setEmail("admin@unibank.com");
                 ^
  symbol:   method setEmail(String)
  location: variable admin of type User
C:\Users\EbrimaMbye\Desktop\A_Teaching\lima-final-programming-II\unibank_api\src\main\java\com\unibank\api\seeders\AdminUserSeederService.java:33: error: cannot find symbol
            admin.setPassword(passwordEncoder.encode("Pass@123"));
                 ^
  symbol:   method setPassword(String)
  location: variable admin of type User
C:\Users\EbrimaMbye\Desktop\A_Teaching\lima-final-programming-II\unibank_api\src\main\java\com\unibank\api\seeders\AdminUserSeederService.java:34: error: cannot find symbol
            admin.setRoles(Set.of(roleRepository.findByName(ERole.ROLE_ADMIN)
                 ^
  symbol:   method setRoles(Set<Role>)
  location: variable admin of type User
C:\Users\EbrimaMbye\Desktop\A_Teaching\lima-final-programming-II\unibank_api\src\main\java\com\unibank\api\seeders\RoleSeederServiceService.java:21: error: cannot find symbol
                role.setName(eRole);
                    ^
  symbol:   method setName(ERole)
  location: variable role of type Role
C:\Users\EbrimaMbye\Desktop\A_Teaching\lima-final-programming-II\unibank_api\src\main\java\com\unibank\api\seeders\TransactionTypeSeederServiceService.java:24: error: cannot find symbol
                transactionType.setTransactionType(eTransactionType);
                               ^
  symbol:   method setTransactionType(ETransactionType)
  location: variable transactionType of type TransactionType
C:\Users\EbrimaMbye\Desktop\A_Teaching\lima-final-programming-II\unibank_api\src\main\java\com\unibank\api\transactions\TransactionService.java:43: error: cannot find symbol
        Account account = accountRepository.findById(request.getAccountId())
                                                            ^
  symbol:   method getAccountId()
  location: variable request of type TransactionCreateDTO
C:\Users\EbrimaMbye\Desktop\A_Teaching\lima-final-programming-II\unibank_api\src\main\java\com\unibank\api\transactions\TransactionService.java:47: error: cannot find symbol
                .findById(request.getTransactionTypeId())
                                 ^
  symbol:   method getTransactionTypeId()
  location: variable request of type TransactionCreateDTO
C:\Users\EbrimaMbye\Desktop\A_Teaching\lima-final-programming-II\unibank_api\src\main\java\com\unibank\api\transactions\TransactionService.java:50: error: cannot find symbol
        User user = request.getPerformedBy() != null
                           ^
  symbol:   method getPerformedBy()
  location: variable request of type TransactionCreateDTO
C:\Users\EbrimaMbye\Desktop\A_Teaching\lima-final-programming-II\unibank_api\src\main\java\com\unibank\api\transactions\TransactionService.java:51: error: cannot find symbol
                ? userRepository.findById(request.getPerformedBy())
                                                 ^
  symbol:   method getPerformedBy()
  location: variable request of type TransactionCreateDTO
C:\Users\EbrimaMbye\Desktop\A_Teaching\lima-final-programming-II\unibank_api\src\main\java\com\unibank\api\transactions\TransactionService.java:55: error: cannot find symbol
        validateAndApplyBalance(account, transactionType, request.getAmount());
                                                                 ^
  symbol:   method getAmount()
  location: variable request of type TransactionCreateDTO
C:\Users\EbrimaMbye\Desktop\A_Teaching\lima-final-programming-II\unibank_api\src\main\java\com\unibank\api\transactions\TransactionService.java:58: error: cannot find symbol
        transaction.setAccount(account);
                   ^
  symbol:   method setAccount(Account)
  location: variable transaction of type Transaction
C:\Users\EbrimaMbye\Desktop\A_Teaching\lima-final-programming-II\unibank_api\src\main\java\com\unibank\api\transactions\TransactionService.java:59: error: cannot find symbol
        transaction.setTransactionType(transactionType);
                   ^
  symbol:   method setTransactionType(TransactionType)
  location: variable transaction of type Transaction
100 errors
only showing the first 100 errors, of 122 total; use -Xmaxerrs if you would like to see more.
2026.01.14 14:34:17 WARN  javac exited with exit code 1
2026.01.14 14:34:17 INFO  time: compiled unibank_api in 9.19s
2026.01.14 14:34:28 INFO  Created report: Optional[file:///C:/Users/EbrimaMbye/Desktop/A_Teaching/lima-final-programming-II/unibank_api/src/test/java/com/unibank/api/UnibankApiApplicationTests.java]
2026.01.14 14:34:28 INFO  empty definition using pc, found symbol in pc: org/junit/jupiter/api/Test# (full report at: "C:\Users\EbrimaMbye\Desktop\A_Teaching\lima-final-programming-II\unibank_api\.metals\.reports\metals-full\2026-01-14\r_empty-definition_(unibank_5fapi-test)_14-34-28-615.md")
2026.01.14 14:34:29 INFO  Created report: Optional[file:///C:/Users/EbrimaMbye/Desktop/A_Teaching/lima-final-programming-II/unibank_api/src/test/java/com/unibank/api/UnibankApiApplicationTests.java]
2026.01.14 14:34:29 INFO  empty definition using pc, found symbol in pc: org/springframework/boot/test/context/SpringBootTest# (full report at: "C:\Users\EbrimaMbye\Desktop\A_Teaching\lima-final-programming-II\unibank_api\.metals\.reports\metals-full\2026-01-14\r_empty-definition_(unibank_5fapi-test)_14-34-29-432.md")
2026.01.14 14:34:33 INFO  time: indexed workspace in 28s
2026.01.14 14:34:33 INFO  compiling unibank_api (66 java sources)
2026.01.14 14:34:39 WARN  Unexpected javac output: WARNING: A terminally deprecated method in sun.misc.Unsafe has been called
WARNING: sun.misc.Unsafe::arrayBaseOffset has been called by com.sourcegraph.shaded.com.google.protobuf.UnsafeUtil$MemoryAccessor (file:/C:/Users/EbrimaMbye/AppData/Local/bloop/cache/semanticdb/com.sourcegraph.semanticdb-javac.0.11.1/semanticdb-javac-0.11.1.jar)
WARNING: Please consider reporting this to the maintainers of class com.sourcegraph.shaded.com.google.protobuf.UnsafeUtil$MemoryAccessor
WARNING: sun.misc.Unsafe::arrayBaseOffset will be removed in a future release
C:\Users\EbrimaMbye\Desktop\A_Teaching\lima-final-programming-II\unibank_api\src\main\java\com\unibank\api\accounts\Account.java:31: error: cannot find symbol
        dto.setUuid(getUuid());
                    ^
  symbol:   method getUuid()
  location: class Account
C:\Users\EbrimaMbye\Desktop\A_Teaching\lima-final-programming-II\unibank_api\src\main\java\com\unibank\api\accounts\Account.java:32: error: cannot find symbol
        dto.setAccountNumber(accountNumber);
           ^
  symbol:   method setAccountNumber(Long)
  location: variable dto of type AccountResponseDTO
C:\Users\EbrimaMbye\Desktop\A_Teaching\lima-final-programming-II\unibank_api\src\main\java\com\unibank\api\accounts\Account.java:33: error: cannot find symbol
        dto.setBalance(balance);
           ^
  symbol:   method setBalance(Double)
  location: variable dto of type AccountResponseDTO
C:\Users\EbrimaMbye\Desktop\A_Teaching\lima-final-programming-II\unibank_api\src\main\java\com\unibank\api\accounts\Account.java:34: error: cannot find symbol
        dto.setCustomer(customer.toResponseDTO());
           ^
  symbol:   method setCustomer(CustomerResponseDTO)
  location: variable dto of type AccountResponseDTO
C:\Users\EbrimaMbye\Desktop\A_Teaching\lima-final-programming-II\unibank_api\src\main\java\com\unibank\api\accounts\Account.java:35: error: cannot find symbol
        dto.setAccountType(accountType.getType());
                                      ^
  symbol:   method getType()
  location: variable accountType of type AccountType
C:\Users\EbrimaMbye\Desktop\A_Teaching\lima-final-programming-II\unibank_api\src\main\java\com\unibank\api\accounts\Account.java:36: error: cannot find symbol
        dto.setStatus(getStatus());
                      ^
  symbol:   method getStatus()
  location: class Account
C:\Users\EbrimaMbye\Desktop\A_Teaching\lima-final-programming-II\unibank_api\src\main\java\com\unibank\api\accounts\Account.java:37: error: cannot find symbol
        dto.setCreatedAt(getCreatedAt());
                         ^
  symbol:   method getCreatedAt()
  location: class Account
C:\Users\EbrimaMbye\Desktop\A_Teaching\lima-final-programming-II\unibank_api\src\main\java\com\unibank\api\accounts\Account.java:38: error: cannot find symbol
        dto.setUpdatedAt(getUpdatedAt());
                         ^
  symbol:   method getUpdatedAt()
  location: class Account
C:\Users\EbrimaMbye\Desktop\A_Teaching\lima-final-programming-II\unibank_api\src\main\java\com\unibank\api\customers\Customer.java:34: error: cannot find symbol
        responseDTO.setUuid(getUuid());
                            ^
  symbol:   method getUuid()
  location: class Customer
C:\Users\EbrimaMbye\Desktop\A_Teaching\lima-final-programming-II\unibank_api\src\main\java\com\unibank\api\customers\Customer.java:35: error: cannot find symbol
        responseDTO.setFullName(getFullName());
                                ^
  symbol:   method getFullName()
  location: class Customer
C:\Users\EbrimaMbye\Desktop\A_Teaching\lima-final-programming-II\unibank_api\src\main\java\com\unibank\api\customers\Customer.java:36: error: cannot find symbol
        responseDTO.setDob(getDob());
                           ^
  symbol:   method getDob()
  location: class Customer
C:\Users\EbrimaMbye\Desktop\A_Teaching\lima-final-programming-II\unibank_api\src\main\java\com\unibank\api\customers\Customer.java:37: error: cannot find symbol
        responseDTO.setPhoneNumber(getPhoneNumber());
                                   ^
  symbol:   method getPhoneNumber()
  location: class Customer
C:\Users\EbrimaMbye\Desktop\A_Teaching\lima-final-programming-II\unibank_api\src\main\java\com\unibank\api\customers\Customer.java:38: error: cannot find symbol
        responseDTO.setEmail(getEmail());
                             ^
  symbol:   method getEmail()
  location: class Customer
C:\Users\EbrimaMbye\Desktop\A_Teaching\lima-final-programming-II\unibank_api\src\main\java\com\unibank\api\customers\Customer.java:39: error: cannot find symbol
        responseDTO.setAddress(getAddress());
                               ^
  symbol:   method getAddress()
  location: class Customer
C:\Users\EbrimaMbye\Desktop\A_Teaching\lima-final-programming-II\unibank_api\src\main\java\com\unibank\api\customers\Customer.java:40: error: cannot find symbol
        responseDTO.setNationalId(getNationalId());
                                  ^
  symbol:   method getNationalId()
  location: class Customer
C:\Users\EbrimaMbye\Desktop\A_Teaching\lima-final-programming-II\unibank_api\src\main\java\com\unibank\api\customers\Customer.java:41: error: cannot find symbol
        responseDTO.setCreatedAt(getCreatedAt());
                                 ^
  symbol:   method getCreatedAt()
  location: class Customer
C:\Users\EbrimaMbye\Desktop\A_Teaching\lima-final-programming-II\unibank_api\src\main\java\com\unibank\api\customers\Customer.java:42: error: cannot find symbol
        responseDTO.setUpdatedAt(getUpdatedAt());
                                 ^
  symbol:   method getUpdatedAt()
  location: class Customer
C:\Users\EbrimaMbye\Desktop\A_Teaching\lima-final-programming-II\unibank_api\src\main\java\com\unibank\api\customers\Customer.java:43: error: cannot find symbol
        responseDTO.setStatus(getStatus());
                              ^
  symbol:   method getStatus()
  location: class Customer
C:\Users\EbrimaMbye\Desktop\A_Teaching\lima-final-programming-II\unibank_api\src\main\java\com\unibank\api\accounts\AccountType.java:26: error: cannot find symbol
        responseDTO.setUuid(getUuid());
                            ^
  symbol:   method getUuid()
  location: class AccountType
C:\Users\EbrimaMbye\Desktop\A_Teaching\lima-final-programming-II\unibank_api\src\main\java\com\unibank\api\accounts\AccountType.java:27: error: cannot find symbol
        responseDTO.setType(getType());
                            ^
  symbol:   method getType()
  location: class AccountType
C:\Users\EbrimaMbye\Desktop\A_Teaching\lima-final-programming-II\unibank_api\src\main\java\com\unibank\api\accounts\AccountType.java:28: error: cannot find symbol
        responseDTO.setStatus(getStatus());
                              ^
  symbol:   method getStatus()
  location: class AccountType
C:\Users\EbrimaMbye\Desktop\A_Teaching\lima-final-programming-II\unibank_api\src\main\java\com\unibank\api\accounts\AccountType.java:29: error: cannot find symbol
        responseDTO.setCreatedAt(getCreatedAt());
                                 ^
  symbol:   method getCreatedAt()
  location: class AccountType
C:\Users\EbrimaMbye\Desktop\A_Teaching\lima-final-programming-II\unibank_api\src\main\java\com\unibank\api\accounts\AccountType.java:30: error: cannot find symbol
        responseDTO.setUpdatedAt(getUpdatedAt());
                                 ^
  symbol:   method getUpdatedAt()
  location: class AccountType
C:\Users\EbrimaMbye\Desktop\A_Teaching\lima-final-programming-II\unibank_api\src\main\java\com\unibank\api\accounts\AccountService.java:37: error: cannot find symbol
        Customer customer = customerRepository.findById(request.getCustomerId())
                                                               ^
  symbol:   method getCustomerId()
  location: variable request of type AccountCreateDTO
C:\Users\EbrimaMbye\Desktop\A_Teaching\lima-final-programming-II\unibank_api\src\main\java\com\unibank\api\accounts\AccountService.java:40: error: cannot find symbol
        AccountType accountType = accountTypeRepository.findById(request.getAccountTypeId())
                                                                        ^
  symbol:   method getAccountTypeId()
  location: variable request of type AccountCreateDTO
C:\Users\EbrimaMbye\Desktop\A_Teaching\lima-final-programming-II\unibank_api\src\main\java\com\unibank\api\accounts\AccountService.java:44: error: cannot find symbol
        account.setCustomer(customer);
               ^
  symbol:   method setCustomer(Customer)
  location: variable account of type Account
C:\Users\EbrimaMbye\Desktop\A_Teaching\lima-final-programming-II\unibank_api\src\main\java\com\unibank\api\accounts\AccountService.java:45: error: cannot find symbol
        account.setAccountType(accountType);
               ^
  symbol:   method setAccountType(AccountType)
  location: variable account of type Account
C:\Users\EbrimaMbye\Desktop\A_Teaching\lima-final-programming-II\unibank_api\src\main\java\com\unibank\api\accounts\AccountService.java:46: error: cannot find symbol
        account.setBalance(request.getInitialBalance());
                                  ^
  symbol:   method getInitialBalance()
  location: variable request of type AccountCreateDTO
C:\Users\EbrimaMbye\Desktop\A_Teaching\lima-final-programming-II\unibank_api\src\main\java\com\unibank\api\accounts\AccountService.java:47: error: cannot find symbol
        account.setAccountNumber(generateAccountNumber());
               ^
  symbol:   method setAccountNumber(Long)
  location: variable account of type Account
C:\Users\EbrimaMbye\Desktop\A_Teaching\lima-final-programming-II\unibank_api\src\main\java\com\unibank\api\accounts\AccountService.java:74: error: cannot find symbol
        AccountType accountType = accountTypeRepository.findById(request.getAccountTypeId())
                                                                        ^
  symbol:   method getAccountTypeId()
  location: variable request of type AccountUpdateDTO
C:\Users\EbrimaMbye\Desktop\A_Teaching\lima-final-programming-II\unibank_api\src\main\java\com\unibank\api\accounts\AccountService.java:77: error: cannot find symbol
        account.setAccountType(accountType);
               ^
  symbol:   method setAccountType(AccountType)
  location: variable account of type Account
C:\Users\EbrimaMbye\Desktop\A_Teaching\lima-final-programming-II\unibank_api\src\main\java\com\unibank\api\accounts\AccountService.java:87: error: cannot find symbol
        account.setStatus(BaseEntity.Status.INACTIVE);
               ^
  symbol:   method setStatus(Status)
  location: variable account of type Account
C:\Users\EbrimaMbye\Desktop\A_Teaching\lima-final-programming-II\unibank_api\src\main\java\com\unibank\api\advice\AuthenticationAdvice.java:19: error: cannot find symbol
        ApiErrorResponse response = ApiErrorResponse.builder()
                                                    ^
  symbol:   method builder()
  location: class ApiErrorResponse
C:\Users\EbrimaMbye\Desktop\A_Teaching\lima-final-programming-II\unibank_api\src\main\java\com\unibank\api\advice\AuthenticationAdvice.java:31: error: cannot find symbol
        ApiErrorResponse response = ApiErrorResponse.builder()
                                                    ^
  symbol:   method builder()
  location: class ApiErrorResponse
C:\Users\EbrimaMbye\Desktop\A_Teaching\lima-final-programming-II\unibank_api\src\main\java\com\unibank\api\advice\GlobalAdvice.java:28: error: cannot find symbol
        ApiErrorResponse response = ApiErrorResponse.builder()
                                                    ^
  symbol:   method builder()
  location: class ApiErrorResponse
C:\Users\EbrimaMbye\Desktop\A_Teaching\lima-final-programming-II\unibank_api\src\main\java\com\unibank\api\advice\GlobalAdvice.java:42: error: cannot find symbol
        ApiErrorResponse response = ApiErrorResponse.builder()
                                                    ^
  symbol:   method builder()
  location: class ApiErrorResponse
C:\Users\EbrimaMbye\Desktop\A_Teaching\lima-final-programming-II\unibank_api\src\main\java\com\unibank\api\configurations\jwt\JwtUtil.java:41: error: cannot find symbol
            log.debug("Token is null or empty");
            ^
  symbol:   variable log
  location: class JwtUtil
C:\Users\EbrimaMbye\Desktop\A_Teaching\lima-final-programming-II\unibank_api\src\main\java\com\unibank\api\configurations\jwt\JwtUtil.java:52: error: cannot find symbol
            log.warn("JWT token expired for token: {}", token.substring(0, Math.min(20, token.length())));
            ^
  symbol:   variable log
  location: class JwtUtil
C:\Users\EbrimaMbye\Desktop\A_Teaching\lima-final-programming-II\unibank_api\src\main\java\com\unibank\api\configurations\jwt\JwtUtil.java:54: error: cannot find symbol
            log.error("Invalid JWT token: {}", e.getMessage());
            ^
  symbol:   variable log
  location: class JwtUtil
C:\Users\EbrimaMbye\Desktop\A_Teaching\lima-final-programming-II\unibank_api\src\main\java\com\unibank\api\configurations\jwt\JwtUtil.java:56: error: cannot find symbol
            log.error("Unexpected error validating JWT: {}", e.getMessage(), e);
            ^
  symbol:   variable log
  location: class JwtUtil
C:\Users\EbrimaMbye\Desktop\A_Teaching\lima-final-programming-II\unibank_api\src\main\java\com\unibank\api\users\User.java:26: error: User is not abstract and does not override abstract method getUsername() in UserDetails
public class User extends BaseEntity implements UserDetails {
       ^
C:\Users\EbrimaMbye\Desktop\A_Teaching\lima-final-programming-II\unibank_api\src\main\java\com\unibank\api\users\User.java:43: error: cannot find symbol
        response.setUuid(getUuid());
                         ^
  symbol:   method getUuid()
  location: class User
C:\Users\EbrimaMbye\Desktop\A_Teaching\lima-final-programming-II\unibank_api\src\main\java\com\unibank\api\users\User.java:44: error: cannot find symbol
        response.setFirstName(firstName);
                ^
  symbol:   method setFirstName(String)
  location: variable response of type UserResponseDTO
C:\Users\EbrimaMbye\Desktop\A_Teaching\lima-final-programming-II\unibank_api\src\main\java\com\unibank\api\users\User.java:45: error: cannot find symbol
        response.setLastName(lastName);
                ^
  symbol:   method setLastName(String)
  location: variable response of type UserResponseDTO
C:\Users\EbrimaMbye\Desktop\A_Teaching\lima-final-programming-II\unibank_api\src\main\java\com\unibank\api\users\User.java:46: error: cannot find symbol
        response.setEmail(email);
                ^
  symbol:   method setEmail(String)
  location: variable response of type UserResponseDTO
C:\Users\EbrimaMbye\Desktop\A_Teaching\lima-final-programming-II\unibank_api\src\main\java\com\unibank\api\users\User.java:47: error: cannot find symbol
        response.setCreatedAt(getCreatedAt());
                              ^
  symbol:   method getCreatedAt()
  location: class User
C:\Users\EbrimaMbye\Desktop\A_Teaching\lima-final-programming-II\unibank_api\src\main\java\com\unibank\api\users\User.java:48: error: cannot find symbol
        response.setUpdatedAt(getUpdatedAt());
                              ^
  symbol:   method getUpdatedAt()
  location: class User
C:\Users\EbrimaMbye\Desktop\A_Teaching\lima-final-programming-II\unibank_api\src\main\java\com\unibank\api\users\User.java:49: error: cannot find symbol
        response.setUsername(username);
                ^
  symbol:   method setUsername(String)
  location: variable response of type UserResponseDTO
C:\Users\EbrimaMbye\Desktop\A_Teaching\lima-final-programming-II\unibank_api\src\main\java\com\unibank\api\users\User.java:50: error: cannot find symbol
        response.setRoles(getAuthorities().stream().map(GrantedAuthority::getAuthority).collect(Collectors.toSet()));
                ^
  symbol:   method setRoles(Set<String>)
  location: variable response of type UserResponseDTO
C:\Users\EbrimaMbye\Desktop\A_Teaching\lima-final-programming-II\unibank_api\src\main\java\com\unibank\api\users\User.java:51: error: cannot find symbol
        response.setStatus(getStatus());
                           ^
  symbol:   method getStatus()
  location: class User
C:\Users\EbrimaMbye\Desktop\A_Teaching\lima-final-programming-II\unibank_api\src\main\java\com\unibank\api\users\User.java:59: error: cannot find symbol
                .map(role -> new SimpleGrantedAuthority(role.getName().name()))
                                                            ^
  symbol:   method getName()
  location: variable role of type Role
C:\Users\EbrimaMbye\Desktop\A_Teaching\lima-final-programming-II\unibank_api\src\main\java\com\unibank\api\roles\Role.java:24: error: cannot find symbol
        responseDTO.setUuid(getUuid());
                            ^
  symbol:   method getUuid()
  location: class Role
C:\Users\EbrimaMbye\Desktop\A_Teaching\lima-final-programming-II\unibank_api\src\main\java\com\unibank\api\roles\Role.java:25: error: cannot find symbol
        responseDTO.setName(getName());
                            ^
  symbol:   method getName()
  location: class Role
C:\Users\EbrimaMbye\Desktop\A_Teaching\lima-final-programming-II\unibank_api\src\main\java\com\unibank\api\roles\Role.java:26: error: cannot find symbol
        responseDTO.setStatus(getStatus());
                              ^
  symbol:   method getStatus()
  location: class Role
C:\Users\EbrimaMbye\Desktop\A_Teaching\lima-final-programming-II\unibank_api\src\main\java\com\unibank\api\roles\Role.java:27: error: cannot find symbol
        responseDTO.setCreatedAt(getCreatedAt());
                                 ^
  symbol:   method getCreatedAt()
  location: class Role
C:\Users\EbrimaMbye\Desktop\A_Teaching\lima-final-programming-II\unibank_api\src\main\java\com\unibank\api\roles\Role.java:28: error: cannot find symbol
        responseDTO.setUpdatedAt(getUpdatedAt());
                                 ^
  symbol:   method getUpdatedAt()
  location: class Role
C:\Users\EbrimaMbye\Desktop\A_Teaching\lima-final-programming-II\unibank_api\src\main\java\com\unibank\api\customers\CustomerService.java:26: error: cannot find symbol
        customer.setFullName(request.getFullName());
                                    ^
  symbol:   method getFullName()
  location: variable request of type CustomerCreateDTO
C:\Users\EbrimaMbye\Desktop\A_Teaching\lima-final-programming-II\unibank_api\src\main\java\com\unibank\api\customers\CustomerService.java:27: error: cannot find symbol
        customer.setDob(request.getDob());
                               ^
  symbol:   method getDob()
  location: variable request of type CustomerCreateDTO
C:\Users\EbrimaMbye\Desktop\A_Teaching\lima-final-programming-II\unibank_api\src\main\java\com\unibank\api\customers\CustomerService.java:28: error: cannot find symbol
        customer.setPhoneNumber(request.getPhoneNumber());
                                       ^
  symbol:   method getPhoneNumber()
  location: variable request of type CustomerCreateDTO
C:\Users\EbrimaMbye\Desktop\A_Teaching\lima-final-programming-II\unibank_api\src\main\java\com\unibank\api\customers\CustomerService.java:29: error: cannot find symbol
        customer.setEmail(request.getEmail());
                                 ^
  symbol:   method getEmail()
  location: variable request of type CustomerCreateDTO
C:\Users\EbrimaMbye\Desktop\A_Teaching\lima-final-programming-II\unibank_api\src\main\java\com\unibank\api\customers\CustomerService.java:30: error: cannot find symbol
        customer.setAddress(request.getAddress());
                                   ^
  symbol:   method getAddress()
  location: variable request of type CustomerCreateDTO
C:\Users\EbrimaMbye\Desktop\A_Teaching\lima-final-programming-II\unibank_api\src\main\java\com\unibank\api\customers\CustomerService.java:31: error: cannot find symbol
        customer.setNationalId(request.getNationalId());
                                      ^
  symbol:   method getNationalId()
  location: variable request of type CustomerCreateDTO
C:\Users\EbrimaMbye\Desktop\A_Teaching\lima-final-programming-II\unibank_api\src\main\java\com\unibank\api\customers\CustomerService.java:57: error: cannot find symbol
        customer.setFullName(request.getFullName());
                                    ^
  symbol:   method getFullName()
  location: variable request of type CustomerUpdateDTO
C:\Users\EbrimaMbye\Desktop\A_Teaching\lima-final-programming-II\unibank_api\src\main\java\com\unibank\api\customers\CustomerService.java:58: error: cannot find symbol
        customer.setDob(request.getDob());
                               ^
  symbol:   method getDob()
  location: variable request of type CustomerUpdateDTO
C:\Users\EbrimaMbye\Desktop\A_Teaching\lima-final-programming-II\unibank_api\src\main\java\com\unibank\api\customers\CustomerService.java:59: error: cannot find symbol
        customer.setPhoneNumber(request.getPhoneNumber());
                                       ^
  symbol:   method getPhoneNumber()
  location: variable request of type CustomerUpdateDTO
C:\Users\EbrimaMbye\Desktop\A_Teaching\lima-final-programming-II\unibank_api\src\main\java\com\unibank\api\customers\CustomerService.java:60: error: cannot find symbol
        customer.setEmail(request.getEmail());
                                 ^
  symbol:   method getEmail()
  location: variable request of type CustomerUpdateDTO
C:\Users\EbrimaMbye\Desktop\A_Teaching\lima-final-programming-II\unibank_api\src\main\java\com\unibank\api\customers\CustomerService.java:61: error: cannot find symbol
        customer.setAddress(request.getAddress());
                                   ^
  symbol:   method getAddress()
  location: variable request of type CustomerUpdateDTO
C:\Users\EbrimaMbye\Desktop\A_Teaching\lima-final-programming-II\unibank_api\src\main\java\com\unibank\api\customers\CustomerService.java:62: error: cannot find symbol
        customer.setNationalId(request.getNationalId());
                                      ^
  symbol:   method getNationalId()
  location: variable request of type CustomerUpdateDTO
C:\Users\EbrimaMbye\Desktop\A_Teaching\lima-final-programming-II\unibank_api\src\main\java\com\unibank\api\customers\CustomerService.java:72: error: cannot find symbol
        customer.setStatus(BaseEntity.Status.INACTIVE);
                ^
  symbol:   method setStatus(Status)
  location: variable customer of type Customer
C:\Users\EbrimaMbye\Desktop\A_Teaching\lima-final-programming-II\unibank_api\src\main\java\com\unibank\api\reports\ReportService.java:38: error: invalid method reference
        Double transactionTotal = transactionRepository.findAll().stream().map(Transaction::getAmount)
                                                                               ^
  cannot find symbol
    symbol:   method getAmount()
    location: class Transaction
C:\Users\EbrimaMbye\Desktop\A_Teaching\lima-final-programming-II\unibank_api\src\main\java\com\unibank\api\reports\ReportService.java:41: error: cannot find symbol
        return DashboardResponseDTO.builder()
                                   ^
  symbol:   method builder()
  location: class DashboardResponseDTO
C:\Users\EbrimaMbye\Desktop\A_Teaching\lima-final-programming-II\unibank_api\src\main\java\com\unibank\api\transactions\Transaction.java:36: error: cannot find symbol
        dto.setUuid(getUuid());
                    ^
  symbol:   method getUuid()
  location: class Transaction
C:\Users\EbrimaMbye\Desktop\A_Teaching\lima-final-programming-II\unibank_api\src\main\java\com\unibank\api\transactions\Transaction.java:37: error: cannot find symbol
        dto.setAccount(account.toResponseDTO());
           ^
  symbol:   method setAccount(AccountResponseDTO)
  location: variable dto of type TransactionResponseDTO
C:\Users\EbrimaMbye\Desktop\A_Teaching\lima-final-programming-II\unibank_api\src\main\java\com\unibank\api\transactions\Transaction.java:38: error: cannot find symbol
        dto.setTransactionType(transactionType.getTransactionType());
                                              ^
  symbol:   method getTransactionType()
  location: variable transactionType of type TransactionType
C:\Users\EbrimaMbye\Desktop\A_Teaching\lima-final-programming-II\unibank_api\src\main\java\com\unibank\api\transactions\Transaction.java:39: error: cannot find symbol
        dto.setAmount(amount);
           ^
  symbol:   method setAmount(Double)
  location: variable dto of type TransactionResponseDTO
C:\Users\EbrimaMbye\Desktop\A_Teaching\lima-final-programming-II\unibank_api\src\main\java\com\unibank\api\transactions\Transaction.java:40: error: cannot find symbol
        dto.setPerformedBy(performedBy != null ? performedBy.toUserResponseDTO() : null);
           ^
  symbol:   method setPerformedBy(performedB[...] null)
  location: variable dto of type TransactionResponseDTO
C:\Users\EbrimaMbye\Desktop\A_Teaching\lima-final-programming-II\unibank_api\src\main\java\com\unibank\api\transactions\Transaction.java:41: error: cannot find symbol
        dto.setStatus(getStatus());
                      ^
  symbol:   method getStatus()
  location: class Transaction
C:\Users\EbrimaMbye\Desktop\A_Teaching\lima-final-programming-II\unibank_api\src\main\java\com\unibank\api\transactions\Transaction.java:42: error: cannot find symbol
        dto.setCreatedAt(getCreatedAt());
                         ^
  symbol:   method getCreatedAt()
  location: class Transaction
C:\Users\EbrimaMbye\Desktop\A_Teaching\lima-final-programming-II\unibank_api\src\main\java\com\unibank\api\transactions\Transaction.java:43: error: cannot find symbol
        dto.setUpdatedAt(getUpdatedAt());
                         ^
  symbol:   method getUpdatedAt()
  location: class Transaction
C:\Users\EbrimaMbye\Desktop\A_Teaching\lima-final-programming-II\unibank_api\src\main\java\com\unibank\api\transactions\TransactionType.java:24: error: cannot find symbol
        responseDTO.setUuid(getUuid());
                            ^
  symbol:   method getUuid()
  location: class TransactionType
C:\Users\EbrimaMbye\Desktop\A_Teaching\lima-final-programming-II\unibank_api\src\main\java\com\unibank\api\transactions\TransactionType.java:25: error: cannot find symbol
        responseDTO.setTransactionType(getTransactionType());
                                       ^
  symbol:   method getTransactionType()
  location: class TransactionType
C:\Users\EbrimaMbye\Desktop\A_Teaching\lima-final-programming-II\unibank_api\src\main\java\com\unibank\api\transactions\TransactionType.java:26: error: cannot find symbol
        responseDTO.setStatus(getStatus());
                              ^
  symbol:   method getStatus()
  location: class TransactionType
C:\Users\EbrimaMbye\Desktop\A_Teaching\lima-final-programming-II\unibank_api\src\main\java\com\unibank\api\transactions\TransactionType.java:27: error: cannot find symbol
        responseDTO.setCreatedAt(getCreatedAt());
                                 ^
  symbol:   method getCreatedAt()
  location: class TransactionType
C:\Users\EbrimaMbye\Desktop\A_Teaching\lima-final-programming-II\unibank_api\src\main\java\com\unibank\api\transactions\TransactionType.java:28: error: cannot find symbol
        responseDTO.setUpdatedAt(getUpdatedAt());
                                 ^
  symbol:   method getUpdatedAt()
  location: class TransactionType
C:\Users\EbrimaMbye\Desktop\A_Teaching\lima-final-programming-II\unibank_api\src\main\java\com\unibank\api\seeders\AccountTypeSeederServiceService.java:21: error: cannot find symbol
                type.setType(eType);
                    ^
  symbol:   method setType(EAccountType)
  location: variable type of type AccountType
C:\Users\EbrimaMbye\Desktop\A_Teaching\lima-final-programming-II\unibank_api\src\main\java\com\unibank\api\seeders\AdminUserSeederService.java:29: error: cannot find symbol
            admin.setFirstName("Admin");
                 ^
  symbol:   method setFirstName(String)
  location: variable admin of type User
C:\Users\EbrimaMbye\Desktop\A_Teaching\lima-final-programming-II\unibank_api\src\main\java\com\unibank\api\seeders\AdminUserSeederService.java:30: error: cannot find symbol
            admin.setLastName("Admin");
                 ^
  symbol:   method setLastName(String)
  location: variable admin of type User
C:\Users\EbrimaMbye\Desktop\A_Teaching\lima-final-programming-II\unibank_api\src\main\java\com\unibank\api\seeders\AdminUserSeederService.java:31: error: cannot find symbol
            admin.setUsername("admin");
                 ^
  symbol:   method setUsername(String)
  location: variable admin of type User
C:\Users\EbrimaMbye\Desktop\A_Teaching\lima-final-programming-II\unibank_api\src\main\java\com\unibank\api\seeders\AdminUserSeederService.java:32: error: cannot find symbol
            admin.setEmail("admin@unibank.com");
                 ^
  symbol:   method setEmail(String)
  location: variable admin of type User
C:\Users\EbrimaMbye\Desktop\A_Teaching\lima-final-programming-II\unibank_api\src\main\java\com\unibank\api\seeders\AdminUserSeederService.java:33: error: cannot find symbol
            admin.setPassword(passwordEncoder.encode("Pass@123"));
                 ^
  symbol:   method setPassword(String)
  location: variable admin of type User
C:\Users\EbrimaMbye\Desktop\A_Teaching\lima-final-programming-II\unibank_api\src\main\java\com\unibank\api\seeders\AdminUserSeederService.java:34: error: cannot find symbol
            admin.setRoles(Set.of(roleRepository.findByName(ERole.ROLE_ADMIN)
                 ^
  symbol:   method setRoles(Set<Role>)
  location: variable admin of type User
C:\Users\EbrimaMbye\Desktop\A_Teaching\lima-final-programming-II\unibank_api\src\main\java\com\unibank\api\seeders\RoleSeederServiceService.java:21: error: cannot find symbol
                role.setName(eRole);
                    ^
  symbol:   method setName(ERole)
  location: variable role of type Role
C:\Users\EbrimaMbye\Desktop\A_Teaching\lima-final-programming-II\unibank_api\src\main\java\com\unibank\api\seeders\TransactionTypeSeederServiceService.java:24: error: cannot find symbol
                transactionType.setTransactionType(eTransactionType);
                               ^
  symbol:   method setTransactionType(ETransactionType)
  location: variable transactionType of type TransactionType
C:\Users\EbrimaMbye\Desktop\A_Teaching\lima-final-programming-II\unibank_api\src\main\java\com\unibank\api\transactions\TransactionService.java:43: error: cannot find symbol
        Account account = accountRepository.findById(request.getAccountId())
                                                            ^
  symbol:   method getAccountId()
  location: variable request of type TransactionCreateDTO
C:\Users\EbrimaMbye\Desktop\A_Teaching\lima-final-programming-II\unibank_api\src\main\java\com\unibank\api\transactions\TransactionService.java:47: error: cannot find symbol
                .findById(request.getTransactionTypeId())
                                 ^
  symbol:   method getTransactionTypeId()
  location: variable request of type TransactionCreateDTO
C:\Users\EbrimaMbye\Desktop\A_Teaching\lima-final-programming-II\unibank_api\src\main\java\com\unibank\api\transactions\TransactionService.java:50: error: cannot find symbol
        User user = request.getPerformedBy() != null
                           ^
  symbol:   method getPerformedBy()
  location: variable request of type TransactionCreateDTO
C:\Users\EbrimaMbye\Desktop\A_Teaching\lima-final-programming-II\unibank_api\src\main\java\com\unibank\api\transactions\TransactionService.java:51: error: cannot find symbol
                ? userRepository.findById(request.getPerformedBy())
                                                 ^
  symbol:   method getPerformedBy()
  location: variable request of type TransactionCreateDTO
C:\Users\EbrimaMbye\Desktop\A_Teaching\lima-final-programming-II\unibank_api\src\main\java\com\unibank\api\transactions\TransactionService.java:55: error: cannot find symbol
        validateAndApplyBalance(account, transactionType, request.getAmount());
                                                                 ^
  symbol:   method getAmount()
  location: variable request of type TransactionCreateDTO
C:\Users\EbrimaMbye\Desktop\A_Teaching\lima-final-programming-II\unibank_api\src\main\java\com\unibank\api\transactions\TransactionService.java:58: error: cannot find symbol
        transaction.setAccount(account);
                   ^
  symbol:   method setAccount(Account)
  location: variable transaction of type Transaction
C:\Users\EbrimaMbye\Desktop\A_Teaching\lima-final-programming-II\unibank_api\src\main\java\com\unibank\api\transactions\TransactionService.java:59: error: cannot find symbol
        transaction.setTransactionType(transactionType);
                   ^
  symbol:   method setTransactionType(TransactionType)
  location: variable transaction of type Transaction
100 errors
only showing the first 100 errors, of 122 total; use -Xmaxerrs if you would like to see more.
2026.01.14 14:34:39 WARN  javac exited with exit code 1
2026.01.14 14:34:39 INFO  time: compiled unibank_api in 5.27s
Jan 14, 2026 2:34:54 PM org.eclipse.lsp4j.jsonrpc.RemoteEndpoint handleCancellation
WARNING: Unmatched cancel notification for request id 37
Jan 14, 2026 2:34:56 PM org.eclipse.lsp4j.jsonrpc.services.GenericEndpoint notify
INFO: Unsupported notification method: $/setTrace
Jan 14, 2026 2:35:07 PM org.eclipse.lsp4j.jsonrpc.services.GenericEndpoint notify
INFO: Unsupported notification method: $/setTrace
2026.01.14 14:36:30 INFO  compiling unibank_api (66 java sources)
2026.01.14 14:36:35 WARN  Unexpected javac output: WARNING: A terminally deprecated method in sun.misc.Unsafe has been called
WARNING: sun.misc.Unsafe::arrayBaseOffset has been called by com.sourcegraph.shaded.com.google.protobuf.UnsafeUtil$MemoryAccessor (file:/C:/Users/EbrimaMbye/AppData/Local/bloop/cache/semanticdb/com.sourcegraph.semanticdb-javac.0.11.1/semanticdb-javac-0.11.1.jar)
WARNING: Please consider reporting this to the maintainers of class com.sourcegraph.shaded.com.google.protobuf.UnsafeUtil$MemoryAccessor
WARNING: sun.misc.Unsafe::arrayBaseOffset will be removed in a future release
C:\Users\EbrimaMbye\Desktop\A_Teaching\lima-final-programming-II\unibank_api\src\main\java\com\unibank\api\accounts\Account.java:31: error: cannot find symbol
        dto.setUuid(getUuid());
                    ^
  symbol:   method getUuid()
  location: class Account
C:\Users\EbrimaMbye\Desktop\A_Teaching\lima-final-programming-II\unibank_api\src\main\java\com\unibank\api\accounts\Account.java:32: error: cannot find symbol
        dto.setAccountNumber(accountNumber);
           ^
  symbol:   method setAccountNumber(Long)
  location: variable dto of type AccountResponseDTO
C:\Users\EbrimaMbye\Desktop\A_Teaching\lima-final-programming-II\unibank_api\src\main\java\com\unibank\api\accounts\Account.java:33: error: cannot find symbol
        dto.setBalance(balance);
           ^
  symbol:   method setBalance(Double)
  location: variable dto of type AccountResponseDTO
C:\Users\EbrimaMbye\Desktop\A_Teaching\lima-final-programming-II\unibank_api\src\main\java\com\unibank\api\accounts\Account.java:34: error: cannot find symbol
        dto.setCustomer(customer.toResponseDTO());
           ^
  symbol:   method setCustomer(CustomerResponseDTO)
  location: variable dto of type AccountResponseDTO
C:\Users\EbrimaMbye\Desktop\A_Teaching\lima-final-programming-II\unibank_api\src\main\java\com\unibank\api\accounts\Account.java:35: error: cannot find symbol
        dto.setAccountType(accountType.getType());
                                      ^
  symbol:   method getType()
  location: variable accountType of type AccountType
C:\Users\EbrimaMbye\Desktop\A_Teaching\lima-final-programming-II\unibank_api\src\main\java\com\unibank\api\accounts\Account.java:36: error: cannot find symbol
        dto.setStatus(getStatus());
                      ^
  symbol:   method getStatus()
  location: class Account
C:\Users\EbrimaMbye\Desktop\A_Teaching\lima-final-programming-II\unibank_api\src\main\java\com\unibank\api\accounts\Account.java:37: error: cannot find symbol
        dto.setCreatedAt(getCreatedAt());
                         ^
  symbol:   method getCreatedAt()
  location: class Account
C:\Users\EbrimaMbye\Desktop\A_Teaching\lima-final-programming-II\unibank_api\src\main\java\com\unibank\api\accounts\Account.java:38: error: cannot find symbol
        dto.setUpdatedAt(getUpdatedAt());
                         ^
  symbol:   method getUpdatedAt()
  location: class Account
C:\Users\EbrimaMbye\Desktop\A_Teaching\lima-final-programming-II\unibank_api\src\main\java\com\unibank\api\customers\Customer.java:34: error: cannot find symbol
        responseDTO.setUuid(getUuid());
                            ^
  symbol:   method getUuid()
  location: class Customer
C:\Users\EbrimaMbye\Desktop\A_Teaching\lima-final-programming-II\unibank_api\src\main\java\com\unibank\api\customers\Customer.java:35: error: cannot find symbol
        responseDTO.setFullName(getFullName());
                                ^
  symbol:   method getFullName()
  location: class Customer
C:\Users\EbrimaMbye\Desktop\A_Teaching\lima-final-programming-II\unibank_api\src\main\java\com\unibank\api\customers\Customer.java:36: error: cannot find symbol
        responseDTO.setDob(getDob());
                           ^
  symbol:   method getDob()
  location: class Customer
C:\Users\EbrimaMbye\Desktop\A_Teaching\lima-final-programming-II\unibank_api\src\main\java\com\unibank\api\customers\Customer.java:37: error: cannot find symbol
        responseDTO.setPhoneNumber(getPhoneNumber());
                                   ^
  symbol:   method getPhoneNumber()
  location: class Customer
C:\Users\EbrimaMbye\Desktop\A_Teaching\lima-final-programming-II\unibank_api\src\main\java\com\unibank\api\customers\Customer.java:38: error: cannot find symbol
        responseDTO.setEmail(getEmail());
                             ^
  symbol:   method getEmail()
  location: class Customer
C:\Users\EbrimaMbye\Desktop\A_Teaching\lima-final-programming-II\unibank_api\src\main\java\com\unibank\api\customers\Customer.java:39: error: cannot find symbol
        responseDTO.setAddress(getAddress());
                               ^
  symbol:   method getAddress()
  location: class Customer
C:\Users\EbrimaMbye\Desktop\A_Teaching\lima-final-programming-II\unibank_api\src\main\java\com\unibank\api\customers\Customer.java:40: error: cannot find symbol
        responseDTO.setNationalId(getNationalId());
                                  ^
  symbol:   method getNationalId()
  location: class Customer
C:\Users\EbrimaMbye\Desktop\A_Teaching\lima-final-programming-II\unibank_api\src\main\java\com\unibank\api\customers\Customer.java:41: error: cannot find symbol
        responseDTO.setCreatedAt(getCreatedAt());
                                 ^
  symbol:   method getCreatedAt()
  location: class Customer
C:\Users\EbrimaMbye\Desktop\A_Teaching\lima-final-programming-II\unibank_api\src\main\java\com\unibank\api\customers\Customer.java:42: error: cannot find symbol
        responseDTO.setUpdatedAt(getUpdatedAt());
                                 ^
  symbol:   method getUpdatedAt()
  location: class Customer
C:\Users\EbrimaMbye\Desktop\A_Teaching\lima-final-programming-II\unibank_api\src\main\java\com\unibank\api\customers\Customer.java:43: error: cannot find symbol
        responseDTO.setStatus(getStatus());
                              ^
  symbol:   method getStatus()
  location: class Customer
C:\Users\EbrimaMbye\Desktop\A_Teaching\lima-final-programming-II\unibank_api\src\main\java\com\unibank\api\accounts\AccountType.java:26: error: cannot find symbol
        responseDTO.setUuid(getUuid());
                            ^
  symbol:   method getUuid()
  location: class AccountType
C:\Users\EbrimaMbye\Desktop\A_Teaching\lima-final-programming-II\unibank_api\src\main\java\com\unibank\api\accounts\AccountType.java:27: error: cannot find symbol
        responseDTO.setType(getType());
                            ^
  symbol:   method getType()
  location: class AccountType
C:\Users\EbrimaMbye\Desktop\A_Teaching\lima-final-programming-II\unibank_api\src\main\java\com\unibank\api\accounts\AccountType.java:28: error: cannot find symbol
        responseDTO.setStatus(getStatus());
                              ^
  symbol:   method getStatus()
  location: class AccountType
C:\Users\EbrimaMbye\Desktop\A_Teaching\lima-final-programming-II\unibank_api\src\main\java\com\unibank\api\accounts\AccountType.java:29: error: cannot find symbol
        responseDTO.setCreatedAt(getCreatedAt());
                                 ^
  symbol:   method getCreatedAt()
  location: class AccountType
C:\Users\EbrimaMbye\Desktop\A_Teaching\lima-final-programming-II\unibank_api\src\main\java\com\unibank\api\accounts\AccountType.java:30: error: cannot find symbol
        responseDTO.setUpdatedAt(getUpdatedAt());
                                 ^
  symbol:   method getUpdatedAt()
  location: class AccountType
C:\Users\EbrimaMbye\Desktop\A_Teaching\lima-final-programming-II\unibank_api\src\main\java\com\unibank\api\accounts\AccountService.java:37: error: cannot find symbol
        Customer customer = customerRepository.findById(request.getCustomerId())
                                                               ^
  symbol:   method getCustomerId()
  location: variable request of type AccountCreateDTO
C:\Users\EbrimaMbye\Desktop\A_Teaching\lima-final-programming-II\unibank_api\src\main\java\com\unibank\api\accounts\AccountService.java:40: error: cannot find symbol
        AccountType accountType = accountTypeRepository.findById(request.getAccountTypeId())
                                                                        ^
  symbol:   method getAccountTypeId()
  location: variable request of type AccountCreateDTO
C:\Users\EbrimaMbye\Desktop\A_Teaching\lima-final-programming-II\unibank_api\src\main\java\com\unibank\api\accounts\AccountService.java:44: error: cannot find symbol
        account.setCustomer(customer);
               ^
  symbol:   method setCustomer(Customer)
  location: variable account of type Account
C:\Users\EbrimaMbye\Desktop\A_Teaching\lima-final-programming-II\unibank_api\src\main\java\com\unibank\api\accounts\AccountService.java:45: error: cannot find symbol
        account.setAccountType(accountType);
               ^
  symbol:   method setAccountType(AccountType)
  location: variable account of type Account
C:\Users\EbrimaMbye\Desktop\A_Teaching\lima-final-programming-II\unibank_api\src\main\java\com\unibank\api\accounts\AccountService.java:46: error: cannot find symbol
        account.setBalance(request.getInitialBalance());
                                  ^
  symbol:   method getInitialBalance()
  location: variable request of type AccountCreateDTO
C:\Users\EbrimaMbye\Desktop\A_Teaching\lima-final-programming-II\unibank_api\src\main\java\com\unibank\api\accounts\AccountService.java:47: error: cannot find symbol
        account.setAccountNumber(generateAccountNumber());
               ^
  symbol:   method setAccountNumber(Long)
  location: variable account of type Account
C:\Users\EbrimaMbye\Desktop\A_Teaching\lima-final-programming-II\unibank_api\src\main\java\com\unibank\api\accounts\AccountService.java:74: error: cannot find symbol
        AccountType accountType = accountTypeRepository.findById(request.getAccountTypeId())
                                                                        ^
  symbol:   method getAccountTypeId()
  location: variable request of type AccountUpdateDTO
C:\Users\EbrimaMbye\Desktop\A_Teaching\lima-final-programming-II\unibank_api\src\main\java\com\unibank\api\accounts\AccountService.java:77: error: cannot find symbol
        account.setAccountType(accountType);
               ^
  symbol:   method setAccountType(AccountType)
  location: variable account of type Account
C:\Users\EbrimaMbye\Desktop\A_Teaching\lima-final-programming-II\unibank_api\src\main\java\com\unibank\api\accounts\AccountService.java:87: error: cannot find symbol
        account.setStatus(BaseEntity.Status.INACTIVE);
               ^
  symbol:   method setStatus(Status)
  location: variable account of type Account
C:\Users\EbrimaMbye\Desktop\A_Teaching\lima-final-programming-II\unibank_api\src\main\java\com\unibank\api\advice\AuthenticationAdvice.java:19: error: cannot find symbol
        ApiErrorResponse response = ApiErrorResponse.builder()
                                                    ^
  symbol:   method builder()
  location: class ApiErrorResponse
C:\Users\EbrimaMbye\Desktop\A_Teaching\lima-final-programming-II\unibank_api\src\main\java\com\unibank\api\advice\AuthenticationAdvice.java:31: error: cannot find symbol
        ApiErrorResponse response = ApiErrorResponse.builder()
                                                    ^
  symbol:   method builder()
  location: class ApiErrorResponse
C:\Users\EbrimaMbye\Desktop\A_Teaching\lima-final-programming-II\unibank_api\src\main\java\com\unibank\api\advice\GlobalAdvice.java:28: error: cannot find symbol
        ApiErrorResponse response = ApiErrorResponse.builder()
                                                    ^
  symbol:   method builder()
  location: class ApiErrorResponse
C:\Users\EbrimaMbye\Desktop\A_Teaching\lima-final-programming-II\unibank_api\src\main\java\com\unibank\api\advice\GlobalAdvice.java:42: error: cannot find symbol
        ApiErrorResponse response = ApiErrorResponse.builder()
                                                    ^
  symbol:   method builder()
  location: class ApiErrorResponse
C:\Users\EbrimaMbye\Desktop\A_Teaching\lima-final-programming-II\unibank_api\src\main\java\com\unibank\api\configurations\jwt\JwtUtil.java:41: error: cannot find symbol
            log.debug("Token is null or empty");
            ^
  symbol:   variable log
  location: class JwtUtil
C:\Users\EbrimaMbye\Desktop\A_Teaching\lima-final-programming-II\unibank_api\src\main\java\com\unibank\api\configurations\jwt\JwtUtil.java:52: error: cannot find symbol
            log.warn("JWT token expired for token: {}", token.substring(0, Math.min(20, token.length())));
            ^
  symbol:   variable log
  location: class JwtUtil
C:\Users\EbrimaMbye\Desktop\A_Teaching\lima-final-programming-II\unibank_api\src\main\java\com\unibank\api\configurations\jwt\JwtUtil.java:54: error: cannot find symbol
            log.error("Invalid JWT token: {}", e.getMessage());
            ^
  symbol:   variable log
  location: class JwtUtil
C:\Users\EbrimaMbye\Desktop\A_Teaching\lima-final-programming-II\unibank_api\src\main\java\com\unibank\api\configurations\jwt\JwtUtil.java:56: error: cannot find symbol
            log.error("Unexpected error validating JWT: {}", e.getMessage(), e);
            ^
  symbol:   variable log
  location: class JwtUtil
C:\Users\EbrimaMbye\Desktop\A_Teaching\lima-final-programming-II\unibank_api\src\main\java\com\unibank\api\users\User.java:26: error: User is not abstract and does not override abstract method getUsername() in UserDetails
public class User extends BaseEntity implements UserDetails {
       ^
C:\Users\EbrimaMbye\Desktop\A_Teaching\lima-final-programming-II\unibank_api\src\main\java\com\unibank\api\users\User.java:43: error: cannot find symbol
        response.setUuid(getUuid());
                         ^
  symbol:   method getUuid()
  location: class User
C:\Users\EbrimaMbye\Desktop\A_Teaching\lima-final-programming-II\unibank_api\src\main\java\com\unibank\api\users\User.java:44: error: cannot find symbol
        response.setFirstName(firstName);
                ^
  symbol:   method setFirstName(String)
  location: variable response of type UserResponseDTO
C:\Users\EbrimaMbye\Desktop\A_Teaching\lima-final-programming-II\unibank_api\src\main\java\com\unibank\api\users\User.java:45: error: cannot find symbol
        response.setLastName(lastName);
                ^
  symbol:   method setLastName(String)
  location: variable response of type UserResponseDTO
C:\Users\EbrimaMbye\Desktop\A_Teaching\lima-final-programming-II\unibank_api\src\main\java\com\unibank\api\users\User.java:46: error: cannot find symbol
        response.setEmail(email);
                ^
  symbol:   method setEmail(String)
  location: variable response of type UserResponseDTO
C:\Users\EbrimaMbye\Desktop\A_Teaching\lima-final-programming-II\unibank_api\src\main\java\com\unibank\api\users\User.java:47: error: cannot find symbol
        response.setCreatedAt(getCreatedAt());
                              ^
  symbol:   method getCreatedAt()
  location: class User
C:\Users\EbrimaMbye\Desktop\A_Teaching\lima-final-programming-II\unibank_api\src\main\java\com\unibank\api\users\User.java:48: error: cannot find symbol
        response.setUpdatedAt(getUpdatedAt());
                              ^
  symbol:   method getUpdatedAt()
  location: class User
C:\Users\EbrimaMbye\Desktop\A_Teaching\lima-final-programming-II\unibank_api\src\main\java\com\unibank\api\users\User.java:49: error: cannot find symbol
        response.setUsername(username);
                ^
  symbol:   method setUsername(String)
  location: variable response of type UserResponseDTO
C:\Users\EbrimaMbye\Desktop\A_Teaching\lima-final-programming-II\unibank_api\src\main\java\com\unibank\api\users\User.java:50: error: cannot find symbol
        response.setRoles(getAuthorities().stream().map(GrantedAuthority::getAuthority).collect(Collectors.toSet()));
                ^
  symbol:   method setRoles(Set<String>)
  location: variable response of type UserResponseDTO
C:\Users\EbrimaMbye\Desktop\A_Teaching\lima-final-programming-II\unibank_api\src\main\java\com\unibank\api\users\User.java:51: error: cannot find symbol
        response.setStatus(getStatus());
                           ^
  symbol:   method getStatus()
  location: class User
C:\Users\EbrimaMbye\Desktop\A_Teaching\lima-final-programming-II\unibank_api\src\main\java\com\unibank\api\users\User.java:59: error: cannot find symbol
                .map(role -> new SimpleGrantedAuthority(role.getName().name()))
                                                            ^
  symbol:   method getName()
  location: variable role of type Role
C:\Users\EbrimaMbye\Desktop\A_Teaching\lima-final-programming-II\unibank_api\src\main\java\com\unibank\api\roles\Role.java:24: error: cannot find symbol
        responseDTO.setUuid(getUuid());
                            ^
  symbol:   method getUuid()
  location: class Role
C:\Users\EbrimaMbye\Desktop\A_Teaching\lima-final-programming-II\unibank_api\src\main\java\com\unibank\api\roles\Role.java:25: error: cannot find symbol
        responseDTO.setName(getName());
                            ^
  symbol:   method getName()
  location: class Role
C:\Users\EbrimaMbye\Desktop\A_Teaching\lima-final-programming-II\unibank_api\src\main\java\com\unibank\api\roles\Role.java:26: error: cannot find symbol
        responseDTO.setStatus(getStatus());
                              ^
  symbol:   method getStatus()
  location: class Role
C:\Users\EbrimaMbye\Desktop\A_Teaching\lima-final-programming-II\unibank_api\src\main\java\com\unibank\api\roles\Role.java:27: error: cannot find symbol
        responseDTO.setCreatedAt(getCreatedAt());
                                 ^
  symbol:   method getCreatedAt()
  location: class Role
C:\Users\EbrimaMbye\Desktop\A_Teaching\lima-final-programming-II\unibank_api\src\main\java\com\unibank\api\roles\Role.java:28: error: cannot find symbol
        responseDTO.setUpdatedAt(getUpdatedAt());
                                 ^
  symbol:   method getUpdatedAt()
  location: class Role
C:\Users\EbrimaMbye\Desktop\A_Teaching\lima-final-programming-II\unibank_api\src\main\java\com\unibank\api\customers\CustomerService.java:26: error: cannot find symbol
        customer.setFullName(request.getFullName());
                                    ^
  symbol:   method getFullName()
  location: variable request of type CustomerCreateDTO
C:\Users\EbrimaMbye\Desktop\A_Teaching\lima-final-programming-II\unibank_api\src\main\java\com\unibank\api\customers\CustomerService.java:27: error: cannot find symbol
        customer.setDob(request.getDob());
                               ^
  symbol:   method getDob()
  location: variable request of type CustomerCreateDTO
C:\Users\EbrimaMbye\Desktop\A_Teaching\lima-final-programming-II\unibank_api\src\main\java\com\unibank\api\customers\CustomerService.java:28: error: cannot find symbol
        customer.setPhoneNumber(request.getPhoneNumber());
                                       ^
  symbol:   method getPhoneNumber()
  location: variable request of type CustomerCreateDTO
C:\Users\EbrimaMbye\Desktop\A_Teaching\lima-final-programming-II\unibank_api\src\main\java\com\unibank\api\customers\CustomerService.java:29: error: cannot find symbol
        customer.setEmail(request.getEmail());
                                 ^
  symbol:   method getEmail()
  location: variable request of type CustomerCreateDTO
C:\Users\EbrimaMbye\Desktop\A_Teaching\lima-final-programming-II\unibank_api\src\main\java\com\unibank\api\customers\CustomerService.java:30: error: cannot find symbol
        customer.setAddress(request.getAddress());
                                   ^
  symbol:   method getAddress()
  location: variable request of type CustomerCreateDTO
C:\Users\EbrimaMbye\Desktop\A_Teaching\lima-final-programming-II\unibank_api\src\main\java\com\unibank\api\customers\CustomerService.java:31: error: cannot find symbol
        customer.setNationalId(request.getNationalId());
                                      ^
  symbol:   method getNationalId()
  location: variable request of type CustomerCreateDTO
C:\Users\EbrimaMbye\Desktop\A_Teaching\lima-final-programming-II\unibank_api\src\main\java\com\unibank\api\customers\CustomerService.java:57: error: cannot find symbol
        customer.setFullName(request.getFullName());
                                    ^
  symbol:   method getFullName()
  location: variable request of type CustomerUpdateDTO
C:\Users\EbrimaMbye\Desktop\A_Teaching\lima-final-programming-II\unibank_api\src\main\java\com\unibank\api\customers\CustomerService.java:58: error: cannot find symbol
        customer.setDob(request.getDob());
                               ^
  symbol:   method getDob()
  location: variable request of type CustomerUpdateDTO
C:\Users\EbrimaMbye\Desktop\A_Teaching\lima-final-programming-II\unibank_api\src\main\java\com\unibank\api\customers\CustomerService.java:59: error: cannot find symbol
        customer.setPhoneNumber(request.getPhoneNumber());
                                       ^
  symbol:   method getPhoneNumber()
  location: variable request of type CustomerUpdateDTO
C:\Users\EbrimaMbye\Desktop\A_Teaching\lima-final-programming-II\unibank_api\src\main\java\com\unibank\api\customers\CustomerService.java:60: error: cannot find symbol
        customer.setEmail(request.getEmail());
                                 ^
  symbol:   method getEmail()
  location: variable request of type CustomerUpdateDTO
C:\Users\EbrimaMbye\Desktop\A_Teaching\lima-final-programming-II\unibank_api\src\main\java\com\unibank\api\customers\CustomerService.java:61: error: cannot find symbol
        customer.setAddress(request.getAddress());
                                   ^
  symbol:   method getAddress()
  location: variable request of type CustomerUpdateDTO
C:\Users\EbrimaMbye\Desktop\A_Teaching\lima-final-programming-II\unibank_api\src\main\java\com\unibank\api\customers\CustomerService.java:62: error: cannot find symbol
        customer.setNationalId(request.getNationalId());
                                      ^
  symbol:   method getNationalId()
  location: variable request of type CustomerUpdateDTO
C:\Users\EbrimaMbye\Desktop\A_Teaching\lima-final-programming-II\unibank_api\src\main\java\com\unibank\api\customers\CustomerService.java:72: error: cannot find symbol
        customer.setStatus(BaseEntity.Status.INACTIVE);
                ^
  symbol:   method setStatus(Status)
  location: variable customer of type Customer
C:\Users\EbrimaMbye\Desktop\A_Teaching\lima-final-programming-II\unibank_api\src\main\java\com\unibank\api\reports\ReportService.java:38: error: invalid method reference
        Double transactionTotal = transactionRepository.findAll().stream().map(Transaction::getAmount)
                                                                               ^
  cannot find symbol
    symbol:   method getAmount()
    location: class Transaction
C:\Users\EbrimaMbye\Desktop\A_Teaching\lima-final-programming-II\unibank_api\src\main\java\com\unibank\api\reports\ReportService.java:41: error: cannot find symbol
        return DashboardResponseDTO.builder()
                                   ^
  symbol:   method builder()
  location: class DashboardResponseDTO
C:\Users\EbrimaMbye\Desktop\A_Teaching\lima-final-programming-II\unibank_api\src\main\java\com\unibank\api\transactions\Transaction.java:36: error: cannot find symbol
        dto.setUuid(getUuid());
                    ^
  symbol:   method getUuid()
  location: class Transaction
C:\Users\EbrimaMbye\Desktop\A_Teaching\lima-final-programming-II\unibank_api\src\main\java\com\unibank\api\transactions\Transaction.java:37: error: cannot find symbol
        dto.setAccount(account.toResponseDTO());
           ^
  symbol:   method setAccount(AccountResponseDTO)
  location: variable dto of type TransactionResponseDTO
C:\Users\EbrimaMbye\Desktop\A_Teaching\lima-final-programming-II\unibank_api\src\main\java\com\unibank\api\transactions\Transaction.java:38: error: cannot find symbol
        dto.setTransactionType(transactionType.getTransactionType());
                                              ^
  symbol:   method getTransactionType()
  location: variable transactionType of type TransactionType
C:\Users\EbrimaMbye\Desktop\A_Teaching\lima-final-programming-II\unibank_api\src\main\java\com\unibank\api\transactions\Transaction.java:39: error: cannot find symbol
        dto.setAmount(amount);
           ^
  symbol:   method setAmount(Double)
  location: variable dto of type TransactionResponseDTO
C:\Users\EbrimaMbye\Desktop\A_Teaching\lima-final-programming-II\unibank_api\src\main\java\com\unibank\api\transactions\Transaction.java:40: error: cannot find symbol
        dto.setPerformedBy(performedBy != null ? performedBy.toUserResponseDTO() : null);
           ^
  symbol:   method setPerformedBy(performedB[...] null)
  location: variable dto of type TransactionResponseDTO
C:\Users\EbrimaMbye\Desktop\A_Teaching\lima-final-programming-II\unibank_api\src\main\java\com\unibank\api\transactions\Transaction.java:41: error: cannot find symbol
        dto.setStatus(getStatus());
                      ^
  symbol:   method getStatus()
  location: class Transaction
C:\Users\EbrimaMbye\Desktop\A_Teaching\lima-final-programming-II\unibank_api\src\main\java\com\unibank\api\transactions\Transaction.java:42: error: cannot find symbol
        dto.setCreatedAt(getCreatedAt());
                         ^
  symbol:   method getCreatedAt()
  location: class Transaction
C:\Users\EbrimaMbye\Desktop\A_Teaching\lima-final-programming-II\unibank_api\src\main\java\com\unibank\api\transactions\Transaction.java:43: error: cannot find symbol
        dto.setUpdatedAt(getUpdatedAt());
                         ^
  symbol:   method getUpdatedAt()
  location: class Transaction
C:\Users\EbrimaMbye\Desktop\A_Teaching\lima-final-programming-II\unibank_api\src\main\java\com\unibank\api\transactions\TransactionType.java:24: error: cannot find symbol
        responseDTO.setUuid(getUuid());
                            ^
  symbol:   method getUuid()
  location: class TransactionType
C:\Users\EbrimaMbye\Desktop\A_Teaching\lima-final-programming-II\unibank_api\src\main\java\com\unibank\api\transactions\TransactionType.java:25: error: cannot find symbol
        responseDTO.setTransactionType(getTransactionType());
                                       ^
  symbol:   method getTransactionType()
  location: class TransactionType
C:\Users\EbrimaMbye\Desktop\A_Teaching\lima-final-programming-II\unibank_api\src\main\java\com\unibank\api\transactions\TransactionType.java:26: error: cannot find symbol
        responseDTO.setStatus(getStatus());
                              ^
  symbol:   method getStatus()
  location: class TransactionType
C:\Users\EbrimaMbye\Desktop\A_Teaching\lima-final-programming-II\unibank_api\src\main\java\com\unibank\api\transactions\TransactionType.java:27: error: cannot find symbol
        responseDTO.setCreatedAt(getCreatedAt());
                                 ^
  symbol:   method getCreatedAt()
  location: class TransactionType
C:\Users\EbrimaMbye\Desktop\A_Teaching\lima-final-programming-II\unibank_api\src\main\java\com\unibank\api\transactions\TransactionType.java:28: error: cannot find symbol
        responseDTO.setUpdatedAt(getUpdatedAt());
                                 ^
  symbol:   method getUpdatedAt()
  location: class TransactionType
C:\Users\EbrimaMbye\Desktop\A_Teaching\lima-final-programming-II\unibank_api\src\main\java\com\unibank\api\seeders\AccountTypeSeederServiceService.java:21: error: cannot find symbol
                type.setType(eType);
                    ^
  symbol:   method setType(EAccountType)
  location: variable type of type AccountType
C:\Users\EbrimaMbye\Desktop\A_Teaching\lima-final-programming-II\unibank_api\src\main\java\com\unibank\api\seeders\AdminUserSeederService.java:29: error: cannot find symbol
            admin.setFirstName("Admin");
                 ^
  symbol:   method setFirstName(String)
  location: variable admin of type User
C:\Users\EbrimaMbye\Desktop\A_Teaching\lima-final-programming-II\unibank_api\src\main\java\com\unibank\api\seeders\AdminUserSeederService.java:30: error: cannot find symbol
            admin.setLastName("Admin");
                 ^
  symbol:   method setLastName(String)
  location: variable admin of type User
C:\Users\EbrimaMbye\Desktop\A_Teaching\lima-final-programming-II\unibank_api\src\main\java\com\unibank\api\seeders\AdminUserSeederService.java:31: error: cannot find symbol
            admin.setUsername("admin");
                 ^
  symbol:   method setUsername(String)
  location: variable admin of type User
C:\Users\EbrimaMbye\Desktop\A_Teaching\lima-final-programming-II\unibank_api\src\main\java\com\unibank\api\seeders\AdminUserSeederService.java:32: error: cannot find symbol
            admin.setEmail("admin@unibank.com");
                 ^
  symbol:   method setEmail(String)
  location: variable admin of type User
C:\Users\EbrimaMbye\Desktop\A_Teaching\lima-final-programming-II\unibank_api\src\main\java\com\unibank\api\seeders\AdminUserSeederService.java:33: error: cannot find symbol
            admin.setPassword(passwordEncoder.encode("Pass@123"));
                 ^
  symbol:   method setPassword(String)
  location: variable admin of type User
C:\Users\EbrimaMbye\Desktop\A_Teaching\lima-final-programming-II\unibank_api\src\main\java\com\unibank\api\seeders\AdminUserSeederService.java:34: error: cannot find symbol
            admin.setRoles(Set.of(roleRepository.findByName(ERole.ROLE_ADMIN)
                 ^
  symbol:   method setRoles(Set<Role>)
  location: variable admin of type User
C:\Users\EbrimaMbye\Desktop\A_Teaching\lima-final-programming-II\unibank_api\src\main\java\com\unibank\api\seeders\RoleSeederServiceService.java:21: error: cannot find symbol
                role.setName(eRole);
                    ^
  symbol:   method setName(ERole)
  location: variable role of type Role
C:\Users\EbrimaMbye\Desktop\A_Teaching\lima-final-programming-II\unibank_api\src\main\java\com\unibank\api\seeders\TransactionTypeSeederServiceService.java:24: error: cannot find symbol
                transactionType.setTransactionType(eTransactionType);
                               ^
  symbol:   method setTransactionType(ETransactionType)
  location: variable transactionType of type TransactionType
C:\Users\EbrimaMbye\Desktop\A_Teaching\lima-final-programming-II\unibank_api\src\main\java\com\unibank\api\transactions\TransactionService.java:43: error: cannot find symbol
        Account account = accountRepository.findById(request.getAccountId())
                                                            ^
  symbol:   method getAccountId()
  location: variable request of type TransactionCreateDTO
C:\Users\EbrimaMbye\Desktop\A_Teaching\lima-final-programming-II\unibank_api\src\main\java\com\unibank\api\transactions\TransactionService.java:47: error: cannot find symbol
                .findById(request.getTransactionTypeId())
                                 ^
  symbol:   method getTransactionTypeId()
  location: variable request of type TransactionCreateDTO
C:\Users\EbrimaMbye\Desktop\A_Teaching\lima-final-programming-II\unibank_api\src\main\java\com\unibank\api\transactions\TransactionService.java:50: error: cannot find symbol
        User user = request.getPerformedBy() != null
                           ^
  symbol:   method getPerformedBy()
  location: variable request of type TransactionCreateDTO
C:\Users\EbrimaMbye\Desktop\A_Teaching\lima-final-programming-II\unibank_api\src\main\java\com\unibank\api\transactions\TransactionService.java:51: error: cannot find symbol
                ? userRepository.findById(request.getPerformedBy())
                                                 ^
  symbol:   method getPerformedBy()
  location: variable request of type TransactionCreateDTO
C:\Users\EbrimaMbye\Desktop\A_Teaching\lima-final-programming-II\unibank_api\src\main\java\com\unibank\api\transactions\TransactionService.java:55: error: cannot find symbol
        validateAndApplyBalance(account, transactionType, request.getAmount());
                                                                 ^
  symbol:   method getAmount()
  location: variable request of type TransactionCreateDTO
C:\Users\EbrimaMbye\Desktop\A_Teaching\lima-final-programming-II\unibank_api\src\main\java\com\unibank\api\transactions\TransactionService.java:58: error: cannot find symbol
        transaction.setAccount(account);
                   ^
  symbol:   method setAccount(Account)
  location: variable transaction of type Transaction
C:\Users\EbrimaMbye\Desktop\A_Teaching\lima-final-programming-II\unibank_api\src\main\java\com\unibank\api\transactions\TransactionService.java:59: error: cannot find symbol
        transaction.setTransactionType(transactionType);
                   ^
  symbol:   method setTransactionType(TransactionType)
  location: variable transaction of type Transaction
100 errors
only showing the first 100 errors, of 122 total; use -Xmaxerrs if you would like to see more.
2026.01.14 14:36:35 WARN  javac exited with exit code 1
2026.01.14 14:36:35 INFO  time: compiled unibank_api in 4.98s
Jan 14, 2026 2:38:08 PM org.eclipse.lsp4j.jsonrpc.services.GenericEndpoint notify
INFO: Unsupported notification method: $/setTrace
2026.01.14 14:38:22 INFO  skipping build import with status 'Dismissed'
2026.01.14 14:39:14 INFO  skipping build import with status 'Dismissed'
2026.01.14 14:39:42 INFO  skipping build import with status 'Dismissed'
2026.01.14 14:42:16 INFO  compiling unibank_api (66 java sources)
2026.01.14 14:42:21 WARN  javac exited with exit code 1
2026.01.14 14:42:21 INFO  time: compiled unibank_api in 5.28s
2026.01.14 14:43:16 INFO  compiling unibank_api (66 java sources)
2026.01.14 14:43:21 WARN  javac exited with exit code 1
2026.01.14 14:43:21 INFO  time: compiled unibank_api in 5.02s
2026.01.14 14:43:24 INFO  compiling unibank_api (66 java sources)
2026.01.14 14:43:29 WARN  Unexpected javac output: WARNING: A terminally deprecated method in sun.misc.Unsafe has been called
WARNING: sun.misc.Unsafe::arrayBaseOffset has been called by com.sourcegraph.shaded.com.google.protobuf.UnsafeUtil$MemoryAccessor (file:/C:/Users/EbrimaMbye/AppData/Local/bloop/cache/semanticdb/com.sourcegraph.semanticdb-javac.0.11.1/semanticdb-javac-0.11.1.jar)
WARNING: Please consider reporting this to the maintainers of class com.sourcegraph.shaded.com.google.protobuf.UnsafeUtil$MemoryAccessor
WARNING: sun.misc.Unsafe::arrayBaseOffset will be removed in a future release
C:\Users\EbrimaMbye\Desktop\A_Teaching\lima-final-programming-II\unibank_api\src\main\java\com\unibank\api\accounts\Account.java:31: error: cannot find symbol
        dto.setUuid(getUuid());
                    ^
  symbol:   method getUuid()
  location: class Account
C:\Users\EbrimaMbye\Desktop\A_Teaching\lima-final-programming-II\unibank_api\src\main\java\com\unibank\api\accounts\Account.java:32: error: cannot find symbol
        dto.setAccountNumber(accountNumber);
           ^
  symbol:   method setAccountNumber(Long)
  location: variable dto of type AccountResponseDTO
C:\Users\EbrimaMbye\Desktop\A_Teaching\lima-final-programming-II\unibank_api\src\main\java\com\unibank\api\accounts\Account.java:33: error: cannot find symbol
        dto.setBalance(balance);
           ^
  symbol:   method setBalance(Double)
  location: variable dto of type AccountResponseDTO
C:\Users\EbrimaMbye\Desktop\A_Teaching\lima-final-programming-II\unibank_api\src\main\java\com\unibank\api\accounts\Account.java:34: error: cannot find symbol
        dto.setCustomer(customer.toResponseDTO());
           ^
  symbol:   method setCustomer(CustomerResponseDTO)
  location: variable dto of type AccountResponseDTO
C:\Users\EbrimaMbye\Desktop\A_Teaching\lima-final-programming-II\unibank_api\src\main\java\com\unibank\api\accounts\Account.java:35: error: cannot find symbol
        dto.setAccountType(accountType.getType());
                                      ^
  symbol:   method getType()
  location: variable accountType of type AccountType
C:\Users\EbrimaMbye\Desktop\A_Teaching\lima-final-programming-II\unibank_api\src\main\java\com\unibank\api\accounts\Account.java:36: error: cannot find symbol
        dto.setStatus(getStatus());
                      ^
  symbol:   method getStatus()
  location: class Account
C:\Users\EbrimaMbye\Desktop\A_Teaching\lima-final-programming-II\unibank_api\src\main\java\com\unibank\api\accounts\Account.java:37: error: cannot find symbol
        dto.setCreatedAt(getCreatedAt());
                         ^
  symbol:   method getCreatedAt()
  location: class Account
C:\Users\EbrimaMbye\Desktop\A_Teaching\lima-final-programming-II\unibank_api\src\main\java\com\unibank\api\accounts\Account.java:38: error: cannot find symbol
        dto.setUpdatedAt(getUpdatedAt());
                         ^
  symbol:   method getUpdatedAt()
  location: class Account
C:\Users\EbrimaMbye\Desktop\A_Teaching\lima-final-programming-II\unibank_api\src\main\java\com\unibank\api\customers\Customer.java:34: error: cannot find symbol
        responseDTO.setUuid(getUuid());
                            ^
  symbol:   method getUuid()
  location: class Customer
C:\Users\EbrimaMbye\Desktop\A_Teaching\lima-final-programming-II\unibank_api\src\main\java\com\unibank\api\customers\Customer.java:35: error: cannot find symbol
        responseDTO.setFullName(getFullName());
                                ^
  symbol:   method getFullName()
  location: class Customer
C:\Users\EbrimaMbye\Desktop\A_Teaching\lima-final-programming-II\unibank_api\src\main\java\com\unibank\api\customers\Customer.java:36: error: cannot find symbol
        responseDTO.setDob(getDob());
                           ^
  symbol:   method getDob()
  location: class Customer
C:\Users\EbrimaMbye\Desktop\A_Teaching\lima-final-programming-II\unibank_api\src\main\java\com\unibank\api\customers\Customer.java:37: error: cannot find symbol
        responseDTO.setPhoneNumber(getPhoneNumber());
                                   ^
  symbol:   method getPhoneNumber()
  location: class Customer
C:\Users\EbrimaMbye\Desktop\A_Teaching\lima-final-programming-II\unibank_api\src\main\java\com\unibank\api\customers\Customer.java:38: error: cannot find symbol
        responseDTO.setEmail(getEmail());
                             ^
  symbol:   method getEmail()
  location: class Customer
C:\Users\EbrimaMbye\Desktop\A_Teaching\lima-final-programming-II\unibank_api\src\main\java\com\unibank\api\customers\Customer.java:39: error: cannot find symbol
        responseDTO.setAddress(getAddress());
                               ^
  symbol:   method getAddress()
  location: class Customer
C:\Users\EbrimaMbye\Desktop\A_Teaching\lima-final-programming-II\unibank_api\src\main\java\com\unibank\api\customers\Customer.java:40: error: cannot find symbol
        responseDTO.setNationalId(getNationalId());
                                  ^
  symbol:   method getNationalId()
  location: class Customer
C:\Users\EbrimaMbye\Desktop\A_Teaching\lima-final-programming-II\unibank_api\src\main\java\com\unibank\api\customers\Customer.java:41: error: cannot find symbol
        responseDTO.setCreatedAt(getCreatedAt());
                                 ^
  symbol:   method getCreatedAt()
  location: class Customer
C:\Users\EbrimaMbye\Desktop\A_Teaching\lima-final-programming-II\unibank_api\src\main\java\com\unibank\api\customers\Customer.java:42: error: cannot find symbol
        responseDTO.setUpdatedAt(getUpdatedAt());
                                 ^
  symbol:   method getUpdatedAt()
  location: class Customer
C:\Users\EbrimaMbye\Desktop\A_Teaching\lima-final-programming-II\unibank_api\src\main\java\com\unibank\api\customers\Customer.java:43: error: cannot find symbol
        responseDTO.setStatus(getStatus());
                              ^
  symbol:   method getStatus()
  location: class Customer
C:\Users\EbrimaMbye\Desktop\A_Teaching\lima-final-programming-II\unibank_api\src\main\java\com\unibank\api\accounts\AccountType.java:26: error: cannot find symbol
        responseDTO.setUuid(getUuid());
                            ^
  symbol:   method getUuid()
  location: class AccountType
C:\Users\EbrimaMbye\Desktop\A_Teaching\lima-final-programming-II\unibank_api\src\main\java\com\unibank\api\accounts\AccountType.java:27: error: cannot find symbol
        responseDTO.setType(getType());
                            ^
  symbol:   method getType()
  location: class AccountType
C:\Users\EbrimaMbye\Desktop\A_Teaching\lima-final-programming-II\unibank_api\src\main\java\com\unibank\api\accounts\AccountType.java:28: error: cannot find symbol
        responseDTO.setStatus(getStatus());
                              ^
  symbol:   method getStatus()
  location: class AccountType
C:\Users\EbrimaMbye\Desktop\A_Teaching\lima-final-programming-II\unibank_api\src\main\java\com\unibank\api\accounts\AccountType.java:29: error: cannot find symbol
        responseDTO.setCreatedAt(getCreatedAt());
                                 ^
  symbol:   method getCreatedAt()
  location: class AccountType
C:\Users\EbrimaMbye\Desktop\A_Teaching\lima-final-programming-II\unibank_api\src\main\java\com\unibank\api\accounts\AccountType.java:30: error: cannot find symbol
        responseDTO.setUpdatedAt(getUpdatedAt());
                                 ^
  symbol:   method getUpdatedAt()
  location: class AccountType
C:\Users\EbrimaMbye\Desktop\A_Teaching\lima-final-programming-II\unibank_api\src\main\java\com\unibank\api\accounts\AccountService.java:37: error: cannot find symbol
        Customer customer = customerRepository.findById(request.getCustomerId())
                                                               ^
  symbol:   method getCustomerId()
  location: variable request of type AccountCreateDTO
C:\Users\EbrimaMbye\Desktop\A_Teaching\lima-final-programming-II\unibank_api\src\main\java\com\unibank\api\accounts\AccountService.java:40: error: cannot find symbol
        AccountType accountType = accountTypeRepository.findById(request.getAccountTypeId())
                                                                        ^
  symbol:   method getAccountTypeId()
  location: variable request of type AccountCreateDTO
C:\Users\EbrimaMbye\Desktop\A_Teaching\lima-final-programming-II\unibank_api\src\main\java\com\unibank\api\accounts\AccountService.java:44: error: cannot find symbol
        account.setCustomer(customer);
               ^
  symbol:   method setCustomer(Customer)
  location: variable account of type Account
C:\Users\EbrimaMbye\Desktop\A_Teaching\lima-final-programming-II\unibank_api\src\main\java\com\unibank\api\accounts\AccountService.java:45: error: cannot find symbol
        account.setAccountType(accountType);
               ^
  symbol:   method setAccountType(AccountType)
  location: variable account of type Account
C:\Users\EbrimaMbye\Desktop\A_Teaching\lima-final-programming-II\unibank_api\src\main\java\com\unibank\api\accounts\AccountService.java:46: error: cannot find symbol
        account.setBalance(request.getInitialBalance());
                                  ^
  symbol:   method getInitialBalance()
  location: variable request of type AccountCreateDTO
C:\Users\EbrimaMbye\Desktop\A_Teaching\lima-final-programming-II\unibank_api\src\main\java\com\unibank\api\accounts\AccountService.java:47: error: cannot find symbol
        account.setAccountNumber(generateAccountNumber());
               ^
  symbol:   method setAccountNumber(Long)
  location: variable account of type Account
C:\Users\EbrimaMbye\Desktop\A_Teaching\lima-final-programming-II\unibank_api\src\main\java\com\unibank\api\accounts\AccountService.java:74: error: cannot find symbol
        AccountType accountType = accountTypeRepository.findById(request.getAccountTypeId())
                                                                        ^
  symbol:   method getAccountTypeId()
  location: variable request of type AccountUpdateDTO
C:\Users\EbrimaMbye\Desktop\A_Teaching\lima-final-programming-II\unibank_api\src\main\java\com\unibank\api\accounts\AccountService.java:77: error: cannot find symbol
        account.setAccountType(accountType);
               ^
  symbol:   method setAccountType(AccountType)
  location: variable account of type Account
C:\Users\EbrimaMbye\Desktop\A_Teaching\lima-final-programming-II\unibank_api\src\main\java\com\unibank\api\accounts\AccountService.java:87: error: cannot find symbol
        account.setStatus(BaseEntity.Status.INACTIVE);
               ^
  symbol:   method setStatus(Status)
  location: variable account of type Account
C:\Users\EbrimaMbye\Desktop\A_Teaching\lima-final-programming-II\unibank_api\src\main\java\com\unibank\api\advice\AuthenticationAdvice.java:19: error: cannot find symbol
        ApiErrorResponse response = ApiErrorResponse.builder()
                                                    ^
  symbol:   method builder()
  location: class ApiErrorResponse
C:\Users\EbrimaMbye\Desktop\A_Teaching\lima-final-programming-II\unibank_api\src\main\java\com\unibank\api\advice\AuthenticationAdvice.java:31: error: cannot find symbol
        ApiErrorResponse response = ApiErrorResponse.builder()
                                                    ^
  symbol:   method builder()
  location: class ApiErrorResponse
C:\Users\EbrimaMbye\Desktop\A_Teaching\lima-final-programming-II\unibank_api\src\main\java\com\unibank\api\advice\GlobalAdvice.java:28: error: cannot find symbol
        ApiErrorResponse response = ApiErrorResponse.builder()
                                                    ^
  symbol:   method builder()
  location: class ApiErrorResponse
C:\Users\EbrimaMbye\Desktop\A_Teaching\lima-final-programming-II\unibank_api\src\main\java\com\unibank\api\advice\GlobalAdvice.java:42: error: cannot find symbol
        ApiErrorResponse response = ApiErrorResponse.builder()
                                                    ^
  symbol:   method builder()
  location: class ApiErrorResponse
C:\Users\EbrimaMbye\Desktop\A_Teaching\lima-final-programming-II\unibank_api\src\main\java\com\unibank\api\configurations\jwt\JwtUtil.java:41: error: cannot find symbol
            log.debug("Token is null or empty");
            ^
  symbol:   variable log
  location: class JwtUtil
C:\Users\EbrimaMbye\Desktop\A_Teaching\lima-final-programming-II\unibank_api\src\main\java\com\unibank\api\configurations\jwt\JwtUtil.java:52: error: cannot find symbol
            log.warn("JWT token expired for token: {}", token.substring(0, Math.min(20, token.length())));
            ^
  symbol:   variable log
  location: class JwtUtil
C:\Users\EbrimaMbye\Desktop\A_Teaching\lima-final-programming-II\unibank_api\src\main\java\com\unibank\api\configurations\jwt\JwtUtil.java:54: error: cannot find symbol
            log.error("Invalid JWT token: {}", e.getMessage());
            ^
  symbol:   variable log
  location: class JwtUtil
C:\Users\EbrimaMbye\Desktop\A_Teaching\lima-final-programming-II\unibank_api\src\main\java\com\unibank\api\configurations\jwt\JwtUtil.java:56: error: cannot find symbol
            log.error("Unexpected error validating JWT: {}", e.getMessage(), e);
            ^
  symbol:   variable log
  location: class JwtUtil
C:\Users\EbrimaMbye\Desktop\A_Teaching\lima-final-programming-II\unibank_api\src\main\java\com\unibank\api\users\User.java:26: error: User is not abstract and does not override abstract method getUsername() in UserDetails
public class User extends BaseEntity implements UserDetails {
       ^
C:\Users\EbrimaMbye\Desktop\A_Teaching\lima-final-programming-II\unibank_api\src\main\java\com\unibank\api\users\User.java:43: error: cannot find symbol
        response.setUuid(getUuid());
                         ^
  symbol:   method getUuid()
  location: class User
C:\Users\EbrimaMbye\Desktop\A_Teaching\lima-final-programming-II\unibank_api\src\main\java\com\unibank\api\users\User.java:44: error: cannot find symbol
        response.setFirstName(firstName);
                ^
  symbol:   method setFirstName(String)
  location: variable response of type UserResponseDTO
C:\Users\EbrimaMbye\Desktop\A_Teaching\lima-final-programming-II\unibank_api\src\main\java\com\unibank\api\users\User.java:45: error: cannot find symbol
        response.setLastName(lastName);
                ^
  symbol:   method setLastName(String)
  location: variable response of type UserResponseDTO
C:\Users\EbrimaMbye\Desktop\A_Teaching\lima-final-programming-II\unibank_api\src\main\java\com\unibank\api\users\User.java:46: error: cannot find symbol
        response.setEmail(email);
                ^
  symbol:   method setEmail(String)
  location: variable response of type UserResponseDTO
C:\Users\EbrimaMbye\Desktop\A_Teaching\lima-final-programming-II\unibank_api\src\main\java\com\unibank\api\users\User.java:47: error: cannot find symbol
        response.setCreatedAt(getCreatedAt());
                              ^
  symbol:   method getCreatedAt()
  location: class User
C:\Users\EbrimaMbye\Desktop\A_Teaching\lima-final-programming-II\unibank_api\src\main\java\com\unibank\api\users\User.java:48: error: cannot find symbol
        response.setUpdatedAt(getUpdatedAt());
                              ^
  symbol:   method getUpdatedAt()
  location: class User
C:\Users\EbrimaMbye\Desktop\A_Teaching\lima-final-programming-II\unibank_api\src\main\java\com\unibank\api\users\User.java:49: error: cannot find symbol
        response.setUsername(username);
                ^
  symbol:   method setUsername(String)
  location: variable response of type UserResponseDTO
C:\Users\EbrimaMbye\Desktop\A_Teaching\lima-final-programming-II\unibank_api\src\main\java\com\unibank\api\users\User.java:50: error: cannot find symbol
        response.setRoles(getAuthorities().stream().map(GrantedAuthority::getAuthority).collect(Collectors.toSet()));
                ^
  symbol:   method setRoles(Set<String>)
  location: variable response of type UserResponseDTO
C:\Users\EbrimaMbye\Desktop\A_Teaching\lima-final-programming-II\unibank_api\src\main\java\com\unibank\api\users\User.java:51: error: cannot find symbol
        response.setStatus(getStatus());
                           ^
  symbol:   method getStatus()
  location: class User
C:\Users\EbrimaMbye\Desktop\A_Teaching\lima-final-programming-II\unibank_api\src\main\java\com\unibank\api\users\User.java:59: error: cannot find symbol
                .map(role -> new SimpleGrantedAuthority(role.getName().name()))
                                                            ^
  symbol:   method getName()
  location: variable role of type Role
C:\Users\EbrimaMbye\Desktop\A_Teaching\lima-final-programming-II\unibank_api\src\main\java\com\unibank\api\roles\Role.java:24: error: cannot find symbol
        responseDTO.setUuid(getUuid());
                            ^
  symbol:   method getUuid()
  location: class Role
C:\Users\EbrimaMbye\Desktop\A_Teaching\lima-final-programming-II\unibank_api\src\main\java\com\unibank\api\roles\Role.java:25: error: cannot find symbol
        responseDTO.setName(getName());
                            ^
  symbol:   method getName()
  location: class Role
C:\Users\EbrimaMbye\Desktop\A_Teaching\lima-final-programming-II\unibank_api\src\main\java\com\unibank\api\roles\Role.java:26: error: cannot find symbol
        responseDTO.setStatus(getStatus());
                              ^
  symbol:   method getStatus()
  location: class Role
C:\Users\EbrimaMbye\Desktop\A_Teaching\lima-final-programming-II\unibank_api\src\main\java\com\unibank\api\roles\Role.java:27: error: cannot find symbol
        responseDTO.setCreatedAt(getCreatedAt());
                                 ^
  symbol:   method getCreatedAt()
  location: class Role
C:\Users\EbrimaMbye\Desktop\A_Teaching\lima-final-programming-II\unibank_api\src\main\java\com\unibank\api\roles\Role.java:28: error: cannot find symbol
        responseDTO.setUpdatedAt(getUpdatedAt());
                                 ^
  symbol:   method getUpdatedAt()
  location: class Role
C:\Users\EbrimaMbye\Desktop\A_Teaching\lima-final-programming-II\unibank_api\src\main\java\com\unibank\api\customers\CustomerService.java:26: error: cannot find symbol
        customer.setFullName(request.getFullName());
                                    ^
  symbol:   method getFullName()
  location: variable request of type CustomerCreateDTO
C:\Users\EbrimaMbye\Desktop\A_Teaching\lima-final-programming-II\unibank_api\src\main\java\com\unibank\api\customers\CustomerService.java:27: error: cannot find symbol
        customer.setDob(request.getDob());
                               ^
  symbol:   method getDob()
  location: variable request of type CustomerCreateDTO
C:\Users\EbrimaMbye\Desktop\A_Teaching\lima-final-programming-II\unibank_api\src\main\java\com\unibank\api\customers\CustomerService.java:28: error: cannot find symbol
        customer.setPhoneNumber(request.getPhoneNumber());
                                       ^
  symbol:   method getPhoneNumber()
  location: variable request of type CustomerCreateDTO
C:\Users\EbrimaMbye\Desktop\A_Teaching\lima-final-programming-II\unibank_api\src\main\java\com\unibank\api\customers\CustomerService.java:29: error: cannot find symbol
        customer.setEmail(request.getEmail());
                                 ^
  symbol:   method getEmail()
  location: variable request of type CustomerCreateDTO
C:\Users\EbrimaMbye\Desktop\A_Teaching\lima-final-programming-II\unibank_api\src\main\java\com\unibank\api\customers\CustomerService.java:30: error: cannot find symbol
        customer.setAddress(request.getAddress());
                                   ^
  symbol:   method getAddress()
  location: variable request of type CustomerCreateDTO
C:\Users\EbrimaMbye\Desktop\A_Teaching\lima-final-programming-II\unibank_api\src\main\java\com\unibank\api\customers\CustomerService.java:31: error: cannot find symbol
        customer.setNationalId(request.getNationalId());
                                      ^
  symbol:   method getNationalId()
  location: variable request of type CustomerCreateDTO
C:\Users\EbrimaMbye\Desktop\A_Teaching\lima-final-programming-II\unibank_api\src\main\java\com\unibank\api\customers\CustomerService.java:57: error: cannot find symbol
        customer.setFullName(request.getFullName());
                                    ^
  symbol:   method getFullName()
  location: variable request of type CustomerUpdateDTO
C:\Users\EbrimaMbye\Desktop\A_Teaching\lima-final-programming-II\unibank_api\src\main\java\com\unibank\api\customers\CustomerService.java:58: error: cannot find symbol
        customer.setDob(request.getDob());
                               ^
  symbol:   method getDob()
  location: variable request of type CustomerUpdateDTO
C:\Users\EbrimaMbye\Desktop\A_Teaching\lima-final-programming-II\unibank_api\src\main\java\com\unibank\api\customers\CustomerService.java:59: error: cannot find symbol
        customer.setPhoneNumber(request.getPhoneNumber());
                                       ^
  symbol:   method getPhoneNumber()
  location: variable request of type CustomerUpdateDTO
C:\Users\EbrimaMbye\Desktop\A_Teaching\lima-final-programming-II\unibank_api\src\main\java\com\unibank\api\customers\CustomerService.java:60: error: cannot find symbol
        customer.setEmail(request.getEmail());
                                 ^
  symbol:   method getEmail()
  location: variable request of type CustomerUpdateDTO
C:\Users\EbrimaMbye\Desktop\A_Teaching\lima-final-programming-II\unibank_api\src\main\java\com\unibank\api\customers\CustomerService.java:61: error: cannot find symbol
        customer.setAddress(request.getAddress());
                                   ^
  symbol:   method getAddress()
  location: variable request of type CustomerUpdateDTO
C:\Users\EbrimaMbye\Desktop\A_Teaching\lima-final-programming-II\unibank_api\src\main\java\com\unibank\api\customers\CustomerService.java:62: error: cannot find symbol
        customer.setNationalId(request.getNationalId());
                                      ^
  symbol:   method getNationalId()
  location: variable request of type CustomerUpdateDTO
C:\Users\EbrimaMbye\Desktop\A_Teaching\lima-final-programming-II\unibank_api\src\main\java\com\unibank\api\customers\CustomerService.java:72: error: cannot find symbol
        customer.setStatus(BaseEntity.Status.INACTIVE);
                ^
  symbol:   method setStatus(Status)
  location: variable customer of type Customer
C:\Users\EbrimaMbye\Desktop\A_Teaching\lima-final-programming-II\unibank_api\src\main\java\com\unibank\api\reports\ReportService.java:38: error: invalid method reference
        Double transactionTotal = transactionRepository.findAll().stream().map(Transaction::getAmount)
                                                                               ^
  cannot find symbol
    symbol:   method getAmount()
    location: class Transaction
C:\Users\EbrimaMbye\Desktop\A_Teaching\lima-final-programming-II\unibank_api\src\main\java\com\unibank\api\reports\ReportService.java:41: error: cannot find symbol
        return DashboardResponseDTO.builder()
                                   ^
  symbol:   method builder()
  location: class DashboardResponseDTO
C:\Users\EbrimaMbye\Desktop\A_Teaching\lima-final-programming-II\unibank_api\src\main\java\com\unibank\api\transactions\Transaction.java:36: error: cannot find symbol
        dto.setUuid(getUuid());
                    ^
  symbol:   method getUuid()
  location: class Transaction
C:\Users\EbrimaMbye\Desktop\A_Teaching\lima-final-programming-II\unibank_api\src\main\java\com\unibank\api\transactions\Transaction.java:37: error: cannot find symbol
        dto.setAccount(account.toResponseDTO());
           ^
  symbol:   method setAccount(AccountResponseDTO)
  location: variable dto of type TransactionResponseDTO
C:\Users\EbrimaMbye\Desktop\A_Teaching\lima-final-programming-II\unibank_api\src\main\java\com\unibank\api\transactions\Transaction.java:38: error: cannot find symbol
        dto.setTransactionType(transactionType.getTransactionType());
                                              ^
  symbol:   method getTransactionType()
  location: variable transactionType of type TransactionType
C:\Users\EbrimaMbye\Desktop\A_Teaching\lima-final-programming-II\unibank_api\src\main\java\com\unibank\api\transactions\Transaction.java:39: error: cannot find symbol
        dto.setAmount(amount);
           ^
  symbol:   method setAmount(Double)
  location: variable dto of type TransactionResponseDTO
C:\Users\EbrimaMbye\Desktop\A_Teaching\lima-final-programming-II\unibank_api\src\main\java\com\unibank\api\transactions\Transaction.java:40: error: cannot find symbol
        dto.setPerformedBy(performedBy != null ? performedBy.toUserResponseDTO() : null);
           ^
  symbol:   method setPerformedBy(performedB[...] null)
  location: variable dto of type TransactionResponseDTO
C:\Users\EbrimaMbye\Desktop\A_Teaching\lima-final-programming-II\unibank_api\src\main\java\com\unibank\api\transactions\Transaction.java:41: error: cannot find symbol
        dto.setStatus(getStatus());
                      ^
  symbol:   method getStatus()
  location: class Transaction
C:\Users\EbrimaMbye\Desktop\A_Teaching\lima-final-programming-II\unibank_api\src\main\java\com\unibank\api\transactions\Transaction.java:42: error: cannot find symbol
        dto.setCreatedAt(getCreatedAt());
                         ^
  symbol:   method getCreatedAt()
  location: class Transaction
C:\Users\EbrimaMbye\Desktop\A_Teaching\lima-final-programming-II\unibank_api\src\main\java\com\unibank\api\transactions\Transaction.java:43: error: cannot find symbol
        dto.setUpdatedAt(getUpdatedAt());
                         ^
  symbol:   method getUpdatedAt()
  location: class Transaction
C:\Users\EbrimaMbye\Desktop\A_Teaching\lima-final-programming-II\unibank_api\src\main\java\com\unibank\api\transactions\TransactionType.java:24: error: cannot find symbol
        responseDTO.setUuid(getUuid());
                            ^
  symbol:   method getUuid()
  location: class TransactionType
C:\Users\EbrimaMbye\Desktop\A_Teaching\lima-final-programming-II\unibank_api\src\main\java\com\unibank\api\transactions\TransactionType.java:25: error: cannot find symbol
        responseDTO.setTransactionType(getTransactionType());
                                       ^
  symbol:   method getTransactionType()
  location: class TransactionType
C:\Users\EbrimaMbye\Desktop\A_Teaching\lima-final-programming-II\unibank_api\src\main\java\com\unibank\api\transactions\TransactionType.java:26: error: cannot find symbol
        responseDTO.setStatus(getStatus());
                              ^
  symbol:   method getStatus()
  location: class TransactionType
C:\Users\EbrimaMbye\Desktop\A_Teaching\lima-final-programming-II\unibank_api\src\main\java\com\unibank\api\transactions\TransactionType.java:27: error: cannot find symbol
        responseDTO.setCreatedAt(getCreatedAt());
                                 ^
  symbol:   method getCreatedAt()
  location: class TransactionType
C:\Users\EbrimaMbye\Desktop\A_Teaching\lima-final-programming-II\unibank_api\src\main\java\com\unibank\api\transactions\TransactionType.java:28: error: cannot find symbol
        responseDTO.setUpdatedAt(getUpdatedAt());
                                 ^
  symbol:   method getUpdatedAt()
  location: class TransactionType
C:\Users\EbrimaMbye\Desktop\A_Teaching\lima-final-programming-II\unibank_api\src\main\java\com\unibank\api\seeders\AccountTypeSeederServiceService.java:21: error: cannot find symbol
                type.setType(eType);
                    ^
  symbol:   method setType(EAccountType)
  location: variable type of type AccountType
C:\Users\EbrimaMbye\Desktop\A_Teaching\lima-final-programming-II\unibank_api\src\main\java\com\unibank\api\seeders\AdminUserSeederService.java:29: error: cannot find symbol
            admin.setFirstName("Admin");
                 ^
  symbol:   method setFirstName(String)
  location: variable admin of type User
C:\Users\EbrimaMbye\Desktop\A_Teaching\lima-final-programming-II\unibank_api\src\main\java\com\unibank\api\seeders\AdminUserSeederService.java:30: error: cannot find symbol
            admin.setLastName("Admin");
                 ^
  symbol:   method setLastName(String)
  location: variable admin of type User
C:\Users\EbrimaMbye\Desktop\A_Teaching\lima-final-programming-II\unibank_api\src\main\java\com\unibank\api\seeders\AdminUserSeederService.java:31: error: cannot find symbol
            admin.setUsername("admin");
                 ^
  symbol:   method setUsername(String)
  location: variable admin of type User
C:\Users\EbrimaMbye\Desktop\A_Teaching\lima-final-programming-II\unibank_api\src\main\java\com\unibank\api\seeders\AdminUserSeederService.java:32: error: cannot find symbol
            admin.setEmail("admin@unibank.com");
                 ^
  symbol:   method setEmail(String)
  location: variable admin of type User
C:\Users\EbrimaMbye\Desktop\A_Teaching\lima-final-programming-II\unibank_api\src\main\java\com\unibank\api\seeders\AdminUserSeederService.java:33: error: cannot find symbol
            admin.setPassword(passwordEncoder.encode("Pass@123"));
                 ^
  symbol:   method setPassword(String)
  location: variable admin of type User
C:\Users\EbrimaMbye\Desktop\A_Teaching\lima-final-programming-II\unibank_api\src\main\java\com\unibank\api\seeders\AdminUserSeederService.java:34: error: cannot find symbol
            admin.setRoles(Set.of(roleRepository.findByName(ERole.ROLE_ADMIN)
                 ^
  symbol:   method setRoles(Set<Role>)
  location: variable admin of type User
C:\Users\EbrimaMbye\Desktop\A_Teaching\lima-final-programming-II\unibank_api\src\main\java\com\unibank\api\seeders\RoleSeederServiceService.java:21: error: cannot find symbol
                role.setName(eRole);
                    ^
  symbol:   method setName(ERole)
  location: variable role of type Role
C:\Users\EbrimaMbye\Desktop\A_Teaching\lima-final-programming-II\unibank_api\src\main\java\com\unibank\api\seeders\TransactionTypeSeederServiceService.java:24: error: cannot find symbol
                transactionType.setTransactionType(eTransactionType);
                               ^
  symbol:   method setTransactionType(ETransactionType)
  location: variable transactionType of type TransactionType
C:\Users\EbrimaMbye\Desktop\A_Teaching\lima-final-programming-II\unibank_api\src\main\java\com\unibank\api\transactions\TransactionService.java:43: error: cannot find symbol
        Account account = accountRepository.findById(request.getAccountId())
                                                            ^
  symbol:   method getAccountId()
  location: variable request of type TransactionCreateDTO
C:\Users\EbrimaMbye\Desktop\A_Teaching\lima-final-programming-II\unibank_api\src\main\java\com\unibank\api\transactions\TransactionService.java:47: error: cannot find symbol
                .findById(request.getTransactionTypeId())
                                 ^
  symbol:   method getTransactionTypeId()
  location: variable request of type TransactionCreateDTO
C:\Users\EbrimaMbye\Desktop\A_Teaching\lima-final-programming-II\unibank_api\src\main\java\com\unibank\api\transactions\TransactionService.java:50: error: cannot find symbol
        User user = request.getPerformedBy() != null
                           ^
  symbol:   method getPerformedBy()
  location: variable request of type TransactionCreateDTO
C:\Users\EbrimaMbye\Desktop\A_Teaching\lima-final-programming-II\unibank_api\src\main\java\com\unibank\api\transactions\TransactionService.java:51: error: cannot find symbol
                ? userRepository.findById(request.getPerformedBy())
                                                 ^
  symbol:   method getPerformedBy()
  location: variable request of type TransactionCreateDTO
C:\Users\EbrimaMbye\Desktop\A_Teaching\lima-final-programming-II\unibank_api\src\main\java\com\unibank\api\transactions\TransactionService.java:55: error: cannot find symbol
        validateAndApplyBalance(account, transactionType, request.getAmount());
                                                                 ^
  symbol:   method getAmount()
  location: variable request of type TransactionCreateDTO
C:\Users\EbrimaMbye\Desktop\A_Teaching\lima-final-programming-II\unibank_api\src\main\java\com\unibank\api\transactions\TransactionService.java:58: error: cannot find symbol
        transaction.setAccount(account);
                   ^
  symbol:   method setAccount(Account)
  location: variable transaction of type Transaction
C:\Users\EbrimaMbye\Desktop\A_Teaching\lima-final-programming-II\unibank_api\src\main\java\com\unibank\api\transactions\TransactionService.java:59: error: cannot find symbol
        transaction.setTransactionType(transactionType);
                   ^
  symbol:   method setTransactionType(TransactionType)
  location: variable transaction of type Transaction
100 errors
only showing the first 100 errors, of 122 total; use -Xmaxerrs if you would like to see more.
2026.01.14 14:43:29 WARN  javac exited with exit code 1
2026.01.14 14:43:29 INFO  time: compiled unibank_api in 5.18s
2026.01.14 15:06:37 INFO  Started: Metals version 1.6.4 in folders 'C:\Users\EbrimaMbye\Desktop\A_Teaching\lima-final-programming-II\unibank_api' for client Visual Studio Code 1.108.0.
2026.01.14 15:06:37 WARN  Using H2 2.4.240 which is newer than the version Flyway has been verified with. The latest verified version of H2 is 2.3.232.
2026.01.14 15:06:38 INFO  Attempting to connect to the build server...
2026.01.14 15:06:38 INFO  Found a Bloop server running
2026.01.14 15:06:39 INFO  tracing is disabled for protocol BSP, to enable tracing of incoming and outgoing JSON messages create an empty file at C:\Users\EbrimaMbye\Desktop\A_Teaching\lima-final-programming-II\unibank_api\.metals\bsp.trace.json or C:\Users\EbrimaMbye\AppData\Local\scalameta\metals\cache\bsp.trace.json
2026.01.14 15:06:39 INFO  time: Connected to build server in 0.43s
2026.01.14 15:06:39 INFO  Connected to Build server: Bloop v2.0.17
2026.01.14 15:06:39 INFO  time: Imported build in 0.21s
2026.01.14 15:06:49 WARN  Using H2 2.4.240 which is newer than the version Flyway has been verified with. The latest verified version of H2 is 2.3.232.
2026.01.14 15:07:00 INFO  time: indexed workspace in 20s
2026.01.14 15:07:01 INFO  compiling unibank_api (66 java sources)
2026.01.14 15:07:12 WARN  Unexpected javac output: WARNING: A terminally deprecated method in sun.misc.Unsafe has been called
WARNING: sun.misc.Unsafe::arrayBaseOffset has been called by com.sourcegraph.shaded.com.google.protobuf.UnsafeUtil$MemoryAccessor (file:/C:/Users/EbrimaMbye/AppData/Local/bloop/cache/semanticdb/com.sourcegraph.semanticdb-javac.0.11.1/semanticdb-javac-0.11.1.jar)
WARNING: Please consider reporting this to the maintainers of class com.sourcegraph.shaded.com.google.protobuf.UnsafeUtil$MemoryAccessor
WARNING: sun.misc.Unsafe::arrayBaseOffset will be removed in a future release
C:\Users\EbrimaMbye\Desktop\A_Teaching\lima-final-programming-II\unibank_api\src\main\java\com\unibank\api\accounts\Account.java:31: error: cannot find symbol
        dto.setUuid(getUuid());
                    ^
  symbol:   method getUuid()
  location: class Account
C:\Users\EbrimaMbye\Desktop\A_Teaching\lima-final-programming-II\unibank_api\src\main\java\com\unibank\api\accounts\Account.java:32: error: cannot find symbol
        dto.setAccountNumber(accountNumber);
           ^
  symbol:   method setAccountNumber(Long)
  location: variable dto of type AccountResponseDTO
C:\Users\EbrimaMbye\Desktop\A_Teaching\lima-final-programming-II\unibank_api\src\main\java\com\unibank\api\accounts\Account.java:33: error: cannot find symbol
        dto.setBalance(balance);
           ^
  symbol:   method setBalance(Double)
  location: variable dto of type AccountResponseDTO
C:\Users\EbrimaMbye\Desktop\A_Teaching\lima-final-programming-II\unibank_api\src\main\java\com\unibank\api\accounts\Account.java:34: error: cannot find symbol
        dto.setCustomer(customer.toResponseDTO());
           ^
  symbol:   method setCustomer(CustomerResponseDTO)
  location: variable dto of type AccountResponseDTO
C:\Users\EbrimaMbye\Desktop\A_Teaching\lima-final-programming-II\unibank_api\src\main\java\com\unibank\api\accounts\Account.java:35: error: cannot find symbol
        dto.setAccountType(accountType.getType());
                                      ^
  symbol:   method getType()
  location: variable accountType of type AccountType
C:\Users\EbrimaMbye\Desktop\A_Teaching\lima-final-programming-II\unibank_api\src\main\java\com\unibank\api\accounts\Account.java:36: error: cannot find symbol
        dto.setStatus(getStatus());
                      ^
  symbol:   method getStatus()
  location: class Account
C:\Users\EbrimaMbye\Desktop\A_Teaching\lima-final-programming-II\unibank_api\src\main\java\com\unibank\api\accounts\Account.java:37: error: cannot find symbol
        dto.setCreatedAt(getCreatedAt());
                         ^
  symbol:   method getCreatedAt()
  location: class Account
C:\Users\EbrimaMbye\Desktop\A_Teaching\lima-final-programming-II\unibank_api\src\main\java\com\unibank\api\accounts\Account.java:38: error: cannot find symbol
        dto.setUpdatedAt(getUpdatedAt());
                         ^
  symbol:   method getUpdatedAt()
  location: class Account
C:\Users\EbrimaMbye\Desktop\A_Teaching\lima-final-programming-II\unibank_api\src\main\java\com\unibank\api\customers\Customer.java:34: error: cannot find symbol
        responseDTO.setUuid(getUuid());
                            ^
  symbol:   method getUuid()
  location: class Customer
C:\Users\EbrimaMbye\Desktop\A_Teaching\lima-final-programming-II\unibank_api\src\main\java\com\unibank\api\customers\Customer.java:35: error: cannot find symbol
        responseDTO.setFullName(getFullName());
                                ^
  symbol:   method getFullName()
  location: class Customer
C:\Users\EbrimaMbye\Desktop\A_Teaching\lima-final-programming-II\unibank_api\src\main\java\com\unibank\api\customers\Customer.java:36: error: cannot find symbol
        responseDTO.setDob(getDob());
                           ^
  symbol:   method getDob()
  location: class Customer
C:\Users\EbrimaMbye\Desktop\A_Teaching\lima-final-programming-II\unibank_api\src\main\java\com\unibank\api\customers\Customer.java:37: error: cannot find symbol
        responseDTO.setPhoneNumber(getPhoneNumber());
                                   ^
  symbol:   method getPhoneNumber()
  location: class Customer
C:\Users\EbrimaMbye\Desktop\A_Teaching\lima-final-programming-II\unibank_api\src\main\java\com\unibank\api\customers\Customer.java:38: error: cannot find symbol
        responseDTO.setEmail(getEmail());
                             ^
  symbol:   method getEmail()
  location: class Customer
C:\Users\EbrimaMbye\Desktop\A_Teaching\lima-final-programming-II\unibank_api\src\main\java\com\unibank\api\customers\Customer.java:39: error: cannot find symbol
        responseDTO.setAddress(getAddress());
                               ^
  symbol:   method getAddress()
  location: class Customer
C:\Users\EbrimaMbye\Desktop\A_Teaching\lima-final-programming-II\unibank_api\src\main\java\com\unibank\api\customers\Customer.java:40: error: cannot find symbol
        responseDTO.setNationalId(getNationalId());
                                  ^
  symbol:   method getNationalId()
  location: class Customer
C:\Users\EbrimaMbye\Desktop\A_Teaching\lima-final-programming-II\unibank_api\src\main\java\com\unibank\api\customers\Customer.java:41: error: cannot find symbol
        responseDTO.setCreatedAt(getCreatedAt());
                                 ^
  symbol:   method getCreatedAt()
  location: class Customer
C:\Users\EbrimaMbye\Desktop\A_Teaching\lima-final-programming-II\unibank_api\src\main\java\com\unibank\api\customers\Customer.java:42: error: cannot find symbol
        responseDTO.setUpdatedAt(getUpdatedAt());
                                 ^
  symbol:   method getUpdatedAt()
  location: class Customer
C:\Users\EbrimaMbye\Desktop\A_Teaching\lima-final-programming-II\unibank_api\src\main\java\com\unibank\api\customers\Customer.java:43: error: cannot find symbol
        responseDTO.setStatus(getStatus());
                              ^
  symbol:   method getStatus()
  location: class Customer
C:\Users\EbrimaMbye\Desktop\A_Teaching\lima-final-programming-II\unibank_api\src\main\java\com\unibank\api\accounts\AccountType.java:26: error: cannot find symbol
        responseDTO.setUuid(getUuid());
                            ^
  symbol:   method getUuid()
  location: class AccountType
C:\Users\EbrimaMbye\Desktop\A_Teaching\lima-final-programming-II\unibank_api\src\main\java\com\unibank\api\accounts\AccountType.java:27: error: cannot find symbol
        responseDTO.setType(getType());
                            ^
  symbol:   method getType()
  location: class AccountType
C:\Users\EbrimaMbye\Desktop\A_Teaching\lima-final-programming-II\unibank_api\src\main\java\com\unibank\api\accounts\AccountType.java:28: error: cannot find symbol
        responseDTO.setStatus(getStatus());
                              ^
  symbol:   method getStatus()
  location: class AccountType
C:\Users\EbrimaMbye\Desktop\A_Teaching\lima-final-programming-II\unibank_api\src\main\java\com\unibank\api\accounts\AccountType.java:29: error: cannot find symbol
        responseDTO.setCreatedAt(getCreatedAt());
                                 ^
  symbol:   method getCreatedAt()
  location: class AccountType
C:\Users\EbrimaMbye\Desktop\A_Teaching\lima-final-programming-II\unibank_api\src\main\java\com\unibank\api\accounts\AccountType.java:30: error: cannot find symbol
        responseDTO.setUpdatedAt(getUpdatedAt());
                                 ^
  symbol:   method getUpdatedAt()
  location: class AccountType
C:\Users\EbrimaMbye\Desktop\A_Teaching\lima-final-programming-II\unibank_api\src\main\java\com\unibank\api\accounts\AccountService.java:37: error: cannot find symbol
        Customer customer = customerRepository.findById(request.getCustomerId())
                                                               ^
  symbol:   method getCustomerId()
  location: variable request of type AccountCreateDTO
C:\Users\EbrimaMbye\Desktop\A_Teaching\lima-final-programming-II\unibank_api\src\main\java\com\unibank\api\accounts\AccountService.java:40: error: cannot find symbol
        AccountType accountType = accountTypeRepository.findById(request.getAccountTypeId())
                                                                        ^
  symbol:   method getAccountTypeId()
  location: variable request of type AccountCreateDTO
C:\Users\EbrimaMbye\Desktop\A_Teaching\lima-final-programming-II\unibank_api\src\main\java\com\unibank\api\accounts\AccountService.java:44: error: cannot find symbol
        account.setCustomer(customer);
               ^
  symbol:   method setCustomer(Customer)
  location: variable account of type Account
C:\Users\EbrimaMbye\Desktop\A_Teaching\lima-final-programming-II\unibank_api\src\main\java\com\unibank\api\accounts\AccountService.java:45: error: cannot find symbol
        account.setAccountType(accountType);
               ^
  symbol:   method setAccountType(AccountType)
  location: variable account of type Account
C:\Users\EbrimaMbye\Desktop\A_Teaching\lima-final-programming-II\unibank_api\src\main\java\com\unibank\api\accounts\AccountService.java:46: error: cannot find symbol
        account.setBalance(request.getInitialBalance());
                                  ^
  symbol:   method getInitialBalance()
  location: variable request of type AccountCreateDTO
C:\Users\EbrimaMbye\Desktop\A_Teaching\lima-final-programming-II\unibank_api\src\main\java\com\unibank\api\accounts\AccountService.java:47: error: cannot find symbol
        account.setAccountNumber(generateAccountNumber());
               ^
  symbol:   method setAccountNumber(Long)
  location: variable account of type Account
C:\Users\EbrimaMbye\Desktop\A_Teaching\lima-final-programming-II\unibank_api\src\main\java\com\unibank\api\accounts\AccountService.java:74: error: cannot find symbol
        AccountType accountType = accountTypeRepository.findById(request.getAccountTypeId())
                                                                        ^
  symbol:   method getAccountTypeId()
  location: variable request of type AccountUpdateDTO
C:\Users\EbrimaMbye\Desktop\A_Teaching\lima-final-programming-II\unibank_api\src\main\java\com\unibank\api\accounts\AccountService.java:77: error: cannot find symbol
        account.setAccountType(accountType);
               ^
  symbol:   method setAccountType(AccountType)
  location: variable account of type Account
C:\Users\EbrimaMbye\Desktop\A_Teaching\lima-final-programming-II\unibank_api\src\main\java\com\unibank\api\accounts\AccountService.java:87: error: cannot find symbol
        account.setStatus(BaseEntity.Status.INACTIVE);
               ^
  symbol:   method setStatus(Status)
  location: variable account of type Account
C:\Users\EbrimaMbye\Desktop\A_Teaching\lima-final-programming-II\unibank_api\src\main\java\com\unibank\api\advice\AuthenticationAdvice.java:19: error: cannot find symbol
        ApiErrorResponse response = ApiErrorResponse.builder()
                                                    ^
  symbol:   method builder()
  location: class ApiErrorResponse
C:\Users\EbrimaMbye\Desktop\A_Teaching\lima-final-programming-II\unibank_api\src\main\java\com\unibank\api\advice\AuthenticationAdvice.java:31: error: cannot find symbol
        ApiErrorResponse response = ApiErrorResponse.builder()
                                                    ^
  symbol:   method builder()
  location: class ApiErrorResponse
C:\Users\EbrimaMbye\Desktop\A_Teaching\lima-final-programming-II\unibank_api\src\main\java\com\unibank\api\advice\GlobalAdvice.java:28: error: cannot find symbol
        ApiErrorResponse response = ApiErrorResponse.builder()
                                                    ^
  symbol:   method builder()
  location: class ApiErrorResponse
C:\Users\EbrimaMbye\Desktop\A_Teaching\lima-final-programming-II\unibank_api\src\main\java\com\unibank\api\advice\GlobalAdvice.java:42: error: cannot find symbol
        ApiErrorResponse response = ApiErrorResponse.builder()
                                                    ^
  symbol:   method builder()
  location: class ApiErrorResponse
C:\Users\EbrimaMbye\Desktop\A_Teaching\lima-final-programming-II\unibank_api\src\main\java\com\unibank\api\configurations\jwt\JwtUtil.java:41: error: cannot find symbol
            log.debug("Token is null or empty");
            ^
  symbol:   variable log
  location: class JwtUtil
C:\Users\EbrimaMbye\Desktop\A_Teaching\lima-final-programming-II\unibank_api\src\main\java\com\unibank\api\configurations\jwt\JwtUtil.java:52: error: cannot find symbol
            log.warn("JWT token expired for token: {}", token.substring(0, Math.min(20, token.length())));
            ^
  symbol:   variable log
  location: class JwtUtil
C:\Users\EbrimaMbye\Desktop\A_Teaching\lima-final-programming-II\unibank_api\src\main\java\com\unibank\api\configurations\jwt\JwtUtil.java:54: error: cannot find symbol
            log.error("Invalid JWT token: {}", e.getMessage());
            ^
  symbol:   variable log
  location: class JwtUtil
C:\Users\EbrimaMbye\Desktop\A_Teaching\lima-final-programming-II\unibank_api\src\main\java\com\unibank\api\configurations\jwt\JwtUtil.java:56: error: cannot find symbol
            log.error("Unexpected error validating JWT: {}", e.getMessage(), e);
            ^
  symbol:   variable log
  location: class JwtUtil
C:\Users\EbrimaMbye\Desktop\A_Teaching\lima-final-programming-II\unibank_api\src\main\java\com\unibank\api\users\User.java:26: error: User is not abstract and does not override abstract method getUsername() in UserDetails
public class User extends BaseEntity implements UserDetails {
       ^
C:\Users\EbrimaMbye\Desktop\A_Teaching\lima-final-programming-II\unibank_api\src\main\java\com\unibank\api\users\User.java:43: error: cannot find symbol
        response.setUuid(getUuid());
                         ^
  symbol:   method getUuid()
  location: class User
C:\Users\EbrimaMbye\Desktop\A_Teaching\lima-final-programming-II\unibank_api\src\main\java\com\unibank\api\users\User.java:44: error: cannot find symbol
        response.setFirstName(firstName);
                ^
  symbol:   method setFirstName(String)
  location: variable response of type UserResponseDTO
C:\Users\EbrimaMbye\Desktop\A_Teaching\lima-final-programming-II\unibank_api\src\main\java\com\unibank\api\users\User.java:45: error: cannot find symbol
        response.setLastName(lastName);
                ^
  symbol:   method setLastName(String)
  location: variable response of type UserResponseDTO
C:\Users\EbrimaMbye\Desktop\A_Teaching\lima-final-programming-II\unibank_api\src\main\java\com\unibank\api\users\User.java:46: error: cannot find symbol
        response.setEmail(email);
                ^
  symbol:   method setEmail(String)
  location: variable response of type UserResponseDTO
C:\Users\EbrimaMbye\Desktop\A_Teaching\lima-final-programming-II\unibank_api\src\main\java\com\unibank\api\users\User.java:47: error: cannot find symbol
        response.setCreatedAt(getCreatedAt());
                              ^
  symbol:   method getCreatedAt()
  location: class User
C:\Users\EbrimaMbye\Desktop\A_Teaching\lima-final-programming-II\unibank_api\src\main\java\com\unibank\api\users\User.java:48: error: cannot find symbol
        response.setUpdatedAt(getUpdatedAt());
                              ^
  symbol:   method getUpdatedAt()
  location: class User
C:\Users\EbrimaMbye\Desktop\A_Teaching\lima-final-programming-II\unibank_api\src\main\java\com\unibank\api\users\User.java:49: error: cannot find symbol
        response.setUsername(username);
                ^
  symbol:   method setUsername(String)
  location: variable response of type UserResponseDTO
C:\Users\EbrimaMbye\Desktop\A_Teaching\lima-final-programming-II\unibank_api\src\main\java\com\unibank\api\users\User.java:50: error: cannot find symbol
        response.setRoles(getAuthorities().stream().map(GrantedAuthority::getAuthority).collect(Collectors.toSet()));
                ^
  symbol:   method setRoles(Set<String>)
  location: variable response of type UserResponseDTO
C:\Users\EbrimaMbye\Desktop\A_Teaching\lima-final-programming-II\unibank_api\src\main\java\com\unibank\api\users\User.java:51: error: cannot find symbol
        response.setStatus(getStatus());
                           ^
  symbol:   method getStatus()
  location: class User
C:\Users\EbrimaMbye\Desktop\A_Teaching\lima-final-programming-II\unibank_api\src\main\java\com\unibank\api\users\User.java:59: error: cannot find symbol
                .map(role -> new SimpleGrantedAuthority(role.getName().name()))
                                                            ^
  symbol:   method getName()
  location: variable role of type Role
C:\Users\EbrimaMbye\Desktop\A_Teaching\lima-final-programming-II\unibank_api\src\main\java\com\unibank\api\roles\Role.java:24: error: cannot find symbol
        responseDTO.setUuid(getUuid());
                            ^
  symbol:   method getUuid()
  location: class Role
C:\Users\EbrimaMbye\Desktop\A_Teaching\lima-final-programming-II\unibank_api\src\main\java\com\unibank\api\roles\Role.java:25: error: cannot find symbol
        responseDTO.setName(getName());
                            ^
  symbol:   method getName()
  location: class Role
C:\Users\EbrimaMbye\Desktop\A_Teaching\lima-final-programming-II\unibank_api\src\main\java\com\unibank\api\roles\Role.java:26: error: cannot find symbol
        responseDTO.setStatus(getStatus());
                              ^
  symbol:   method getStatus()
  location: class Role
C:\Users\EbrimaMbye\Desktop\A_Teaching\lima-final-programming-II\unibank_api\src\main\java\com\unibank\api\roles\Role.java:27: error: cannot find symbol
        responseDTO.setCreatedAt(getCreatedAt());
                                 ^
  symbol:   method getCreatedAt()
  location: class Role
C:\Users\EbrimaMbye\Desktop\A_Teaching\lima-final-programming-II\unibank_api\src\main\java\com\unibank\api\roles\Role.java:28: error: cannot find symbol
        responseDTO.setUpdatedAt(getUpdatedAt());
                                 ^
  symbol:   method getUpdatedAt()
  location: class Role
C:\Users\EbrimaMbye\Desktop\A_Teaching\lima-final-programming-II\unibank_api\src\main\java\com\unibank\api\customers\CustomerService.java:26: error: cannot find symbol
        customer.setFullName(request.getFullName());
                                    ^
  symbol:   method getFullName()
  location: variable request of type CustomerCreateDTO
C:\Users\EbrimaMbye\Desktop\A_Teaching\lima-final-programming-II\unibank_api\src\main\java\com\unibank\api\customers\CustomerService.java:27: error: cannot find symbol
        customer.setDob(request.getDob());
                               ^
  symbol:   method getDob()
  location: variable request of type CustomerCreateDTO
C:\Users\EbrimaMbye\Desktop\A_Teaching\lima-final-programming-II\unibank_api\src\main\java\com\unibank\api\customers\CustomerService.java:28: error: cannot find symbol
        customer.setPhoneNumber(request.getPhoneNumber());
                                       ^
  symbol:   method getPhoneNumber()
  location: variable request of type CustomerCreateDTO
C:\Users\EbrimaMbye\Desktop\A_Teaching\lima-final-programming-II\unibank_api\src\main\java\com\unibank\api\customers\CustomerService.java:29: error: cannot find symbol
        customer.setEmail(request.getEmail());
                                 ^
  symbol:   method getEmail()
  location: variable request of type CustomerCreateDTO
C:\Users\EbrimaMbye\Desktop\A_Teaching\lima-final-programming-II\unibank_api\src\main\java\com\unibank\api\customers\CustomerService.java:30: error: cannot find symbol
        customer.setAddress(request.getAddress());
                                   ^
  symbol:   method getAddress()
  location: variable request of type CustomerCreateDTO
C:\Users\EbrimaMbye\Desktop\A_Teaching\lima-final-programming-II\unibank_api\src\main\java\com\unibank\api\customers\CustomerService.java:31: error: cannot find symbol
        customer.setNationalId(request.getNationalId());
                                      ^
  symbol:   method getNationalId()
  location: variable request of type CustomerCreateDTO
C:\Users\EbrimaMbye\Desktop\A_Teaching\lima-final-programming-II\unibank_api\src\main\java\com\unibank\api\customers\CustomerService.java:57: error: cannot find symbol
        customer.setFullName(request.getFullName());
                                    ^
  symbol:   method getFullName()
  location: variable request of type CustomerUpdateDTO
C:\Users\EbrimaMbye\Desktop\A_Teaching\lima-final-programming-II\unibank_api\src\main\java\com\unibank\api\customers\CustomerService.java:58: error: cannot find symbol
        customer.setDob(request.getDob());
                               ^
  symbol:   method getDob()
  location: variable request of type CustomerUpdateDTO
C:\Users\EbrimaMbye\Desktop\A_Teaching\lima-final-programming-II\unibank_api\src\main\java\com\unibank\api\customers\CustomerService.java:59: error: cannot find symbol
        customer.setPhoneNumber(request.getPhoneNumber());
                                       ^
  symbol:   method getPhoneNumber()
  location: variable request of type CustomerUpdateDTO
C:\Users\EbrimaMbye\Desktop\A_Teaching\lima-final-programming-II\unibank_api\src\main\java\com\unibank\api\customers\CustomerService.java:60: error: cannot find symbol
        customer.setEmail(request.getEmail());
                                 ^
  symbol:   method getEmail()
  location: variable request of type CustomerUpdateDTO
C:\Users\EbrimaMbye\Desktop\A_Teaching\lima-final-programming-II\unibank_api\src\main\java\com\unibank\api\customers\CustomerService.java:61: error: cannot find symbol
        customer.setAddress(request.getAddress());
                                   ^
  symbol:   method getAddress()
  location: variable request of type CustomerUpdateDTO
C:\Users\EbrimaMbye\Desktop\A_Teaching\lima-final-programming-II\unibank_api\src\main\java\com\unibank\api\customers\CustomerService.java:62: error: cannot find symbol
        customer.setNationalId(request.getNationalId());
                                      ^
  symbol:   method getNationalId()
  location: variable request of type CustomerUpdateDTO
C:\Users\EbrimaMbye\Desktop\A_Teaching\lima-final-programming-II\unibank_api\src\main\java\com\unibank\api\customers\CustomerService.java:72: error: cannot find symbol
        customer.setStatus(BaseEntity.Status.INACTIVE);
                ^
  symbol:   method setStatus(Status)
  location: variable customer of type Customer
C:\Users\EbrimaMbye\Desktop\A_Teaching\lima-final-programming-II\unibank_api\src\main\java\com\unibank\api\reports\ReportService.java:38: error: invalid method reference
        Double transactionTotal = transactionRepository.findAll().stream().map(Transaction::getAmount)
                                                                               ^
  cannot find symbol
    symbol:   method getAmount()
    location: class Transaction
C:\Users\EbrimaMbye\Desktop\A_Teaching\lima-final-programming-II\unibank_api\src\main\java\com\unibank\api\reports\ReportService.java:41: error: cannot find symbol
        return DashboardResponseDTO.builder()
                                   ^
  symbol:   method builder()
  location: class DashboardResponseDTO
C:\Users\EbrimaMbye\Desktop\A_Teaching\lima-final-programming-II\unibank_api\src\main\java\com\unibank\api\transactions\Transaction.java:36: error: cannot find symbol
        dto.setUuid(getUuid());
                    ^
  symbol:   method getUuid()
  location: class Transaction
C:\Users\EbrimaMbye\Desktop\A_Teaching\lima-final-programming-II\unibank_api\src\main\java\com\unibank\api\transactions\Transaction.java:37: error: cannot find symbol
        dto.setAccount(account.toResponseDTO());
           ^
  symbol:   method setAccount(AccountResponseDTO)
  location: variable dto of type TransactionResponseDTO
C:\Users\EbrimaMbye\Desktop\A_Teaching\lima-final-programming-II\unibank_api\src\main\java\com\unibank\api\transactions\Transaction.java:38: error: cannot find symbol
        dto.setTransactionType(transactionType.getTransactionType());
                                              ^
  symbol:   method getTransactionType()
  location: variable transactionType of type TransactionType
C:\Users\EbrimaMbye\Desktop\A_Teaching\lima-final-programming-II\unibank_api\src\main\java\com\unibank\api\transactions\Transaction.java:39: error: cannot find symbol
        dto.setAmount(amount);
           ^
  symbol:   method setAmount(Double)
  location: variable dto of type TransactionResponseDTO
C:\Users\EbrimaMbye\Desktop\A_Teaching\lima-final-programming-II\unibank_api\src\main\java\com\unibank\api\transactions\Transaction.java:40: error: cannot find symbol
        dto.setPerformedBy(performedBy != null ? performedBy.toUserResponseDTO() : null);
           ^
  symbol:   method setPerformedBy(performedB[...] null)
  location: variable dto of type TransactionResponseDTO
C:\Users\EbrimaMbye\Desktop\A_Teaching\lima-final-programming-II\unibank_api\src\main\java\com\unibank\api\transactions\Transaction.java:41: error: cannot find symbol
        dto.setStatus(getStatus());
                      ^
  symbol:   method getStatus()
  location: class Transaction
C:\Users\EbrimaMbye\Desktop\A_Teaching\lima-final-programming-II\unibank_api\src\main\java\com\unibank\api\transactions\Transaction.java:42: error: cannot find symbol
        dto.setCreatedAt(getCreatedAt());
                         ^
  symbol:   method getCreatedAt()
  location: class Transaction
C:\Users\EbrimaMbye\Desktop\A_Teaching\lima-final-programming-II\unibank_api\src\main\java\com\unibank\api\transactions\Transaction.java:43: error: cannot find symbol
        dto.setUpdatedAt(getUpdatedAt());
                         ^
  symbol:   method getUpdatedAt()
  location: class Transaction
C:\Users\EbrimaMbye\Desktop\A_Teaching\lima-final-programming-II\unibank_api\src\main\java\com\unibank\api\transactions\TransactionType.java:24: error: cannot find symbol
        responseDTO.setUuid(getUuid());
                            ^
  symbol:   method getUuid()
  location: class TransactionType
C:\Users\EbrimaMbye\Desktop\A_Teaching\lima-final-programming-II\unibank_api\src\main\java\com\unibank\api\transactions\TransactionType.java:25: error: cannot find symbol
        responseDTO.setTransactionType(getTransactionType());
                                       ^
  symbol:   method getTransactionType()
  location: class TransactionType
C:\Users\EbrimaMbye\Desktop\A_Teaching\lima-final-programming-II\unibank_api\src\main\java\com\unibank\api\transactions\TransactionType.java:26: error: cannot find symbol
        responseDTO.setStatus(getStatus());
                              ^
  symbol:   method getStatus()
  location: class TransactionType
C:\Users\EbrimaMbye\Desktop\A_Teaching\lima-final-programming-II\unibank_api\src\main\java\com\unibank\api\transactions\TransactionType.java:27: error: cannot find symbol
        responseDTO.setCreatedAt(getCreatedAt());
                                 ^
  symbol:   method getCreatedAt()
  location: class TransactionType
C:\Users\EbrimaMbye\Desktop\A_Teaching\lima-final-programming-II\unibank_api\src\main\java\com\unibank\api\transactions\TransactionType.java:28: error: cannot find symbol
        responseDTO.setUpdatedAt(getUpdatedAt());
                                 ^
  symbol:   method getUpdatedAt()
  location: class TransactionType
C:\Users\EbrimaMbye\Desktop\A_Teaching\lima-final-programming-II\unibank_api\src\main\java\com\unibank\api\seeders\AccountTypeSeederServiceService.java:21: error: cannot find symbol
                type.setType(eType);
                    ^
  symbol:   method setType(EAccountType)
  location: variable type of type AccountType
C:\Users\EbrimaMbye\Desktop\A_Teaching\lima-final-programming-II\unibank_api\src\main\java\com\unibank\api\seeders\AdminUserSeederService.java:29: error: cannot find symbol
            admin.setFirstName("Admin");
                 ^
  symbol:   method setFirstName(String)
  location: variable admin of type User
C:\Users\EbrimaMbye\Desktop\A_Teaching\lima-final-programming-II\unibank_api\src\main\java\com\unibank\api\seeders\AdminUserSeederService.java:30: error: cannot find symbol
            admin.setLastName("Admin");
                 ^
  symbol:   method setLastName(String)
  location: variable admin of type User
C:\Users\EbrimaMbye\Desktop\A_Teaching\lima-final-programming-II\unibank_api\src\main\java\com\unibank\api\seeders\AdminUserSeederService.java:31: error: cannot find symbol
            admin.setUsername("admin");
                 ^
  symbol:   method setUsername(String)
  location: variable admin of type User
C:\Users\EbrimaMbye\Desktop\A_Teaching\lima-final-programming-II\unibank_api\src\main\java\com\unibank\api\seeders\AdminUserSeederService.java:32: error: cannot find symbol
            admin.setEmail("admin@unibank.com");
                 ^
  symbol:   method setEmail(String)
  location: variable admin of type User
C:\Users\EbrimaMbye\Desktop\A_Teaching\lima-final-programming-II\unibank_api\src\main\java\com\unibank\api\seeders\AdminUserSeederService.java:33: error: cannot find symbol
            admin.setPassword(passwordEncoder.encode("Pass@123"));
                 ^
  symbol:   method setPassword(String)
  location: variable admin of type User
C:\Users\EbrimaMbye\Desktop\A_Teaching\lima-final-programming-II\unibank_api\src\main\java\com\unibank\api\seeders\AdminUserSeederService.java:34: error: cannot find symbol
            admin.setRoles(Set.of(roleRepository.findByName(ERole.ROLE_ADMIN)
                 ^
  symbol:   method setRoles(Set<Role>)
  location: variable admin of type User
C:\Users\EbrimaMbye\Desktop\A_Teaching\lima-final-programming-II\unibank_api\src\main\java\com\unibank\api\seeders\RoleSeederServiceService.java:21: error: cannot find symbol
                role.setName(eRole);
                    ^
  symbol:   method setName(ERole)
  location: variable role of type Role
C:\Users\EbrimaMbye\Desktop\A_Teaching\lima-final-programming-II\unibank_api\src\main\java\com\unibank\api\seeders\TransactionTypeSeederServiceService.java:24: error: cannot find symbol
                transactionType.setTransactionType(eTransactionType);
                               ^
  symbol:   method setTransactionType(ETransactionType)
  location: variable transactionType of type TransactionType
C:\Users\EbrimaMbye\Desktop\A_Teaching\lima-final-programming-II\unibank_api\src\main\java\com\unibank\api\transactions\TransactionService.java:43: error: cannot find symbol
        Account account = accountRepository.findById(request.getAccountId())
                                                            ^
  symbol:   method getAccountId()
  location: variable request of type TransactionCreateDTO
C:\Users\EbrimaMbye\Desktop\A_Teaching\lima-final-programming-II\unibank_api\src\main\java\com\unibank\api\transactions\TransactionService.java:47: error: cannot find symbol
                .findById(request.getTransactionTypeId())
                                 ^
  symbol:   method getTransactionTypeId()
  location: variable request of type TransactionCreateDTO
C:\Users\EbrimaMbye\Desktop\A_Teaching\lima-final-programming-II\unibank_api\src\main\java\com\unibank\api\transactions\TransactionService.java:50: error: cannot find symbol
        User user = request.getPerformedBy() != null
                           ^
  symbol:   method getPerformedBy()
  location: variable request of type TransactionCreateDTO
C:\Users\EbrimaMbye\Desktop\A_Teaching\lima-final-programming-II\unibank_api\src\main\java\com\unibank\api\transactions\TransactionService.java:51: error: cannot find symbol
                ? userRepository.findById(request.getPerformedBy())
                                                 ^
  symbol:   method getPerformedBy()
  location: variable request of type TransactionCreateDTO
C:\Users\EbrimaMbye\Desktop\A_Teaching\lima-final-programming-II\unibank_api\src\main\java\com\unibank\api\transactions\TransactionService.java:55: error: cannot find symbol
        validateAndApplyBalance(account, transactionType, request.getAmount());
                                                                 ^
  symbol:   method getAmount()
  location: variable request of type TransactionCreateDTO
C:\Users\EbrimaMbye\Desktop\A_Teaching\lima-final-programming-II\unibank_api\src\main\java\com\unibank\api\transactions\TransactionService.java:58: error: cannot find symbol
        transaction.setAccount(account);
                   ^
  symbol:   method setAccount(Account)
  location: variable transaction of type Transaction
C:\Users\EbrimaMbye\Desktop\A_Teaching\lima-final-programming-II\unibank_api\src\main\java\com\unibank\api\transactions\TransactionService.java:59: error: cannot find symbol
        transaction.setTransactionType(transactionType);
                   ^
  symbol:   method setTransactionType(TransactionType)
  location: variable transaction of type Transaction
100 errors
only showing the first 100 errors, of 122 total; use -Xmaxerrs if you would like to see more.
2026.01.14 15:07:12 WARN  javac exited with exit code 1
2026.01.14 15:07:12 INFO  time: compiled unibank_api in 10s
Jan 14, 2026 3:09:29 PM org.eclipse.lsp4j.jsonrpc.services.GenericEndpoint notify
INFO: Unsupported notification method: $/setTrace
Jan 14, 2026 3:09:29 PM org.eclipse.lsp4j.jsonrpc.services.GenericEndpoint notify
INFO: Unsupported notification method: $/setTrace
2026.01.14 15:11:42 INFO  Deduplicating compilation of unibank_api from bsp client 'Metals 1.6.4' (since 37m 38.462s)
2026.01.14 15:11:42 INFO  compiling unibank_api (66 java sources)
2026.01.14 15:11:42 INFO  compiling unibank_api (66 java sources)
2026.01.14 15:11:47 WARN  Unexpected javac output: WARNING: A terminally deprecated method in sun.misc.Unsafe has been called
WARNING: sun.misc.Unsafe::arrayBaseOffset has been called by com.sourcegraph.shaded.com.google.protobuf.UnsafeUtil$MemoryAccessor (file:/C:/Users/EbrimaMbye/AppData/Local/bloop/cache/semanticdb/com.sourcegraph.semanticdb-javac.0.11.1/semanticdb-javac-0.11.1.jar)
WARNING: Please consider reporting this to the maintainers of class com.sourcegraph.shaded.com.google.protobuf.UnsafeUtil$MemoryAccessor
WARNING: sun.misc.Unsafe::arrayBaseOffset will be removed in a future release
C:\Users\EbrimaMbye\Desktop\A_Teaching\lima-final-programming-II\unibank_api\src\main\java\com\unibank\api\accounts\Account.java:31: error: cannot find symbol
        dto.setUuid(getUuid());
                    ^
  symbol:   method getUuid()
  location: class Account
C:\Users\EbrimaMbye\Desktop\A_Teaching\lima-final-programming-II\unibank_api\src\main\java\com\unibank\api\accounts\Account.java:32: error: cannot find symbol
        dto.setAccountNumber(accountNumber);
           ^
  symbol:   method setAccountNumber(Long)
  location: variable dto of type AccountResponseDTO
C:\Users\EbrimaMbye\Desktop\A_Teaching\lima-final-programming-II\unibank_api\src\main\java\com\unibank\api\accounts\Account.java:33: error: cannot find symbol
        dto.setBalance(balance);
           ^
  symbol:   method setBalance(Double)
  location: variable dto of type AccountResponseDTO
C:\Users\EbrimaMbye\Desktop\A_Teaching\lima-final-programming-II\unibank_api\src\main\java\com\unibank\api\accounts\Account.java:34: error: cannot find symbol
        dto.setCustomer(customer.toResponseDTO());
           ^
  symbol:   method setCustomer(CustomerResponseDTO)
  location: variable dto of type AccountResponseDTO
C:\Users\EbrimaMbye\Desktop\A_Teaching\lima-final-programming-II\unibank_api\src\main\java\com\unibank\api\accounts\Account.java:35: error: cannot find symbol
        dto.setAccountType(accountType.getType());
                                      ^
  symbol:   method getType()
  location: variable accountType of type AccountType
C:\Users\EbrimaMbye\Desktop\A_Teaching\lima-final-programming-II\unibank_api\src\main\java\com\unibank\api\accounts\Account.java:36: error: cannot find symbol
        dto.setStatus(getStatus());
                      ^
  symbol:   method getStatus()
  location: class Account
C:\Users\EbrimaMbye\Desktop\A_Teaching\lima-final-programming-II\unibank_api\src\main\java\com\unibank\api\accounts\Account.java:37: error: cannot find symbol
        dto.setCreatedAt(getCreatedAt());
                         ^
  symbol:   method getCreatedAt()
  location: class Account
C:\Users\EbrimaMbye\Desktop\A_Teaching\lima-final-programming-II\unibank_api\src\main\java\com\unibank\api\accounts\Account.java:38: error: cannot find symbol
        dto.setUpdatedAt(getUpdatedAt());
                         ^
  symbol:   method getUpdatedAt()
  location: class Account
C:\Users\EbrimaMbye\Desktop\A_Teaching\lima-final-programming-II\unibank_api\src\main\java\com\unibank\api\customers\Customer.java:34: error: cannot find symbol
        responseDTO.setUuid(getUuid());
                            ^
  symbol:   method getUuid()
  location: class Customer
C:\Users\EbrimaMbye\Desktop\A_Teaching\lima-final-programming-II\unibank_api\src\main\java\com\unibank\api\customers\Customer.java:35: error: cannot find symbol
        responseDTO.setFullName(getFullName());
                                ^
  symbol:   method getFullName()
  location: class Customer
C:\Users\EbrimaMbye\Desktop\A_Teaching\lima-final-programming-II\unibank_api\src\main\java\com\unibank\api\customers\Customer.java:36: error: cannot find symbol
        responseDTO.setDob(getDob());
                           ^
  symbol:   method getDob()
  location: class Customer
C:\Users\EbrimaMbye\Desktop\A_Teaching\lima-final-programming-II\unibank_api\src\main\java\com\unibank\api\customers\Customer.java:37: error: cannot find symbol
        responseDTO.setPhoneNumber(getPhoneNumber());
                                   ^
  symbol:   method getPhoneNumber()
  location: class Customer
C:\Users\EbrimaMbye\Desktop\A_Teaching\lima-final-programming-II\unibank_api\src\main\java\com\unibank\api\customers\Customer.java:38: error: cannot find symbol
        responseDTO.setEmail(getEmail());
                             ^
  symbol:   method getEmail()
  location: class Customer
C:\Users\EbrimaMbye\Desktop\A_Teaching\lima-final-programming-II\unibank_api\src\main\java\com\unibank\api\customers\Customer.java:39: error: cannot find symbol
        responseDTO.setAddress(getAddress());
                               ^
  symbol:   method getAddress()
  location: class Customer
C:\Users\EbrimaMbye\Desktop\A_Teaching\lima-final-programming-II\unibank_api\src\main\java\com\unibank\api\customers\Customer.java:40: error: cannot find symbol
        responseDTO.setNationalId(getNationalId());
                                  ^
  symbol:   method getNationalId()
  location: class Customer
C:\Users\EbrimaMbye\Desktop\A_Teaching\lima-final-programming-II\unibank_api\src\main\java\com\unibank\api\customers\Customer.java:41: error: cannot find symbol
        responseDTO.setCreatedAt(getCreatedAt());
                                 ^
  symbol:   method getCreatedAt()
  location: class Customer
C:\Users\EbrimaMbye\Desktop\A_Teaching\lima-final-programming-II\unibank_api\src\main\java\com\unibank\api\customers\Customer.java:42: error: cannot find symbol
        responseDTO.setUpdatedAt(getUpdatedAt());
                                 ^
  symbol:   method getUpdatedAt()
  location: class Customer
C:\Users\EbrimaMbye\Desktop\A_Teaching\lima-final-programming-II\unibank_api\src\main\java\com\unibank\api\customers\Customer.java:43: error: cannot find symbol
        responseDTO.setStatus(getStatus());
                              ^
  symbol:   method getStatus()
  location: class Customer
C:\Users\EbrimaMbye\Desktop\A_Teaching\lima-final-programming-II\unibank_api\src\main\java\com\unibank\api\accounts\AccountType.java:26: error: cannot find symbol
        responseDTO.setUuid(getUuid());
                            ^
  symbol:   method getUuid()
  location: class AccountType
C:\Users\EbrimaMbye\Desktop\A_Teaching\lima-final-programming-II\unibank_api\src\main\java\com\unibank\api\accounts\AccountType.java:27: error: cannot find symbol
        responseDTO.setType(getType());
                            ^
  symbol:   method getType()
  location: class AccountType
C:\Users\EbrimaMbye\Desktop\A_Teaching\lima-final-programming-II\unibank_api\src\main\java\com\unibank\api\accounts\AccountType.java:28: error: cannot find symbol
        responseDTO.setStatus(getStatus());
                              ^
  symbol:   method getStatus()
  location: class AccountType
C:\Users\EbrimaMbye\Desktop\A_Teaching\lima-final-programming-II\unibank_api\src\main\java\com\unibank\api\accounts\AccountType.java:29: error: cannot find symbol
        responseDTO.setCreatedAt(getCreatedAt());
                                 ^
  symbol:   method getCreatedAt()
  location: class AccountType
C:\Users\EbrimaMbye\Desktop\A_Teaching\lima-final-programming-II\unibank_api\src\main\java\com\unibank\api\accounts\AccountType.java:30: error: cannot find symbol
        responseDTO.setUpdatedAt(getUpdatedAt());
                                 ^
  symbol:   method getUpdatedAt()
  location: class AccountType
C:\Users\EbrimaMbye\Desktop\A_Teaching\lima-final-programming-II\unibank_api\src\main\java\com\unibank\api\accounts\AccountService.java:37: error: cannot find symbol
        Customer customer = customerRepository.findById(request.getCustomerId())
                                                               ^
  symbol:   method getCustomerId()
  location: variable request of type AccountCreateDTO
C:\Users\EbrimaMbye\Desktop\A_Teaching\lima-final-programming-II\unibank_api\src\main\java\com\unibank\api\accounts\AccountService.java:40: error: cannot find symbol
        AccountType accountType = accountTypeRepository.findById(request.getAccountTypeId())
                                                                        ^
  symbol:   method getAccountTypeId()
  location: variable request of type AccountCreateDTO
C:\Users\EbrimaMbye\Desktop\A_Teaching\lima-final-programming-II\unibank_api\src\main\java\com\unibank\api\accounts\AccountService.java:44: error: cannot find symbol
        account.setCustomer(customer);
               ^
  symbol:   method setCustomer(Customer)
  location: variable account of type Account
C:\Users\EbrimaMbye\Desktop\A_Teaching\lima-final-programming-II\unibank_api\src\main\java\com\unibank\api\accounts\AccountService.java:45: error: cannot find symbol
        account.setAccountType(accountType);
               ^
  symbol:   method setAccountType(AccountType)
  location: variable account of type Account
C:\Users\EbrimaMbye\Desktop\A_Teaching\lima-final-programming-II\unibank_api\src\main\java\com\unibank\api\accounts\AccountService.java:46: error: cannot find symbol
        account.setBalance(request.getInitialBalance());
                                  ^
  symbol:   method getInitialBalance()
  location: variable request of type AccountCreateDTO
C:\Users\EbrimaMbye\Desktop\A_Teaching\lima-final-programming-II\unibank_api\src\main\java\com\unibank\api\accounts\AccountService.java:47: error: cannot find symbol
        account.setAccountNumber(generateAccountNumber());
               ^
  symbol:   method setAccountNumber(Long)
  location: variable account of type Account
C:\Users\EbrimaMbye\Desktop\A_Teaching\lima-final-programming-II\unibank_api\src\main\java\com\unibank\api\accounts\AccountService.java:74: error: cannot find symbol
        AccountType accountType = accountTypeRepository.findById(request.getAccountTypeId())
                                                                        ^
  symbol:   method getAccountTypeId()
  location: variable request of type AccountUpdateDTO
C:\Users\EbrimaMbye\Desktop\A_Teaching\lima-final-programming-II\unibank_api\src\main\java\com\unibank\api\accounts\AccountService.java:77: error: cannot find symbol
        account.setAccountType(accountType);
               ^
  symbol:   method setAccountType(AccountType)
  location: variable account of type Account
C:\Users\EbrimaMbye\Desktop\A_Teaching\lima-final-programming-II\unibank_api\src\main\java\com\unibank\api\accounts\AccountService.java:87: error: cannot find symbol
        account.setStatus(BaseEntity.Status.INACTIVE);
               ^
  symbol:   method setStatus(Status)
  location: variable account of type Account
C:\Users\EbrimaMbye\Desktop\A_Teaching\lima-final-programming-II\unibank_api\src\main\java\com\unibank\api\advice\AuthenticationAdvice.java:19: error: cannot find symbol
        ApiErrorResponse response = ApiErrorResponse.builder()
                                                    ^
  symbol:   method builder()
  location: class ApiErrorResponse
C:\Users\EbrimaMbye\Desktop\A_Teaching\lima-final-programming-II\unibank_api\src\main\java\com\unibank\api\advice\AuthenticationAdvice.java:31: error: cannot find symbol
        ApiErrorResponse response = ApiErrorResponse.builder()
                                                    ^
  symbol:   method builder()
  location: class ApiErrorResponse
C:\Users\EbrimaMbye\Desktop\A_Teaching\lima-final-programming-II\unibank_api\src\main\java\com\unibank\api\advice\GlobalAdvice.java:28: error: cannot find symbol
        ApiErrorResponse response = ApiErrorResponse.builder()
                                                    ^
  symbol:   method builder()
  location: class ApiErrorResponse
C:\Users\EbrimaMbye\Desktop\A_Teaching\lima-final-programming-II\unibank_api\src\main\java\com\unibank\api\advice\GlobalAdvice.java:42: error: cannot find symbol
        ApiErrorResponse response = ApiErrorResponse.builder()
                                                    ^
  symbol:   method builder()
  location: class ApiErrorResponse
C:\Users\EbrimaMbye\Desktop\A_Teaching\lima-final-programming-II\unibank_api\src\main\java\com\unibank\api\configurations\jwt\JwtUtil.java:41: error: cannot find symbol
            log.debug("Token is null or empty");
            ^
  symbol:   variable log
  location: class JwtUtil
C:\Users\EbrimaMbye\Desktop\A_Teaching\lima-final-programming-II\unibank_api\src\main\java\com\unibank\api\configurations\jwt\JwtUtil.java:52: error: cannot find symbol
            log.warn("JWT token expired for token: {}", token.substring(0, Math.min(20, token.length())));
            ^
  symbol:   variable log
  location: class JwtUtil
C:\Users\EbrimaMbye\Desktop\A_Teaching\lima-final-programming-II\unibank_api\src\main\java\com\unibank\api\configurations\jwt\JwtUtil.java:54: error: cannot find symbol
            log.error("Invalid JWT token: {}", e.getMessage());
            ^
  symbol:   variable log
  location: class JwtUtil
C:\Users\EbrimaMbye\Desktop\A_Teaching\lima-final-programming-II\unibank_api\src\main\java\com\unibank\api\configurations\jwt\JwtUtil.java:56: error: cannot find symbol
            log.error("Unexpected error validating JWT: {}", e.getMessage(), e);
            ^
  symbol:   variable log
  location: class JwtUtil
C:\Users\EbrimaMbye\Desktop\A_Teaching\lima-final-programming-II\unibank_api\src\main\java\com\unibank\api\users\User.java:26: error: User is not abstract and does not override abstract method getUsername() in UserDetails
public class User extends BaseEntity implements UserDetails {
       ^
C:\Users\EbrimaMbye\Desktop\A_Teaching\lima-final-programming-II\unibank_api\src\main\java\com\unibank\api\users\User.java:43: error: cannot find symbol
        response.setUuid(getUuid());
                         ^
  symbol:   method getUuid()
  location: class User
C:\Users\EbrimaMbye\Desktop\A_Teaching\lima-final-programming-II\unibank_api\src\main\java\com\unibank\api\users\User.java:44: error: cannot find symbol
        response.setFirstName(firstName);
                ^
  symbol:   method setFirstName(String)
  location: variable response of type UserResponseDTO
C:\Users\EbrimaMbye\Desktop\A_Teaching\lima-final-programming-II\unibank_api\src\main\java\com\unibank\api\users\User.java:45: error: cannot find symbol
        response.setLastName(lastName);
                ^
  symbol:   method setLastName(String)
  location: variable response of type UserResponseDTO
C:\Users\EbrimaMbye\Desktop\A_Teaching\lima-final-programming-II\unibank_api\src\main\java\com\unibank\api\users\User.java:46: error: cannot find symbol
        response.setEmail(email);
                ^
  symbol:   method setEmail(String)
  location: variable response of type UserResponseDTO
C:\Users\EbrimaMbye\Desktop\A_Teaching\lima-final-programming-II\unibank_api\src\main\java\com\unibank\api\users\User.java:47: error: cannot find symbol
        response.setCreatedAt(getCreatedAt());
                              ^
  symbol:   method getCreatedAt()
  location: class User
C:\Users\EbrimaMbye\Desktop\A_Teaching\lima-final-programming-II\unibank_api\src\main\java\com\unibank\api\users\User.java:48: error: cannot find symbol
        response.setUpdatedAt(getUpdatedAt());
                              ^
  symbol:   method getUpdatedAt()
  location: class User
C:\Users\EbrimaMbye\Desktop\A_Teaching\lima-final-programming-II\unibank_api\src\main\java\com\unibank\api\users\User.java:49: error: cannot find symbol
        response.setUsername(username);
                ^
  symbol:   method setUsername(String)
  location: variable response of type UserResponseDTO
C:\Users\EbrimaMbye\Desktop\A_Teaching\lima-final-programming-II\unibank_api\src\main\java\com\unibank\api\users\User.java:50: error: cannot find symbol
        response.setRoles(getAuthorities().stream().map(GrantedAuthority::getAuthority).collect(Collectors.toSet()));
                ^
  symbol:   method setRoles(Set<String>)
  location: variable response of type UserResponseDTO
C:\Users\EbrimaMbye\Desktop\A_Teaching\lima-final-programming-II\unibank_api\src\main\java\com\unibank\api\users\User.java:51: error: cannot find symbol
        response.setStatus(getStatus());
                           ^
  symbol:   method getStatus()
  location: class User
C:\Users\EbrimaMbye\Desktop\A_Teaching\lima-final-programming-II\unibank_api\src\main\java\com\unibank\api\users\User.java:59: error: cannot find symbol
                .map(role -> new SimpleGrantedAuthority(role.getName().name()))
                                                            ^
  symbol:   method getName()
  location: variable role of type Role
C:\Users\EbrimaMbye\Desktop\A_Teaching\lima-final-programming-II\unibank_api\src\main\java\com\unibank\api\roles\Role.java:24: error: cannot find symbol
        responseDTO.setUuid(getUuid());
                            ^
  symbol:   method getUuid()
  location: class Role
C:\Users\EbrimaMbye\Desktop\A_Teaching\lima-final-programming-II\unibank_api\src\main\java\com\unibank\api\roles\Role.java:25: error: cannot find symbol
        responseDTO.setName(getName());
                            ^
  symbol:   method getName()
  location: class Role
C:\Users\EbrimaMbye\Desktop\A_Teaching\lima-final-programming-II\unibank_api\src\main\java\com\unibank\api\roles\Role.java:26: error: cannot find symbol
        responseDTO.setStatus(getStatus());
                              ^
  symbol:   method getStatus()
  location: class Role
C:\Users\EbrimaMbye\Desktop\A_Teaching\lima-final-programming-II\unibank_api\src\main\java\com\unibank\api\roles\Role.java:27: error: cannot find symbol
        responseDTO.setCreatedAt(getCreatedAt());
                                 ^
  symbol:   method getCreatedAt()
  location: class Role
C:\Users\EbrimaMbye\Desktop\A_Teaching\lima-final-programming-II\unibank_api\src\main\java\com\unibank\api\roles\Role.java:28: error: cannot find symbol
        responseDTO.setUpdatedAt(getUpdatedAt());
                                 ^
  symbol:   method getUpdatedAt()
  location: class Role
C:\Users\EbrimaMbye\Desktop\A_Teaching\lima-final-programming-II\unibank_api\src\main\java\com\unibank\api\customers\CustomerService.java:26: error: cannot find symbol
        customer.setFullName(request.getFullName());
                                    ^
  symbol:   method getFullName()
  location: variable request of type CustomerCreateDTO
C:\Users\EbrimaMbye\Desktop\A_Teaching\lima-final-programming-II\unibank_api\src\main\java\com\unibank\api\customers\CustomerService.java:27: error: cannot find symbol
        customer.setDob(request.getDob());
                               ^
  symbol:   method getDob()
  location: variable request of type CustomerCreateDTO
C:\Users\EbrimaMbye\Desktop\A_Teaching\lima-final-programming-II\unibank_api\src\main\java\com\unibank\api\customers\CustomerService.java:28: error: cannot find symbol
        customer.setPhoneNumber(request.getPhoneNumber());
                                       ^
  symbol:   method getPhoneNumber()
  location: variable request of type CustomerCreateDTO
C:\Users\EbrimaMbye\Desktop\A_Teaching\lima-final-programming-II\unibank_api\src\main\java\com\unibank\api\customers\CustomerService.java:29: error: cannot find symbol
        customer.setEmail(request.getEmail());
                                 ^
  symbol:   method getEmail()
  location: variable request of type CustomerCreateDTO
C:\Users\EbrimaMbye\Desktop\A_Teaching\lima-final-programming-II\unibank_api\src\main\java\com\unibank\api\customers\CustomerService.java:30: error: cannot find symbol
        customer.setAddress(request.getAddress());
                                   ^
  symbol:   method getAddress()
  location: variable request of type CustomerCreateDTO
C:\Users\EbrimaMbye\Desktop\A_Teaching\lima-final-programming-II\unibank_api\src\main\java\com\unibank\api\customers\CustomerService.java:31: error: cannot find symbol
        customer.setNationalId(request.getNationalId());
                                      ^
  symbol:   method getNationalId()
  location: variable request of type CustomerCreateDTO
C:\Users\EbrimaMbye\Desktop\A_Teaching\lima-final-programming-II\unibank_api\src\main\java\com\unibank\api\customers\CustomerService.java:57: error: cannot find symbol
        customer.setFullName(request.getFullName());
                                    ^
  symbol:   method getFullName()
  location: variable request of type CustomerUpdateDTO
C:\Users\EbrimaMbye\Desktop\A_Teaching\lima-final-programming-II\unibank_api\src\main\java\com\unibank\api\customers\CustomerService.java:58: error: cannot find symbol
        customer.setDob(request.getDob());
                               ^
  symbol:   method getDob()
  location: variable request of type CustomerUpdateDTO
C:\Users\EbrimaMbye\Desktop\A_Teaching\lima-final-programming-II\unibank_api\src\main\java\com\unibank\api\customers\CustomerService.java:59: error: cannot find symbol
        customer.setPhoneNumber(request.getPhoneNumber());
                                       ^
  symbol:   method getPhoneNumber()
  location: variable request of type CustomerUpdateDTO
C:\Users\EbrimaMbye\Desktop\A_Teaching\lima-final-programming-II\unibank_api\src\main\java\com\unibank\api\customers\CustomerService.java:60: error: cannot find symbol
        customer.setEmail(request.getEmail());
                                 ^
  symbol:   method getEmail()
  location: variable request of type CustomerUpdateDTO
C:\Users\EbrimaMbye\Desktop\A_Teaching\lima-final-programming-II\unibank_api\src\main\java\com\unibank\api\customers\CustomerService.java:61: error: cannot find symbol
        customer.setAddress(request.getAddress());
                                   ^
  symbol:   method getAddress()
  location: variable request of type CustomerUpdateDTO
C:\Users\EbrimaMbye\Desktop\A_Teaching\lima-final-programming-II\unibank_api\src\main\java\com\unibank\api\customers\CustomerService.java:62: error: cannot find symbol
        customer.setNationalId(request.getNationalId());
                                      ^
  symbol:   method getNationalId()
  location: variable request of type CustomerUpdateDTO
C:\Users\EbrimaMbye\Desktop\A_Teaching\lima-final-programming-II\unibank_api\src\main\java\com\unibank\api\customers\CustomerService.java:72: error: cannot find symbol
        customer.setStatus(BaseEntity.Status.INACTIVE);
                ^
  symbol:   method setStatus(Status)
  location: variable customer of type Customer
C:\Users\EbrimaMbye\Desktop\A_Teaching\lima-final-programming-II\unibank_api\src\main\java\com\unibank\api\reports\ReportService.java:38: error: invalid method reference
        Double transactionTotal = transactionRepository.findAll().stream().map(Transaction::getAmount)
                                                                               ^
  cannot find symbol
    symbol:   method getAmount()
    location: class Transaction
C:\Users\EbrimaMbye\Desktop\A_Teaching\lima-final-programming-II\unibank_api\src\main\java\com\unibank\api\reports\ReportService.java:41: error: cannot find symbol
        return DashboardResponseDTO.builder()
                                   ^
  symbol:   method builder()
  location: class DashboardResponseDTO
C:\Users\EbrimaMbye\Desktop\A_Teaching\lima-final-programming-II\unibank_api\src\main\java\com\unibank\api\transactions\Transaction.java:36: error: cannot find symbol
        dto.setUuid(getUuid());
                    ^
  symbol:   method getUuid()
  location: class Transaction
C:\Users\EbrimaMbye\Desktop\A_Teaching\lima-final-programming-II\unibank_api\src\main\java\com\unibank\api\transactions\Transaction.java:37: error: cannot find symbol
        dto.setAccount(account.toResponseDTO());
           ^
  symbol:   method setAccount(AccountResponseDTO)
  location: variable dto of type TransactionResponseDTO
C:\Users\EbrimaMbye\Desktop\A_Teaching\lima-final-programming-II\unibank_api\src\main\java\com\unibank\api\transactions\Transaction.java:38: error: cannot find symbol
        dto.setTransactionType(transactionType.getTransactionType());
                                              ^
  symbol:   method getTransactionType()
  location: variable transactionType of type TransactionType
C:\Users\EbrimaMbye\Desktop\A_Teaching\lima-final-programming-II\unibank_api\src\main\java\com\unibank\api\transactions\Transaction.java:39: error: cannot find symbol
        dto.setAmount(amount);
           ^
  symbol:   method setAmount(Double)
  location: variable dto of type TransactionResponseDTO
C:\Users\EbrimaMbye\Desktop\A_Teaching\lima-final-programming-II\unibank_api\src\main\java\com\unibank\api\transactions\Transaction.java:40: error: cannot find symbol
        dto.setPerformedBy(performedBy != null ? performedBy.toUserResponseDTO() : null);
           ^
  symbol:   method setPerformedBy(performedB[...] null)
  location: variable dto of type TransactionResponseDTO
C:\Users\EbrimaMbye\Desktop\A_Teaching\lima-final-programming-II\unibank_api\src\main\java\com\unibank\api\transactions\Transaction.java:41: error: cannot find symbol
        dto.setStatus(getStatus());
                      ^
  symbol:   method getStatus()
  location: class Transaction
C:\Users\EbrimaMbye\Desktop\A_Teaching\lima-final-programming-II\unibank_api\src\main\java\com\unibank\api\transactions\Transaction.java:42: error: cannot find symbol
        dto.setCreatedAt(getCreatedAt());
                         ^
  symbol:   method getCreatedAt()
  location: class Transaction
C:\Users\EbrimaMbye\Desktop\A_Teaching\lima-final-programming-II\unibank_api\src\main\java\com\unibank\api\transactions\Transaction.java:43: error: cannot find symbol
        dto.setUpdatedAt(getUpdatedAt());
                         ^
  symbol:   method getUpdatedAt()
  location: class Transaction
C:\Users\EbrimaMbye\Desktop\A_Teaching\lima-final-programming-II\unibank_api\src\main\java\com\unibank\api\transactions\TransactionType.java:24: error: cannot find symbol
        responseDTO.setUuid(getUuid());
                            ^
  symbol:   method getUuid()
  location: class TransactionType
C:\Users\EbrimaMbye\Desktop\A_Teaching\lima-final-programming-II\unibank_api\src\main\java\com\unibank\api\transactions\TransactionType.java:25: error: cannot find symbol
        responseDTO.setTransactionType(getTransactionType());
                                       ^
  symbol:   method getTransactionType()
  location: class TransactionType
C:\Users\EbrimaMbye\Desktop\A_Teaching\lima-final-programming-II\unibank_api\src\main\java\com\unibank\api\transactions\TransactionType.java:26: error: cannot find symbol
        responseDTO.setStatus(getStatus());
                              ^
  symbol:   method getStatus()
  location: class TransactionType
C:\Users\EbrimaMbye\Desktop\A_Teaching\lima-final-programming-II\unibank_api\src\main\java\com\unibank\api\transactions\TransactionType.java:27: error: cannot find symbol
        responseDTO.setCreatedAt(getCreatedAt());
                                 ^
  symbol:   method getCreatedAt()
  location: class TransactionType
C:\Users\EbrimaMbye\Desktop\A_Teaching\lima-final-programming-II\unibank_api\src\main\java\com\unibank\api\transactions\TransactionType.java:28: error: cannot find symbol
        responseDTO.setUpdatedAt(getUpdatedAt());
                                 ^
  symbol:   method getUpdatedAt()
  location: class TransactionType
C:\Users\EbrimaMbye\Desktop\A_Teaching\lima-final-programming-II\unibank_api\src\main\java\com\unibank\api\seeders\AccountTypeSeederServiceService.java:21: error: cannot find symbol
                type.setType(eType);
                    ^
  symbol:   method setType(EAccountType)
  location: variable type of type AccountType
C:\Users\EbrimaMbye\Desktop\A_Teaching\lima-final-programming-II\unibank_api\src\main\java\com\unibank\api\seeders\AdminUserSeederService.java:29: error: cannot find symbol
            admin.setFirstName("Admin");
                 ^
  symbol:   method setFirstName(String)
  location: variable admin of type User
C:\Users\EbrimaMbye\Desktop\A_Teaching\lima-final-programming-II\unibank_api\src\main\java\com\unibank\api\seeders\AdminUserSeederService.java:30: error: cannot find symbol
            admin.setLastName("Admin");
                 ^
  symbol:   method setLastName(String)
  location: variable admin of type User
C:\Users\EbrimaMbye\Desktop\A_Teaching\lima-final-programming-II\unibank_api\src\main\java\com\unibank\api\seeders\AdminUserSeederService.java:31: error: cannot find symbol
            admin.setUsername("admin");
                 ^
  symbol:   method setUsername(String)
  location: variable admin of type User
C:\Users\EbrimaMbye\Desktop\A_Teaching\lima-final-programming-II\unibank_api\src\main\java\com\unibank\api\seeders\AdminUserSeederService.java:32: error: cannot find symbol
            admin.setEmail("admin@unibank.com");
                 ^
  symbol:   method setEmail(String)
  location: variable admin of type User
C:\Users\EbrimaMbye\Desktop\A_Teaching\lima-final-programming-II\unibank_api\src\main\java\com\unibank\api\seeders\AdminUserSeederService.java:33: error: cannot find symbol
            admin.setPassword(passwordEncoder.encode("Pass@123"));
                 ^
  symbol:   method setPassword(String)
  location: variable admin of type User
C:\Users\EbrimaMbye\Desktop\A_Teaching\lima-final-programming-II\unibank_api\src\main\java\com\unibank\api\seeders\AdminUserSeederService.java:34: error: cannot find symbol
            admin.setRoles(Set.of(roleRepository.findByName(ERole.ROLE_ADMIN)
                 ^
  symbol:   method setRoles(Set<Role>)
  location: variable admin of type User
C:\Users\EbrimaMbye\Desktop\A_Teaching\lima-final-programming-II\unibank_api\src\main\java\com\unibank\api\seeders\RoleSeederServiceService.java:21: error: cannot find symbol
                role.setName(eRole);
                    ^
  symbol:   method setName(ERole)
  location: variable role of type Role
C:\Users\EbrimaMbye\Desktop\A_Teaching\lima-final-programming-II\unibank_api\src\main\java\com\unibank\api\seeders\TransactionTypeSeederServiceService.java:24: error: cannot find symbol
                transactionType.setTransactionType(eTransactionType);
                               ^
  symbol:   method setTransactionType(ETransactionType)
  location: variable transactionType of type TransactionType
C:\Users\EbrimaMbye\Desktop\A_Teaching\lima-final-programming-II\unibank_api\src\main\java\com\unibank\api\transactions\TransactionService.java:43: error: cannot find symbol
        Account account = accountRepository.findById(request.getAccountId())
                                                            ^
  symbol:   method getAccountId()
  location: variable request of type TransactionCreateDTO
C:\Users\EbrimaMbye\Desktop\A_Teaching\lima-final-programming-II\unibank_api\src\main\java\com\unibank\api\transactions\TransactionService.java:47: error: cannot find symbol
                .findById(request.getTransactionTypeId())
                                 ^
  symbol:   method getTransactionTypeId()
  location: variable request of type TransactionCreateDTO
C:\Users\EbrimaMbye\Desktop\A_Teaching\lima-final-programming-II\unibank_api\src\main\java\com\unibank\api\transactions\TransactionService.java:50: error: cannot find symbol
        User user = request.getPerformedBy() != null
                           ^
  symbol:   method getPerformedBy()
  location: variable request of type TransactionCreateDTO
C:\Users\EbrimaMbye\Desktop\A_Teaching\lima-final-programming-II\unibank_api\src\main\java\com\unibank\api\transactions\TransactionService.java:51: error: cannot find symbol
                ? userRepository.findById(request.getPerformedBy())
                                                 ^
  symbol:   method getPerformedBy()
  location: variable request of type TransactionCreateDTO
C:\Users\EbrimaMbye\Desktop\A_Teaching\lima-final-programming-II\unibank_api\src\main\java\com\unibank\api\transactions\TransactionService.java:55: error: cannot find symbol
        validateAndApplyBalance(account, transactionType, request.getAmount());
                                                                 ^
  symbol:   method getAmount()
  location: variable request of type TransactionCreateDTO
C:\Users\EbrimaMbye\Desktop\A_Teaching\lima-final-programming-II\unibank_api\src\main\java\com\unibank\api\transactions\TransactionService.java:58: error: cannot find symbol
        transaction.setAccount(account);
                   ^
  symbol:   method setAccount(Account)
  location: variable transaction of type Transaction
C:\Users\EbrimaMbye\Desktop\A_Teaching\lima-final-programming-II\unibank_api\src\main\java\com\unibank\api\transactions\TransactionService.java:59: error: cannot find symbol
        transaction.setTransactionType(transactionType);
                   ^
  symbol:   method setTransactionType(TransactionType)
  location: variable transaction of type Transaction
100 errors
only showing the first 100 errors, of 122 total; use -Xmaxerrs if you would like to see more.
2026.01.14 15:11:47 WARN  javac exited with exit code 1
2026.01.14 15:11:47 WARN  Unexpected javac output: WARNING: A terminally deprecated method in sun.misc.Unsafe has been called
WARNING: sun.misc.Unsafe::arrayBaseOffset has been called by com.sourcegraph.shaded.com.google.protobuf.UnsafeUtil$MemoryAccessor (file:/C:/Users/EbrimaMbye/AppData/Local/bloop/cache/semanticdb/com.sourcegraph.semanticdb-javac.0.11.1/semanticdb-javac-0.11.1.jar)
WARNING: Please consider reporting this to the maintainers of class com.sourcegraph.shaded.com.google.protobuf.UnsafeUtil$MemoryAccessor
WARNING: sun.misc.Unsafe::arrayBaseOffset will be removed in a future release
C:\Users\EbrimaMbye\Desktop\A_Teaching\lima-final-programming-II\unibank_api\src\main\java\com\unibank\api\accounts\Account.java:31: error: cannot find symbol
        dto.setUuid(getUuid());
                    ^
  symbol:   method getUuid()
  location: class Account
C:\Users\EbrimaMbye\Desktop\A_Teaching\lima-final-programming-II\unibank_api\src\main\java\com\unibank\api\accounts\Account.java:32: error: cannot find symbol
        dto.setAccountNumber(accountNumber);
           ^
  symbol:   method setAccountNumber(Long)
  location: variable dto of type AccountResponseDTO
C:\Users\EbrimaMbye\Desktop\A_Teaching\lima-final-programming-II\unibank_api\src\main\java\com\unibank\api\accounts\Account.java:33: error: cannot find symbol
        dto.setBalance(balance);
           ^
  symbol:   method setBalance(Double)
  location: variable dto of type AccountResponseDTO
C:\Users\EbrimaMbye\Desktop\A_Teaching\lima-final-programming-II\unibank_api\src\main\java\com\unibank\api\accounts\Account.java:34: error: cannot find symbol
        dto.setCustomer(customer.toResponseDTO());
           ^
  symbol:   method setCustomer(CustomerResponseDTO)
  location: variable dto of type AccountResponseDTO
C:\Users\EbrimaMbye\Desktop\A_Teaching\lima-final-programming-II\unibank_api\src\main\java\com\unibank\api\accounts\Account.java:35: error: cannot find symbol
        dto.setAccountType(accountType.getType());
                                      ^
  symbol:   method getType()
  location: variable accountType of type AccountType
C:\Users\EbrimaMbye\Desktop\A_Teaching\lima-final-programming-II\unibank_api\src\main\java\com\unibank\api\accounts\Account.java:36: error: cannot find symbol
        dto.setStatus(getStatus());
                      ^
  symbol:   method getStatus()
  location: class Account
C:\Users\EbrimaMbye\Desktop\A_Teaching\lima-final-programming-II\unibank_api\src\main\java\com\unibank\api\accounts\Account.java:37: error: cannot find symbol
        dto.setCreatedAt(getCreatedAt());
                         ^
  symbol:   method getCreatedAt()
  location: class Account
C:\Users\EbrimaMbye\Desktop\A_Teaching\lima-final-programming-II\unibank_api\src\main\java\com\unibank\api\accounts\Account.java:38: error: cannot find symbol
        dto.setUpdatedAt(getUpdatedAt());
                         ^
  symbol:   method getUpdatedAt()
  location: class Account
C:\Users\EbrimaMbye\Desktop\A_Teaching\lima-final-programming-II\unibank_api\src\main\java\com\unibank\api\customers\Customer.java:34: error: cannot find symbol
        responseDTO.setUuid(getUuid());
                            ^
  symbol:   method getUuid()
  location: class Customer
C:\Users\EbrimaMbye\Desktop\A_Teaching\lima-final-programming-II\unibank_api\src\main\java\com\unibank\api\customers\Customer.java:35: error: cannot find symbol
        responseDTO.setFullName(getFullName());
                                ^
  symbol:   method getFullName()
  location: class Customer
C:\Users\EbrimaMbye\Desktop\A_Teaching\lima-final-programming-II\unibank_api\src\main\java\com\unibank\api\customers\Customer.java:36: error: cannot find symbol
        responseDTO.setDob(getDob());
                           ^
  symbol:   method getDob()
  location: class Customer
C:\Users\EbrimaMbye\Desktop\A_Teaching\lima-final-programming-II\unibank_api\src\main\java\com\unibank\api\customers\Customer.java:37: error: cannot find symbol
        responseDTO.setPhoneNumber(getPhoneNumber());
                                   ^
  symbol:   method getPhoneNumber()
  location: class Customer
C:\Users\EbrimaMbye\Desktop\A_Teaching\lima-final-programming-II\unibank_api\src\main\java\com\unibank\api\customers\Customer.java:38: error: cannot find symbol
        responseDTO.setEmail(getEmail());
                             ^
  symbol:   method getEmail()
  location: class Customer
C:\Users\EbrimaMbye\Desktop\A_Teaching\lima-final-programming-II\unibank_api\src\main\java\com\unibank\api\customers\Customer.java:39: error: cannot find symbol
        responseDTO.setAddress(getAddress());
                               ^
  symbol:   method getAddress()
  location: class Customer
C:\Users\EbrimaMbye\Desktop\A_Teaching\lima-final-programming-II\unibank_api\src\main\java\com\unibank\api\customers\Customer.java:40: error: cannot find symbol
        responseDTO.setNationalId(getNationalId());
                                  ^
  symbol:   method getNationalId()
  location: class Customer
C:\Users\EbrimaMbye\Desktop\A_Teaching\lima-final-programming-II\unibank_api\src\main\java\com\unibank\api\customers\Customer.java:41: error: cannot find symbol
        responseDTO.setCreatedAt(getCreatedAt());
                                 ^
  symbol:   method getCreatedAt()
  location: class Customer
C:\Users\EbrimaMbye\Desktop\A_Teaching\lima-final-programming-II\unibank_api\src\main\java\com\unibank\api\customers\Customer.java:42: error: cannot find symbol
        responseDTO.setUpdatedAt(getUpdatedAt());
                                 ^
  symbol:   method getUpdatedAt()
  location: class Customer
C:\Users\EbrimaMbye\Desktop\A_Teaching\lima-final-programming-II\unibank_api\src\main\java\com\unibank\api\customers\Customer.java:43: error: cannot find symbol
        responseDTO.setStatus(getStatus());
                              ^
  symbol:   method getStatus()
  location: class Customer
C:\Users\EbrimaMbye\Desktop\A_Teaching\lima-final-programming-II\unibank_api\src\main\java\com\unibank\api\accounts\AccountType.java:26: error: cannot find symbol
        responseDTO.setUuid(getUuid());
                            ^
  symbol:   method getUuid()
  location: class AccountType
C:\Users\EbrimaMbye\Desktop\A_Teaching\lima-final-programming-II\unibank_api\src\main\java\com\unibank\api\accounts\AccountType.java:27: error: cannot find symbol
        responseDTO.setType(getType());
                            ^
  symbol:   method getType()
  location: class AccountType
C:\Users\EbrimaMbye\Desktop\A_Teaching\lima-final-programming-II\unibank_api\src\main\java\com\unibank\api\accounts\AccountType.java:28: error: cannot find symbol
        responseDTO.setStatus(getStatus());
                              ^
  symbol:   method getStatus()
  location: class AccountType
C:\Users\EbrimaMbye\Desktop\A_Teaching\lima-final-programming-II\unibank_api\src\main\java\com\unibank\api\accounts\AccountType.java:29: error: cannot find symbol
        responseDTO.setCreatedAt(getCreatedAt());
                                 ^
  symbol:   method getCreatedAt()
  location: class AccountType
C:\Users\EbrimaMbye\Desktop\A_Teaching\lima-final-programming-II\unibank_api\src\main\java\com\unibank\api\accounts\AccountType.java:30: error: cannot find symbol
        responseDTO.setUpdatedAt(getUpdatedAt());
                                 ^
  symbol:   method getUpdatedAt()
  location: class AccountType
C:\Users\EbrimaMbye\Desktop\A_Teaching\lima-final-programming-II\unibank_api\src\main\java\com\unibank\api\accounts\AccountService.java:37: error: cannot find symbol
        Customer customer = customerRepository.findById(request.getCustomerId())
                                                               ^
  symbol:   method getCustomerId()
  location: variable request of type AccountCreateDTO
C:\Users\EbrimaMbye\Desktop\A_Teaching\lima-final-programming-II\unibank_api\src\main\java\com\unibank\api\accounts\AccountService.java:40: error: cannot find symbol
        AccountType accountType = accountTypeRepository.findById(request.getAccountTypeId())
                                                                        ^
  symbol:   method getAccountTypeId()
  location: variable request of type AccountCreateDTO
C:\Users\EbrimaMbye\Desktop\A_Teaching\lima-final-programming-II\unibank_api\src\main\java\com\unibank\api\accounts\AccountService.java:44: error: cannot find symbol
        account.setCustomer(customer);
               ^
  symbol:   method setCustomer(Customer)
  location: variable account of type Account
C:\Users\EbrimaMbye\Desktop\A_Teaching\lima-final-programming-II\unibank_api\src\main\java\com\unibank\api\accounts\AccountService.java:45: error: cannot find symbol
        account.setAccountType(accountType);
               ^
  symbol:   method setAccountType(AccountType)
  location: variable account of type Account
C:\Users\EbrimaMbye\Desktop\A_Teaching\lima-final-programming-II\unibank_api\src\main\java\com\unibank\api\accounts\AccountService.java:46: error: cannot find symbol
        account.setBalance(request.getInitialBalance());
                                  ^
  symbol:   method getInitialBalance()
  location: variable request of type AccountCreateDTO
C:\Users\EbrimaMbye\Desktop\A_Teaching\lima-final-programming-II\unibank_api\src\main\java\com\unibank\api\accounts\AccountService.java:47: error: cannot find symbol
        account.setAccountNumber(generateAccountNumber());
               ^
  symbol:   method setAccountNumber(Long)
  location: variable account of type Account
C:\Users\EbrimaMbye\Desktop\A_Teaching\lima-final-programming-II\unibank_api\src\main\java\com\unibank\api\accounts\AccountService.java:74: error: cannot find symbol
        AccountType accountType = accountTypeRepository.findById(request.getAccountTypeId())
                                                                        ^
  symbol:   method getAccountTypeId()
  location: variable request of type AccountUpdateDTO
C:\Users\EbrimaMbye\Desktop\A_Teaching\lima-final-programming-II\unibank_api\src\main\java\com\unibank\api\accounts\AccountService.java:77: error: cannot find symbol
        account.setAccountType(accountType);
               ^
  symbol:   method setAccountType(AccountType)
  location: variable account of type Account
C:\Users\EbrimaMbye\Desktop\A_Teaching\lima-final-programming-II\unibank_api\src\main\java\com\unibank\api\accounts\AccountService.java:87: error: cannot find symbol
        account.setStatus(BaseEntity.Status.INACTIVE);
               ^
  symbol:   method setStatus(Status)
  location: variable account of type Account
C:\Users\EbrimaMbye\Desktop\A_Teaching\lima-final-programming-II\unibank_api\src\main\java\com\unibank\api\advice\AuthenticationAdvice.java:19: error: cannot find symbol
        ApiErrorResponse response = ApiErrorResponse.builder()
                                                    ^
  symbol:   method builder()
  location: class ApiErrorResponse
C:\Users\EbrimaMbye\Desktop\A_Teaching\lima-final-programming-II\unibank_api\src\main\java\com\unibank\api\advice\AuthenticationAdvice.java:31: error: cannot find symbol
        ApiErrorResponse response = ApiErrorResponse.builder()
                                                    ^
  symbol:   method builder()
  location: class ApiErrorResponse
C:\Users\EbrimaMbye\Desktop\A_Teaching\lima-final-programming-II\unibank_api\src\main\java\com\unibank\api\advice\GlobalAdvice.java:28: error: cannot find symbol
        ApiErrorResponse response = ApiErrorResponse.builder()
                                                    ^
  symbol:   method builder()
  location: class ApiErrorResponse
C:\Users\EbrimaMbye\Desktop\A_Teaching\lima-final-programming-II\unibank_api\src\main\java\com\unibank\api\advice\GlobalAdvice.java:42: error: cannot find symbol
        ApiErrorResponse response = ApiErrorResponse.builder()
                                                    ^
  symbol:   method builder()
  location: class ApiErrorResponse
C:\Users\EbrimaMbye\Desktop\A_Teaching\lima-final-programming-II\unibank_api\src\main\java\com\unibank\api\configurations\jwt\JwtUtil.java:41: error: cannot find symbol
            log.debug("Token is null or empty");
            ^
  symbol:   variable log
  location: class JwtUtil
C:\Users\EbrimaMbye\Desktop\A_Teaching\lima-final-programming-II\unibank_api\src\main\java\com\unibank\api\configurations\jwt\JwtUtil.java:52: error: cannot find symbol
            log.warn("JWT token expired for token: {}", token.substring(0, Math.min(20, token.length())));
            ^
  symbol:   variable log
  location: class JwtUtil
C:\Users\EbrimaMbye\Desktop\A_Teaching\lima-final-programming-II\unibank_api\src\main\java\com\unibank\api\configurations\jwt\JwtUtil.java:54: error: cannot find symbol
            log.error("Invalid JWT token: {}", e.getMessage());
            ^
  symbol:   variable log
  location: class JwtUtil
C:\Users\EbrimaMbye\Desktop\A_Teaching\lima-final-programming-II\unibank_api\src\main\java\com\unibank\api\configurations\jwt\JwtUtil.java:56: error: cannot find symbol
            log.error("Unexpected error validating JWT: {}", e.getMessage(), e);
            ^
  symbol:   variable log
  location: class JwtUtil
C:\Users\EbrimaMbye\Desktop\A_Teaching\lima-final-programming-II\unibank_api\src\main\java\com\unibank\api\users\User.java:26: error: User is not abstract and does not override abstract method getUsername() in UserDetails
public class User extends BaseEntity implements UserDetails {
       ^
C:\Users\EbrimaMbye\Desktop\A_Teaching\lima-final-programming-II\unibank_api\src\main\java\com\unibank\api\users\User.java:43: error: cannot find symbol
        response.setUuid(getUuid());
                         ^
  symbol:   method getUuid()
  location: class User
C:\Users\EbrimaMbye\Desktop\A_Teaching\lima-final-programming-II\unibank_api\src\main\java\com\unibank\api\users\User.java:44: error: cannot find symbol
        response.setFirstName(firstName);
                ^
  symbol:   method setFirstName(String)
  location: variable response of type UserResponseDTO
C:\Users\EbrimaMbye\Desktop\A_Teaching\lima-final-programming-II\unibank_api\src\main\java\com\unibank\api\users\User.java:45: error: cannot find symbol
        response.setLastName(lastName);
                ^
  symbol:   method setLastName(String)
  location: variable response of type UserResponseDTO
C:\Users\EbrimaMbye\Desktop\A_Teaching\lima-final-programming-II\unibank_api\src\main\java\com\unibank\api\users\User.java:46: error: cannot find symbol
        response.setEmail(email);
                ^
  symbol:   method setEmail(String)
  location: variable response of type UserResponseDTO
C:\Users\EbrimaMbye\Desktop\A_Teaching\lima-final-programming-II\unibank_api\src\main\java\com\unibank\api\users\User.java:47: error: cannot find symbol
        response.setCreatedAt(getCreatedAt());
                              ^
  symbol:   method getCreatedAt()
  location: class User
C:\Users\EbrimaMbye\Desktop\A_Teaching\lima-final-programming-II\unibank_api\src\main\java\com\unibank\api\users\User.java:48: error: cannot find symbol
        response.setUpdatedAt(getUpdatedAt());
                              ^
  symbol:   method getUpdatedAt()
  location: class User
C:\Users\EbrimaMbye\Desktop\A_Teaching\lima-final-programming-II\unibank_api\src\main\java\com\unibank\api\users\User.java:49: error: cannot find symbol
        response.setUsername(username);
                ^
  symbol:   method setUsername(String)
  location: variable response of type UserResponseDTO
C:\Users\EbrimaMbye\Desktop\A_Teaching\lima-final-programming-II\unibank_api\src\main\java\com\unibank\api\users\User.java:50: error: cannot find symbol
        response.setRoles(getAuthorities().stream().map(GrantedAuthority::getAuthority).collect(Collectors.toSet()));
                ^
  symbol:   method setRoles(Set<String>)
  location: variable response of type UserResponseDTO
C:\Users\EbrimaMbye\Desktop\A_Teaching\lima-final-programming-II\unibank_api\src\main\java\com\unibank\api\users\User.java:51: error: cannot find symbol
        response.setStatus(getStatus());
                           ^
  symbol:   method getStatus()
  location: class User
C:\Users\EbrimaMbye\Desktop\A_Teaching\lima-final-programming-II\unibank_api\src\main\java\com\unibank\api\users\User.java:59: error: cannot find symbol
                .map(role -> new SimpleGrantedAuthority(role.getName().name()))
                                                            ^
  symbol:   method getName()
  location: variable role of type Role
C:\Users\EbrimaMbye\Desktop\A_Teaching\lima-final-programming-II\unibank_api\src\main\java\com\unibank\api\roles\Role.java:24: error: cannot find symbol
        responseDTO.setUuid(getUuid());
                            ^
  symbol:   method getUuid()
  location: class Role
C:\Users\EbrimaMbye\Desktop\A_Teaching\lima-final-programming-II\unibank_api\src\main\java\com\unibank\api\roles\Role.java:25: error: cannot find symbol
        responseDTO.setName(getName());
                            ^
  symbol:   method getName()
  location: class Role
C:\Users\EbrimaMbye\Desktop\A_Teaching\lima-final-programming-II\unibank_api\src\main\java\com\unibank\api\roles\Role.java:26: error: cannot find symbol
        responseDTO.setStatus(getStatus());
                              ^
  symbol:   method getStatus()
  location: class Role
C:\Users\EbrimaMbye\Desktop\A_Teaching\lima-final-programming-II\unibank_api\src\main\java\com\unibank\api\roles\Role.java:27: error: cannot find symbol
        responseDTO.setCreatedAt(getCreatedAt());
                                 ^
  symbol:   method getCreatedAt()
  location: class Role
C:\Users\EbrimaMbye\Desktop\A_Teaching\lima-final-programming-II\unibank_api\src\main\java\com\unibank\api\roles\Role.java:28: error: cannot find symbol
        responseDTO.setUpdatedAt(getUpdatedAt());
                                 ^
  symbol:   method getUpdatedAt()
  location: class Role
C:\Users\EbrimaMbye\Desktop\A_Teaching\lima-final-programming-II\unibank_api\src\main\java\com\unibank\api\customers\CustomerService.java:26: error: cannot find symbol
        customer.setFullName(request.getFullName());
                                    ^
  symbol:   method getFullName()
  location: variable request of type CustomerCreateDTO
C:\Users\EbrimaMbye\Desktop\A_Teaching\lima-final-programming-II\unibank_api\src\main\java\com\unibank\api\customers\CustomerService.java:27: error: cannot find symbol
        customer.setDob(request.getDob());
                               ^
  symbol:   method getDob()
  location: variable request of type CustomerCreateDTO
C:\Users\EbrimaMbye\Desktop\A_Teaching\lima-final-programming-II\unibank_api\src\main\java\com\unibank\api\customers\CustomerService.java:28: error: cannot find symbol
        customer.setPhoneNumber(request.getPhoneNumber());
                                       ^
  symbol:   method getPhoneNumber()
  location: variable request of type CustomerCreateDTO
C:\Users\EbrimaMbye\Desktop\A_Teaching\lima-final-programming-II\unibank_api\src\main\java\com\unibank\api\customers\CustomerService.java:29: error: cannot find symbol
        customer.setEmail(request.getEmail());
                                 ^
  symbol:   method getEmail()
  location: variable request of type CustomerCreateDTO
C:\Users\EbrimaMbye\Desktop\A_Teaching\lima-final-programming-II\unibank_api\src\main\java\com\unibank\api\customers\CustomerService.java:30: error: cannot find symbol
        customer.setAddress(request.getAddress());
                                   ^
  symbol:   method getAddress()
  location: variable request of type CustomerCreateDTO
C:\Users\EbrimaMbye\Desktop\A_Teaching\lima-final-programming-II\unibank_api\src\main\java\com\unibank\api\customers\CustomerService.java:31: error: cannot find symbol
        customer.setNationalId(request.getNationalId());
                                      ^
  symbol:   method getNationalId()
  location: variable request of type CustomerCreateDTO
C:\Users\EbrimaMbye\Desktop\A_Teaching\lima-final-programming-II\unibank_api\src\main\java\com\unibank\api\customers\CustomerService.java:57: error: cannot find symbol
        customer.setFullName(request.getFullName());
                                    ^
  symbol:   method getFullName()
  location: variable request of type CustomerUpdateDTO
C:\Users\EbrimaMbye\Desktop\A_Teaching\lima-final-programming-II\unibank_api\src\main\java\com\unibank\api\customers\CustomerService.java:58: error: cannot find symbol
        customer.setDob(request.getDob());
                               ^
  symbol:   method getDob()
  location: variable request of type CustomerUpdateDTO
C:\Users\EbrimaMbye\Desktop\A_Teaching\lima-final-programming-II\unibank_api\src\main\java\com\unibank\api\customers\CustomerService.java:59: error: cannot find symbol
        customer.setPhoneNumber(request.getPhoneNumber());
                                       ^
  symbol:   method getPhoneNumber()
  location: variable request of type CustomerUpdateDTO
C:\Users\EbrimaMbye\Desktop\A_Teaching\lima-final-programming-II\unibank_api\src\main\java\com\unibank\api\customers\CustomerService.java:60: error: cannot find symbol
        customer.setEmail(request.getEmail());
                                 ^
  symbol:   method getEmail()
  location: variable request of type CustomerUpdateDTO
C:\Users\EbrimaMbye\Desktop\A_Teaching\lima-final-programming-II\unibank_api\src\main\java\com\unibank\api\customers\CustomerService.java:61: error: cannot find symbol
        customer.setAddress(request.getAddress());
                                   ^
  symbol:   method getAddress()
  location: variable request of type CustomerUpdateDTO
C:\Users\EbrimaMbye\Desktop\A_Teaching\lima-final-programming-II\unibank_api\src\main\java\com\unibank\api\customers\CustomerService.java:62: error: cannot find symbol
        customer.setNationalId(request.getNationalId());
                                      ^
  symbol:   method getNationalId()
  location: variable request of type CustomerUpdateDTO
C:\Users\EbrimaMbye\Desktop\A_Teaching\lima-final-programming-II\unibank_api\src\main\java\com\unibank\api\customers\CustomerService.java:72: error: cannot find symbol
        customer.setStatus(BaseEntity.Status.INACTIVE);
                ^
  symbol:   method setStatus(Status)
  location: variable customer of type Customer
C:\Users\EbrimaMbye\Desktop\A_Teaching\lima-final-programming-II\unibank_api\src\main\java\com\unibank\api\reports\ReportService.java:38: error: invalid method reference
        Double transactionTotal = transactionRepository.findAll().stream().map(Transaction::getAmount)
                                                                               ^
  cannot find symbol
    symbol:   method getAmount()
    location: class Transaction
C:\Users\EbrimaMbye\Desktop\A_Teaching\lima-final-programming-II\unibank_api\src\main\java\com\unibank\api\reports\ReportService.java:41: error: cannot find symbol
        return DashboardResponseDTO.builder()
                                   ^
  symbol:   method builder()
  location: class DashboardResponseDTO
C:\Users\EbrimaMbye\Desktop\A_Teaching\lima-final-programming-II\unibank_api\src\main\java\com\unibank\api\transactions\Transaction.java:36: error: cannot find symbol
        dto.setUuid(getUuid());
                    ^
  symbol:   method getUuid()
  location: class Transaction
C:\Users\EbrimaMbye\Desktop\A_Teaching\lima-final-programming-II\unibank_api\src\main\java\com\unibank\api\transactions\Transaction.java:37: error: cannot find symbol
        dto.setAccount(account.toResponseDTO());
           ^
  symbol:   method setAccount(AccountResponseDTO)
  location: variable dto of type TransactionResponseDTO
C:\Users\EbrimaMbye\Desktop\A_Teaching\lima-final-programming-II\unibank_api\src\main\java\com\unibank\api\transactions\Transaction.java:38: error: cannot find symbol
        dto.setTransactionType(transactionType.getTransactionType());
                                              ^
  symbol:   method getTransactionType()
  location: variable transactionType of type TransactionType
C:\Users\EbrimaMbye\Desktop\A_Teaching\lima-final-programming-II\unibank_api\src\main\java\com\unibank\api\transactions\Transaction.java:39: error: cannot find symbol
        dto.setAmount(amount);
           ^
  symbol:   method setAmount(Double)
  location: variable dto of type TransactionResponseDTO
C:\Users\EbrimaMbye\Desktop\A_Teaching\lima-final-programming-II\unibank_api\src\main\java\com\unibank\api\transactions\Transaction.java:40: error: cannot find symbol
        dto.setPerformedBy(performedBy != null ? performedBy.toUserResponseDTO() : null);
           ^
  symbol:   method setPerformedBy(performedB[...] null)
  location: variable dto of type TransactionResponseDTO
C:\Users\EbrimaMbye\Desktop\A_Teaching\lima-final-programming-II\unibank_api\src\main\java\com\unibank\api\transactions\Transaction.java:41: error: cannot find symbol
        dto.setStatus(getStatus());
                      ^
  symbol:   method getStatus()
  location: class Transaction
C:\Users\EbrimaMbye\Desktop\A_Teaching\lima-final-programming-II\unibank_api\src\main\java\com\unibank\api\transactions\Transaction.java:42: error: cannot find symbol
        dto.setCreatedAt(getCreatedAt());
                         ^
  symbol:   method getCreatedAt()
  location: class Transaction
C:\Users\EbrimaMbye\Desktop\A_Teaching\lima-final-programming-II\unibank_api\src\main\java\com\unibank\api\transactions\Transaction.java:43: error: cannot find symbol
        dto.setUpdatedAt(getUpdatedAt());
                         ^
  symbol:   method getUpdatedAt()
  location: class Transaction
C:\Users\EbrimaMbye\Desktop\A_Teaching\lima-final-programming-II\unibank_api\src\main\java\com\unibank\api\transactions\TransactionType.java:24: error: cannot find symbol
        responseDTO.setUuid(getUuid());
                            ^
  symbol:   method getUuid()
  location: class TransactionType
C:\Users\EbrimaMbye\Desktop\A_Teaching\lima-final-programming-II\unibank_api\src\main\java\com\unibank\api\transactions\TransactionType.java:25: error: cannot find symbol
        responseDTO.setTransactionType(getTransactionType());
                                       ^
  symbol:   method getTransactionType()
  location: class TransactionType
C:\Users\EbrimaMbye\Desktop\A_Teaching\lima-final-programming-II\unibank_api\src\main\java\com\unibank\api\transactions\TransactionType.java:26: error: cannot find symbol
        responseDTO.setStatus(getStatus());
                              ^
  symbol:   method getStatus()
  location: class TransactionType
C:\Users\EbrimaMbye\Desktop\A_Teaching\lima-final-programming-II\unibank_api\src\main\java\com\unibank\api\transactions\TransactionType.java:27: error: cannot find symbol
        responseDTO.setCreatedAt(getCreatedAt());
                                 ^
  symbol:   method getCreatedAt()
  location: class TransactionType
C:\Users\EbrimaMbye\Desktop\A_Teaching\lima-final-programming-II\unibank_api\src\main\java\com\unibank\api\transactions\TransactionType.java:28: error: cannot find symbol
        responseDTO.setUpdatedAt(getUpdatedAt());
                                 ^
  symbol:   method getUpdatedAt()
  location: class TransactionType
C:\Users\EbrimaMbye\Desktop\A_Teaching\lima-final-programming-II\unibank_api\src\main\java\com\unibank\api\seeders\AccountTypeSeederServiceService.java:21: error: cannot find symbol
                type.setType(eType);
                    ^
  symbol:   method setType(EAccountType)
  location: variable type of type AccountType
C:\Users\EbrimaMbye\Desktop\A_Teaching\lima-final-programming-II\unibank_api\src\main\java\com\unibank\api\seeders\AdminUserSeederService.java:29: error: cannot find symbol
            admin.setFirstName("Admin");
                 ^
  symbol:   method setFirstName(String)
  location: variable admin of type User
C:\Users\EbrimaMbye\Desktop\A_Teaching\lima-final-programming-II\unibank_api\src\main\java\com\unibank\api\seeders\AdminUserSeederService.java:30: error: cannot find symbol
            admin.setLastName("Admin");
                 ^
  symbol:   method setLastName(String)
  location: variable admin of type User
C:\Users\EbrimaMbye\Desktop\A_Teaching\lima-final-programming-II\unibank_api\src\main\java\com\unibank\api\seeders\AdminUserSeederService.java:31: error: cannot find symbol
            admin.setUsername("admin");
                 ^
  symbol:   method setUsername(String)
  location: variable admin of type User
C:\Users\EbrimaMbye\Desktop\A_Teaching\lima-final-programming-II\unibank_api\src\main\java\com\unibank\api\seeders\AdminUserSeederService.java:32: error: cannot find symbol
            admin.setEmail("admin@unibank.com");
                 ^
  symbol:   method setEmail(String)
  location: variable admin of type User
C:\Users\EbrimaMbye\Desktop\A_Teaching\lima-final-programming-II\unibank_api\src\main\java\com\unibank\api\seeders\AdminUserSeederService.java:33: error: cannot find symbol
            admin.setPassword(passwordEncoder.encode("Pass@123"));
                 ^
  symbol:   method setPassword(String)
  location: variable admin of type User
C:\Users\EbrimaMbye\Desktop\A_Teaching\lima-final-programming-II\unibank_api\src\main\java\com\unibank\api\seeders\AdminUserSeederService.java:34: error: cannot find symbol
            admin.setRoles(Set.of(roleRepository.findByName(ERole.ROLE_ADMIN)
                 ^
  symbol:   method setRoles(Set<Role>)
  location: variable admin of type User
C:\Users\EbrimaMbye\Desktop\A_Teaching\lima-final-programming-II\unibank_api\src\main\java\com\unibank\api\seeders\RoleSeederServiceService.java:21: error: cannot find symbol
                role.setName(eRole);
                    ^
  symbol:   method setName(ERole)
  location: variable role of type Role
C:\Users\EbrimaMbye\Desktop\A_Teaching\lima-final-programming-II\unibank_api\src\main\java\com\unibank\api\seeders\TransactionTypeSeederServiceService.java:24: error: cannot find symbol
                transactionType.setTransactionType(eTransactionType);
                               ^
  symbol:   method setTransactionType(ETransactionType)
  location: variable transactionType of type TransactionType
C:\Users\EbrimaMbye\Desktop\A_Teaching\lima-final-programming-II\unibank_api\src\main\java\com\unibank\api\transactions\TransactionService.java:43: error: cannot find symbol
        Account account = accountRepository.findById(request.getAccountId())
                                                            ^
  symbol:   method getAccountId()
  location: variable request of type TransactionCreateDTO
C:\Users\EbrimaMbye\Desktop\A_Teaching\lima-final-programming-II\unibank_api\src\main\java\com\unibank\api\transactions\TransactionService.java:47: error: cannot find symbol
                .findById(request.getTransactionTypeId())
                                 ^
  symbol:   method getTransactionTypeId()
  location: variable request of type TransactionCreateDTO
C:\Users\EbrimaMbye\Desktop\A_Teaching\lima-final-programming-II\unibank_api\src\main\java\com\unibank\api\transactions\TransactionService.java:50: error: cannot find symbol
        User user = request.getPerformedBy() != null
                           ^
  symbol:   method getPerformedBy()
  location: variable request of type TransactionCreateDTO
C:\Users\EbrimaMbye\Desktop\A_Teaching\lima-final-programming-II\unibank_api\src\main\java\com\unibank\api\transactions\TransactionService.java:51: error: cannot find symbol
                ? userRepository.findById(request.getPerformedBy())
                                                 ^
  symbol:   method getPerformedBy()
  location: variable request of type TransactionCreateDTO
C:\Users\EbrimaMbye\Desktop\A_Teaching\lima-final-programming-II\unibank_api\src\main\java\com\unibank\api\transactions\TransactionService.java:55: error: cannot find symbol
        validateAndApplyBalance(account, transactionType, request.getAmount());
                                                                 ^
  symbol:   method getAmount()
  location: variable request of type TransactionCreateDTO
C:\Users\EbrimaMbye\Desktop\A_Teaching\lima-final-programming-II\unibank_api\src\main\java\com\unibank\api\transactions\TransactionService.java:58: error: cannot find symbol
        transaction.setAccount(account);
                   ^
  symbol:   method setAccount(Account)
  location: variable transaction of type Transaction
C:\Users\EbrimaMbye\Desktop\A_Teaching\lima-final-programming-II\unibank_api\src\main\java\com\unibank\api\transactions\TransactionService.java:59: error: cannot find symbol
        transaction.setTransactionType(transactionType);
                   ^
  symbol:   method setTransactionType(TransactionType)
  location: variable transaction of type Transaction
100 errors
only showing the first 100 errors, of 122 total; use -Xmaxerrs if you would like to see more.
2026.01.14 15:11:47 WARN  javac exited with exit code 1
2026.01.14 15:11:47 INFO  time: compiled unibank_api in 4.98s
2026.01.14 15:11:47 INFO  time: compiled unibank_api in 5.11s
2026.01.14 15:12:07 INFO  compiling unibank_api (66 java sources)
2026.01.14 15:12:07 INFO  Deduplicating compilation of unibank_api from bsp client 'Metals 1.6.4' (since 38m 3.183s)
2026.01.14 15:12:07 INFO  compiling unibank_api (66 java sources)
2026.01.14 15:12:14 WARN  Unexpected javac output: WARNING: A terminally deprecated method in sun.misc.Unsafe has been called
WARNING: sun.misc.Unsafe::arrayBaseOffset has been called by com.sourcegraph.shaded.com.google.protobuf.UnsafeUtil$MemoryAccessor (file:/C:/Users/EbrimaMbye/AppData/Local/bloop/cache/semanticdb/com.sourcegraph.semanticdb-javac.0.11.1/semanticdb-javac-0.11.1.jar)
WARNING: Please consider reporting this to the maintainers of class com.sourcegraph.shaded.com.google.protobuf.UnsafeUtil$MemoryAccessor
WARNING: sun.misc.Unsafe::arrayBaseOffset will be removed in a future release
C:\Users\EbrimaMbye\Desktop\A_Teaching\lima-final-programming-II\unibank_api\src\main\java\com\unibank\api\accounts\Account.java:31: error: cannot find symbol
        dto.setUuid(getUuid());
                    ^
  symbol:   method getUuid()
  location: class Account
C:\Users\EbrimaMbye\Desktop\A_Teaching\lima-final-programming-II\unibank_api\src\main\java\com\unibank\api\accounts\Account.java:32: error: cannot find symbol
        dto.setAccountNumber(accountNumber);
           ^
  symbol:   method setAccountNumber(Long)
  location: variable dto of type AccountResponseDTO
C:\Users\EbrimaMbye\Desktop\A_Teaching\lima-final-programming-II\unibank_api\src\main\java\com\unibank\api\accounts\Account.java:33: error: cannot find symbol
        dto.setBalance(balance);
           ^
  symbol:   method setBalance(Double)
  location: variable dto of type AccountResponseDTO
C:\Users\EbrimaMbye\Desktop\A_Teaching\lima-final-programming-II\unibank_api\src\main\java\com\unibank\api\accounts\Account.java:34: error: cannot find symbol
        dto.setCustomer(customer.toResponseDTO());
           ^
  symbol:   method setCustomer(CustomerResponseDTO)
  location: variable dto of type AccountResponseDTO
C:\Users\EbrimaMbye\Desktop\A_Teaching\lima-final-programming-II\unibank_api\src\main\java\com\unibank\api\accounts\Account.java:35: error: cannot find symbol
        dto.setAccountType(accountType.getType());
                                      ^
  symbol:   method getType()
  location: variable accountType of type AccountType
C:\Users\EbrimaMbye\Desktop\A_Teaching\lima-final-programming-II\unibank_api\src\main\java\com\unibank\api\accounts\Account.java:36: error: cannot find symbol
        dto.setStatus(getStatus());
                      ^
  symbol:   method getStatus()
  location: class Account
C:\Users\EbrimaMbye\Desktop\A_Teaching\lima-final-programming-II\unibank_api\src\main\java\com\unibank\api\accounts\Account.java:37: error: cannot find symbol
        dto.setCreatedAt(getCreatedAt());
                         ^
  symbol:   method getCreatedAt()
  location: class Account
C:\Users\EbrimaMbye\Desktop\A_Teaching\lima-final-programming-II\unibank_api\src\main\java\com\unibank\api\accounts\Account.java:38: error: cannot find symbol
        dto.setUpdatedAt(getUpdatedAt());
                         ^
  symbol:   method getUpdatedAt()
  location: class Account
C:\Users\EbrimaMbye\Desktop\A_Teaching\lima-final-programming-II\unibank_api\src\main\java\com\unibank\api\customers\Customer.java:34: error: cannot find symbol
        responseDTO.setUuid(getUuid());
                            ^
  symbol:   method getUuid()
  location: class Customer
C:\Users\EbrimaMbye\Desktop\A_Teaching\lima-final-programming-II\unibank_api\src\main\java\com\unibank\api\customers\Customer.java:35: error: cannot find symbol
        responseDTO.setFullName(getFullName());
                                ^
  symbol:   method getFullName()
  location: class Customer
C:\Users\EbrimaMbye\Desktop\A_Teaching\lima-final-programming-II\unibank_api\src\main\java\com\unibank\api\customers\Customer.java:36: error: cannot find symbol
        responseDTO.setDob(getDob());
                           ^
  symbol:   method getDob()
  location: class Customer
C:\Users\EbrimaMbye\Desktop\A_Teaching\lima-final-programming-II\unibank_api\src\main\java\com\unibank\api\customers\Customer.java:37: error: cannot find symbol
        responseDTO.setPhoneNumber(getPhoneNumber());
                                   ^
  symbol:   method getPhoneNumber()
  location: class Customer
C:\Users\EbrimaMbye\Desktop\A_Teaching\lima-final-programming-II\unibank_api\src\main\java\com\unibank\api\customers\Customer.java:38: error: cannot find symbol
        responseDTO.setEmail(getEmail());
                             ^
  symbol:   method getEmail()
  location: class Customer
C:\Users\EbrimaMbye\Desktop\A_Teaching\lima-final-programming-II\unibank_api\src\main\java\com\unibank\api\customers\Customer.java:39: error: cannot find symbol
        responseDTO.setAddress(getAddress());
                               ^
  symbol:   method getAddress()
  location: class Customer
C:\Users\EbrimaMbye\Desktop\A_Teaching\lima-final-programming-II\unibank_api\src\main\java\com\unibank\api\customers\Customer.java:40: error: cannot find symbol
        responseDTO.setNationalId(getNationalId());
                                  ^
  symbol:   method getNationalId()
  location: class Customer
C:\Users\EbrimaMbye\Desktop\A_Teaching\lima-final-programming-II\unibank_api\src\main\java\com\unibank\api\customers\Customer.java:41: error: cannot find symbol
        responseDTO.setCreatedAt(getCreatedAt());
                                 ^
  symbol:   method getCreatedAt()
  location: class Customer
C:\Users\EbrimaMbye\Desktop\A_Teaching\lima-final-programming-II\unibank_api\src\main\java\com\unibank\api\customers\Customer.java:42: error: cannot find symbol
        responseDTO.setUpdatedAt(getUpdatedAt());
                                 ^
  symbol:   method getUpdatedAt()
  location: class Customer
C:\Users\EbrimaMbye\Desktop\A_Teaching\lima-final-programming-II\unibank_api\src\main\java\com\unibank\api\customers\Customer.java:43: error: cannot find symbol
        responseDTO.setStatus(getStatus());
                              ^
  symbol:   method getStatus()
  location: class Customer
C:\Users\EbrimaMbye\Desktop\A_Teaching\lima-final-programming-II\unibank_api\src\main\java\com\unibank\api\accounts\AccountType.java:26: error: cannot find symbol
        responseDTO.setUuid(getUuid());
                            ^
  symbol:   method getUuid()
  location: class AccountType
C:\Users\EbrimaMbye\Desktop\A_Teaching\lima-final-programming-II\unibank_api\src\main\java\com\unibank\api\accounts\AccountType.java:27: error: cannot find symbol
        responseDTO.setType(getType());
                            ^
  symbol:   method getType()
  location: class AccountType
C:\Users\EbrimaMbye\Desktop\A_Teaching\lima-final-programming-II\unibank_api\src\main\java\com\unibank\api\accounts\AccountType.java:28: error: cannot find symbol
        responseDTO.setStatus(getStatus());
                              ^
  symbol:   method getStatus()
  location: class AccountType
C:\Users\EbrimaMbye\Desktop\A_Teaching\lima-final-programming-II\unibank_api\src\main\java\com\unibank\api\accounts\AccountType.java:29: error: cannot find symbol
        responseDTO.setCreatedAt(getCreatedAt());
                                 ^
  symbol:   method getCreatedAt()
  location: class AccountType
C:\Users\EbrimaMbye\Desktop\A_Teaching\lima-final-programming-II\unibank_api\src\main\java\com\unibank\api\accounts\AccountType.java:30: error: cannot find symbol
        responseDTO.setUpdatedAt(getUpdatedAt());
                                 ^
  symbol:   method getUpdatedAt()
  location: class AccountType
C:\Users\EbrimaMbye\Desktop\A_Teaching\lima-final-programming-II\unibank_api\src\main\java\com\unibank\api\accounts\AccountService.java:37: error: cannot find symbol
        Customer customer = customerRepository.findById(request.getCustomerId())
                                                               ^
  symbol:   method getCustomerId()
  location: variable request of type AccountCreateDTO
C:\Users\EbrimaMbye\Desktop\A_Teaching\lima-final-programming-II\unibank_api\src\main\java\com\unibank\api\accounts\AccountService.java:40: error: cannot find symbol
        AccountType accountType = accountTypeRepository.findById(request.getAccountTypeId())
                                                                        ^
  symbol:   method getAccountTypeId()
  location: variable request of type AccountCreateDTO
C:\Users\EbrimaMbye\Desktop\A_Teaching\lima-final-programming-II\unibank_api\src\main\java\com\unibank\api\accounts\AccountService.java:44: error: cannot find symbol
        account.setCustomer(customer);
               ^
  symbol:   method setCustomer(Customer)
  location: variable account of type Account
C:\Users\EbrimaMbye\Desktop\A_Teaching\lima-final-programming-II\unibank_api\src\main\java\com\unibank\api\accounts\AccountService.java:45: error: cannot find symbol
        account.setAccountType(accountType);
               ^
  symbol:   method setAccountType(AccountType)
  location: variable account of type Account
C:\Users\EbrimaMbye\Desktop\A_Teaching\lima-final-programming-II\unibank_api\src\main\java\com\unibank\api\accounts\AccountService.java:46: error: cannot find symbol
        account.setBalance(request.getInitialBalance());
                                  ^
  symbol:   method getInitialBalance()
  location: variable request of type AccountCreateDTO
C:\Users\EbrimaMbye\Desktop\A_Teaching\lima-final-programming-II\unibank_api\src\main\java\com\unibank\api\accounts\AccountService.java:47: error: cannot find symbol
        account.setAccountNumber(generateAccountNumber());
               ^
  symbol:   method setAccountNumber(Long)
  location: variable account of type Account
C:\Users\EbrimaMbye\Desktop\A_Teaching\lima-final-programming-II\unibank_api\src\main\java\com\unibank\api\accounts\AccountService.java:74: error: cannot find symbol
        AccountType accountType = accountTypeRepository.findById(request.getAccountTypeId())
                                                                        ^
  symbol:   method getAccountTypeId()
  location: variable request of type AccountUpdateDTO
C:\Users\EbrimaMbye\Desktop\A_Teaching\lima-final-programming-II\unibank_api\src\main\java\com\unibank\api\accounts\AccountService.java:77: error: cannot find symbol
        account.setAccountType(accountType);
               ^
  symbol:   method setAccountType(AccountType)
  location: variable account of type Account
C:\Users\EbrimaMbye\Desktop\A_Teaching\lima-final-programming-II\unibank_api\src\main\java\com\unibank\api\accounts\AccountService.java:87: error: cannot find symbol
        account.setStatus(BaseEntity.Status.INACTIVE);
               ^
  symbol:   method setStatus(Status)
  location: variable account of type Account
C:\Users\EbrimaMbye\Desktop\A_Teaching\lima-final-programming-II\unibank_api\src\main\java\com\unibank\api\advice\AuthenticationAdvice.java:19: error: cannot find symbol
        ApiErrorResponse response = ApiErrorResponse.builder()
                                                    ^
  symbol:   method builder()
  location: class ApiErrorResponse
C:\Users\EbrimaMbye\Desktop\A_Teaching\lima-final-programming-II\unibank_api\src\main\java\com\unibank\api\advice\AuthenticationAdvice.java:31: error: cannot find symbol
        ApiErrorResponse response = ApiErrorResponse.builder()
                                                    ^
  symbol:   method builder()
  location: class ApiErrorResponse
C:\Users\EbrimaMbye\Desktop\A_Teaching\lima-final-programming-II\unibank_api\src\main\java\com\unibank\api\advice\GlobalAdvice.java:28: error: cannot find symbol
        ApiErrorResponse response = ApiErrorResponse.builder()
                                                    ^
  symbol:   method builder()
  location: class ApiErrorResponse
C:\Users\EbrimaMbye\Desktop\A_Teaching\lima-final-programming-II\unibank_api\src\main\java\com\unibank\api\advice\GlobalAdvice.java:42: error: cannot find symbol
        ApiErrorResponse response = ApiErrorResponse.builder()
                                                    ^
  symbol:   method builder()
  location: class ApiErrorResponse
C:\Users\EbrimaMbye\Desktop\A_Teaching\lima-final-programming-II\unibank_api\src\main\java\com\unibank\api\configurations\jwt\JwtUtil.java:41: error: cannot find symbol
            log.debug("Token is null or empty");
            ^
  symbol:   variable log
  location: class JwtUtil
C:\Users\EbrimaMbye\Desktop\A_Teaching\lima-final-programming-II\unibank_api\src\main\java\com\unibank\api\configurations\jwt\JwtUtil.java:52: error: cannot find symbol
            log.warn("JWT token expired for token: {}", token.substring(0, Math.min(20, token.length())));
            ^
  symbol:   variable log
  location: class JwtUtil
C:\Users\EbrimaMbye\Desktop\A_Teaching\lima-final-programming-II\unibank_api\src\main\java\com\unibank\api\configurations\jwt\JwtUtil.java:54: error: cannot find symbol
            log.error("Invalid JWT token: {}", e.getMessage());
            ^
  symbol:   variable log
  location: class JwtUtil
C:\Users\EbrimaMbye\Desktop\A_Teaching\lima-final-programming-II\unibank_api\src\main\java\com\unibank\api\configurations\jwt\JwtUtil.java:56: error: cannot find symbol
            log.error("Unexpected error validating JWT: {}", e.getMessage(), e);
            ^
  symbol:   variable log
  location: class JwtUtil
C:\Users\EbrimaMbye\Desktop\A_Teaching\lima-final-programming-II\unibank_api\src\main\java\com\unibank\api\users\User.java:26: error: User is not abstract and does not override abstract method getUsername() in UserDetails
public class User extends BaseEntity implements UserDetails {
       ^
C:\Users\EbrimaMbye\Desktop\A_Teaching\lima-final-programming-II\unibank_api\src\main\java\com\unibank\api\users\User.java:43: error: cannot find symbol
        response.setUuid(getUuid());
                         ^
  symbol:   method getUuid()
  location: class User
C:\Users\EbrimaMbye\Desktop\A_Teaching\lima-final-programming-II\unibank_api\src\main\java\com\unibank\api\users\User.java:44: error: cannot find symbol
        response.setFirstName(firstName);
                ^
  symbol:   method setFirstName(String)
  location: variable response of type UserResponseDTO
C:\Users\EbrimaMbye\Desktop\A_Teaching\lima-final-programming-II\unibank_api\src\main\java\com\unibank\api\users\User.java:45: error: cannot find symbol
        response.setLastName(lastName);
                ^
  symbol:   method setLastName(String)
  location: variable response of type UserResponseDTO
C:\Users\EbrimaMbye\Desktop\A_Teaching\lima-final-programming-II\unibank_api\src\main\java\com\unibank\api\users\User.java:46: error: cannot find symbol
        response.setEmail(email);
                ^
  symbol:   method setEmail(String)
  location: variable response of type UserResponseDTO
C:\Users\EbrimaMbye\Desktop\A_Teaching\lima-final-programming-II\unibank_api\src\main\java\com\unibank\api\users\User.java:47: error: cannot find symbol
        response.setCreatedAt(getCreatedAt());
                              ^
  symbol:   method getCreatedAt()
  location: class User
C:\Users\EbrimaMbye\Desktop\A_Teaching\lima-final-programming-II\unibank_api\src\main\java\com\unibank\api\users\User.java:48: error: cannot find symbol
        response.setUpdatedAt(getUpdatedAt());
                              ^
  symbol:   method getUpdatedAt()
  location: class User
C:\Users\EbrimaMbye\Desktop\A_Teaching\lima-final-programming-II\unibank_api\src\main\java\com\unibank\api\users\User.java:49: error: cannot find symbol
        response.setUsername(username);
                ^
  symbol:   method setUsername(String)
  location: variable response of type UserResponseDTO
C:\Users\EbrimaMbye\Desktop\A_Teaching\lima-final-programming-II\unibank_api\src\main\java\com\unibank\api\users\User.java:50: error: cannot find symbol
        response.setRoles(getAuthorities().stream().map(GrantedAuthority::getAuthority).collect(Collectors.toSet()));
                ^
  symbol:   method setRoles(Set<String>)
  location: variable response of type UserResponseDTO
C:\Users\EbrimaMbye\Desktop\A_Teaching\lima-final-programming-II\unibank_api\src\main\java\com\unibank\api\users\User.java:51: error: cannot find symbol
        response.setStatus(getStatus());
                           ^
  symbol:   method getStatus()
  location: class User
C:\Users\EbrimaMbye\Desktop\A_Teaching\lima-final-programming-II\unibank_api\src\main\java\com\unibank\api\users\User.java:59: error: cannot find symbol
                .map(role -> new SimpleGrantedAuthority(role.getName().name()))
                                                            ^
  symbol:   method getName()
  location: variable role of type Role
C:\Users\EbrimaMbye\Desktop\A_Teaching\lima-final-programming-II\unibank_api\src\main\java\com\unibank\api\roles\Role.java:24: error: cannot find symbol
        responseDTO.setUuid(getUuid());
                            ^
  symbol:   method getUuid()
  location: class Role
C:\Users\EbrimaMbye\Desktop\A_Teaching\lima-final-programming-II\unibank_api\src\main\java\com\unibank\api\roles\Role.java:25: error: cannot find symbol
        responseDTO.setName(getName());
                            ^
  symbol:   method getName()
  location: class Role
C:\Users\EbrimaMbye\Desktop\A_Teaching\lima-final-programming-II\unibank_api\src\main\java\com\unibank\api\roles\Role.java:26: error: cannot find symbol
        responseDTO.setStatus(getStatus());
                              ^
  symbol:   method getStatus()
  location: class Role
C:\Users\EbrimaMbye\Desktop\A_Teaching\lima-final-programming-II\unibank_api\src\main\java\com\unibank\api\roles\Role.java:27: error: cannot find symbol
        responseDTO.setCreatedAt(getCreatedAt());
                                 ^
  symbol:   method getCreatedAt()
  location: class Role
C:\Users\EbrimaMbye\Desktop\A_Teaching\lima-final-programming-II\unibank_api\src\main\java\com\unibank\api\roles\Role.java:28: error: cannot find symbol
        responseDTO.setUpdatedAt(getUpdatedAt());
                                 ^
  symbol:   method getUpdatedAt()
  location: class Role
C:\Users\EbrimaMbye\Desktop\A_Teaching\lima-final-programming-II\unibank_api\src\main\java\com\unibank\api\customers\CustomerService.java:26: error: cannot find symbol
        customer.setFullName(request.getFullName());
                                    ^
  symbol:   method getFullName()
  location: variable request of type CustomerCreateDTO
C:\Users\EbrimaMbye\Desktop\A_Teaching\lima-final-programming-II\unibank_api\src\main\java\com\unibank\api\customers\CustomerService.java:27: error: cannot find symbol
        customer.setDob(request.getDob());
                               ^
  symbol:   method getDob()
  location: variable request of type CustomerCreateDTO
C:\Users\EbrimaMbye\Desktop\A_Teaching\lima-final-programming-II\unibank_api\src\main\java\com\unibank\api\customers\CustomerService.java:28: error: cannot find symbol
        customer.setPhoneNumber(request.getPhoneNumber());
                                       ^
  symbol:   method getPhoneNumber()
  location: variable request of type CustomerCreateDTO
C:\Users\EbrimaMbye\Desktop\A_Teaching\lima-final-programming-II\unibank_api\src\main\java\com\unibank\api\customers\CustomerService.java:29: error: cannot find symbol
        customer.setEmail(request.getEmail());
                                 ^
  symbol:   method getEmail()
  location: variable request of type CustomerCreateDTO
C:\Users\EbrimaMbye\Desktop\A_Teaching\lima-final-programming-II\unibank_api\src\main\java\com\unibank\api\customers\CustomerService.java:30: error: cannot find symbol
        customer.setAddress(request.getAddress());
                                   ^
  symbol:   method getAddress()
  location: variable request of type CustomerCreateDTO
C:\Users\EbrimaMbye\Desktop\A_Teaching\lima-final-programming-II\unibank_api\src\main\java\com\unibank\api\customers\CustomerService.java:31: error: cannot find symbol
        customer.setNationalId(request.getNationalId());
                                      ^
  symbol:   method getNationalId()
  location: variable request of type CustomerCreateDTO
C:\Users\EbrimaMbye\Desktop\A_Teaching\lima-final-programming-II\unibank_api\src\main\java\com\unibank\api\customers\CustomerService.java:57: error: cannot find symbol
        customer.setFullName(request.getFullName());
                                    ^
  symbol:   method getFullName()
  location: variable request of type CustomerUpdateDTO
C:\Users\EbrimaMbye\Desktop\A_Teaching\lima-final-programming-II\unibank_api\src\main\java\com\unibank\api\customers\CustomerService.java:58: error: cannot find symbol
        customer.setDob(request.getDob());
                               ^
  symbol:   method getDob()
  location: variable request of type CustomerUpdateDTO
C:\Users\EbrimaMbye\Desktop\A_Teaching\lima-final-programming-II\unibank_api\src\main\java\com\unibank\api\customers\CustomerService.java:59: error: cannot find symbol
        customer.setPhoneNumber(request.getPhoneNumber());
                                       ^
  symbol:   method getPhoneNumber()
  location: variable request of type CustomerUpdateDTO
C:\Users\EbrimaMbye\Desktop\A_Teaching\lima-final-programming-II\unibank_api\src\main\java\com\unibank\api\customers\CustomerService.java:60: error: cannot find symbol
        customer.setEmail(request.getEmail());
                                 ^
  symbol:   method getEmail()
  location: variable request of type CustomerUpdateDTO
C:\Users\EbrimaMbye\Desktop\A_Teaching\lima-final-programming-II\unibank_api\src\main\java\com\unibank\api\customers\CustomerService.java:61: error: cannot find symbol
        customer.setAddress(request.getAddress());
                                   ^
  symbol:   method getAddress()
  location: variable request of type CustomerUpdateDTO
C:\Users\EbrimaMbye\Desktop\A_Teaching\lima-final-programming-II\unibank_api\src\main\java\com\unibank\api\customers\CustomerService.java:62: error: cannot find symbol
        customer.setNationalId(request.getNationalId());
                                      ^
  symbol:   method getNationalId()
  location: variable request of type CustomerUpdateDTO
C:\Users\EbrimaMbye\Desktop\A_Teaching\lima-final-programming-II\unibank_api\src\main\java\com\unibank\api\customers\CustomerService.java:72: error: cannot find symbol
        customer.setStatus(BaseEntity.Status.INACTIVE);
                ^
  symbol:   method setStatus(Status)
  location: variable customer of type Customer
C:\Users\EbrimaMbye\Desktop\A_Teaching\lima-final-programming-II\unibank_api\src\main\java\com\unibank\api\reports\ReportService.java:38: error: invalid method reference
        Double transactionTotal = transactionRepository.findAll().stream().map(Transaction::getAmount)
                                                                               ^
  cannot find symbol
    symbol:   method getAmount()
    location: class Transaction
C:\Users\EbrimaMbye\Desktop\A_Teaching\lima-final-programming-II\unibank_api\src\main\java\com\unibank\api\reports\ReportService.java:41: error: cannot find symbol
        return DashboardResponseDTO.builder()
                                   ^
  symbol:   method builder()
  location: class DashboardResponseDTO
C:\Users\EbrimaMbye\Desktop\A_Teaching\lima-final-programming-II\unibank_api\src\main\java\com\unibank\api\transactions\Transaction.java:36: error: cannot find symbol
        dto.setUuid(getUuid());
                    ^
  symbol:   method getUuid()
  location: class Transaction
C:\Users\EbrimaMbye\Desktop\A_Teaching\lima-final-programming-II\unibank_api\src\main\java\com\unibank\api\transactions\Transaction.java:37: error: cannot find symbol
        dto.setAccount(account.toResponseDTO());
           ^
  symbol:   method setAccount(AccountResponseDTO)
  location: variable dto of type TransactionResponseDTO
C:\Users\EbrimaMbye\Desktop\A_Teaching\lima-final-programming-II\unibank_api\src\main\java\com\unibank\api\transactions\Transaction.java:38: error: cannot find symbol
        dto.setTransactionType(transactionType.getTransactionType());
                                              ^
  symbol:   method getTransactionType()
  location: variable transactionType of type TransactionType
C:\Users\EbrimaMbye\Desktop\A_Teaching\lima-final-programming-II\unibank_api\src\main\java\com\unibank\api\transactions\Transaction.java:39: error: cannot find symbol
        dto.setAmount(amount);
           ^
  symbol:   method setAmount(Double)
  location: variable dto of type TransactionResponseDTO
C:\Users\EbrimaMbye\Desktop\A_Teaching\lima-final-programming-II\unibank_api\src\main\java\com\unibank\api\transactions\Transaction.java:40: error: cannot find symbol
        dto.setPerformedBy(performedBy != null ? performedBy.toUserResponseDTO() : null);
           ^
  symbol:   method setPerformedBy(performedB[...] null)
  location: variable dto of type TransactionResponseDTO
C:\Users\EbrimaMbye\Desktop\A_Teaching\lima-final-programming-II\unibank_api\src\main\java\com\unibank\api\transactions\Transaction.java:41: error: cannot find symbol
        dto.setStatus(getStatus());
                      ^
  symbol:   method getStatus()
  location: class Transaction
C:\Users\EbrimaMbye\Desktop\A_Teaching\lima-final-programming-II\unibank_api\src\main\java\com\unibank\api\transactions\Transaction.java:42: error: cannot find symbol
        dto.setCreatedAt(getCreatedAt());
                         ^
  symbol:   method getCreatedAt()
  location: class Transaction
C:\Users\EbrimaMbye\Desktop\A_Teaching\lima-final-programming-II\unibank_api\src\main\java\com\unibank\api\transactions\Transaction.java:43: error: cannot find symbol
        dto.setUpdatedAt(getUpdatedAt());
                         ^
  symbol:   method getUpdatedAt()
  location: class Transaction
C:\Users\EbrimaMbye\Desktop\A_Teaching\lima-final-programming-II\unibank_api\src\main\java\com\unibank\api\transactions\TransactionType.java:24: error: cannot find symbol
        responseDTO.setUuid(getUuid());
                            ^
  symbol:   method getUuid()
  location: class TransactionType
C:\Users\EbrimaMbye\Desktop\A_Teaching\lima-final-programming-II\unibank_api\src\main\java\com\unibank\api\transactions\TransactionType.java:25: error: cannot find symbol
        responseDTO.setTransactionType(getTransactionType());
                                       ^
  symbol:   method getTransactionType()
  location: class TransactionType
C:\Users\EbrimaMbye\Desktop\A_Teaching\lima-final-programming-II\unibank_api\src\main\java\com\unibank\api\transactions\TransactionType.java:26: error: cannot find symbol
        responseDTO.setStatus(getStatus());
                              ^
  symbol:   method getStatus()
  location: class TransactionType
C:\Users\EbrimaMbye\Desktop\A_Teaching\lima-final-programming-II\unibank_api\src\main\java\com\unibank\api\transactions\TransactionType.java:27: error: cannot find symbol
        responseDTO.setCreatedAt(getCreatedAt());
                                 ^
  symbol:   method getCreatedAt()
  location: class TransactionType
C:\Users\EbrimaMbye\Desktop\A_Teaching\lima-final-programming-II\unibank_api\src\main\java\com\unibank\api\transactions\TransactionType.java:28: error: cannot find symbol
        responseDTO.setUpdatedAt(getUpdatedAt());
                                 ^
  symbol:   method getUpdatedAt()
  location: class TransactionType
C:\Users\EbrimaMbye\Desktop\A_Teaching\lima-final-programming-II\unibank_api\src\main\java\com\unibank\api\seeders\AccountTypeSeederServiceService.java:21: error: cannot find symbol
                type.setType(eType);
                    ^
  symbol:   method setType(EAccountType)
  location: variable type of type AccountType
C:\Users\EbrimaMbye\Desktop\A_Teaching\lima-final-programming-II\unibank_api\src\main\java\com\unibank\api\seeders\AdminUserSeederService.java:29: error: cannot find symbol
            admin.setFirstName("Admin");
                 ^
  symbol:   method setFirstName(String)
  location: variable admin of type User
C:\Users\EbrimaMbye\Desktop\A_Teaching\lima-final-programming-II\unibank_api\src\main\java\com\unibank\api\seeders\AdminUserSeederService.java:30: error: cannot find symbol
            admin.setLastName("Admin");
                 ^
  symbol:   method setLastName(String)
  location: variable admin of type User
C:\Users\EbrimaMbye\Desktop\A_Teaching\lima-final-programming-II\unibank_api\src\main\java\com\unibank\api\seeders\AdminUserSeederService.java:31: error: cannot find symbol
            admin.setUsername("admin");
                 ^
  symbol:   method setUsername(String)
  location: variable admin of type User
C:\Users\EbrimaMbye\Desktop\A_Teaching\lima-final-programming-II\unibank_api\src\main\java\com\unibank\api\seeders\AdminUserSeederService.java:32: error: cannot find symbol
            admin.setEmail("admin@unibank.com");
                 ^
  symbol:   method setEmail(String)
  location: variable admin of type User
C:\Users\EbrimaMbye\Desktop\A_Teaching\lima-final-programming-II\unibank_api\src\main\java\com\unibank\api\seeders\AdminUserSeederService.java:33: error: cannot find symbol
            admin.setPassword(passwordEncoder.encode("Pass@123"));
                 ^
  symbol:   method setPassword(String)
  location: variable admin of type User
C:\Users\EbrimaMbye\Desktop\A_Teaching\lima-final-programming-II\unibank_api\src\main\java\com\unibank\api\seeders\AdminUserSeederService.java:34: error: cannot find symbol
            admin.setRoles(Set.of(roleRepository.findByName(ERole.ROLE_ADMIN)
                 ^
  symbol:   method setRoles(Set<Role>)
  location: variable admin of type User
C:\Users\EbrimaMbye\Desktop\A_Teaching\lima-final-programming-II\unibank_api\src\main\java\com\unibank\api\seeders\RoleSeederServiceService.java:21: error: cannot find symbol
                role.setName(eRole);
                    ^
  symbol:   method setName(ERole)
  location: variable role of type Role
C:\Users\EbrimaMbye\Desktop\A_Teaching\lima-final-programming-II\unibank_api\src\main\java\com\unibank\api\seeders\TransactionTypeSeederServiceService.java:24: error: cannot find symbol
                transactionType.setTransactionType(eTransactionType);
                               ^
  symbol:   method setTransactionType(ETransactionType)
  location: variable transactionType of type TransactionType
C:\Users\EbrimaMbye\Desktop\A_Teaching\lima-final-programming-II\unibank_api\src\main\java\com\unibank\api\transactions\TransactionService.java:43: error: cannot find symbol
        Account account = accountRepository.findById(request.getAccountId())
                                                            ^
  symbol:   method getAccountId()
  location: variable request of type TransactionCreateDTO
C:\Users\EbrimaMbye\Desktop\A_Teaching\lima-final-programming-II\unibank_api\src\main\java\com\unibank\api\transactions\TransactionService.java:47: error: cannot find symbol
                .findById(request.getTransactionTypeId())
                                 ^
  symbol:   method getTransactionTypeId()
  location: variable request of type TransactionCreateDTO
C:\Users\EbrimaMbye\Desktop\A_Teaching\lima-final-programming-II\unibank_api\src\main\java\com\unibank\api\transactions\TransactionService.java:50: error: cannot find symbol
        User user = request.getPerformedBy() != null
                           ^
  symbol:   method getPerformedBy()
  location: variable request of type TransactionCreateDTO
C:\Users\EbrimaMbye\Desktop\A_Teaching\lima-final-programming-II\unibank_api\src\main\java\com\unibank\api\transactions\TransactionService.java:51: error: cannot find symbol
                ? userRepository.findById(request.getPerformedBy())
                                                 ^
  symbol:   method getPerformedBy()
  location: variable request of type TransactionCreateDTO
C:\Users\EbrimaMbye\Desktop\A_Teaching\lima-final-programming-II\unibank_api\src\main\java\com\unibank\api\transactions\TransactionService.java:55: error: cannot find symbol
        validateAndApplyBalance(account, transactionType, request.getAmount());
                                                                 ^
  symbol:   method getAmount()
  location: variable request of type TransactionCreateDTO
C:\Users\EbrimaMbye\Desktop\A_Teaching\lima-final-programming-II\unibank_api\src\main\java\com\unibank\api\transactions\TransactionService.java:58: error: cannot find symbol
        transaction.setAccount(account);
                   ^
  symbol:   method setAccount(Account)
  location: variable transaction of type Transaction
C:\Users\EbrimaMbye\Desktop\A_Teaching\lima-final-programming-II\unibank_api\src\main\java\com\unibank\api\transactions\TransactionService.java:59: error: cannot find symbol
        transaction.setTransactionType(transactionType);
                   ^
  symbol:   method setTransactionType(TransactionType)
  location: variable transaction of type Transaction
100 errors
only showing the first 100 errors, of 122 total; use -Xmaxerrs if you would like to see more.
2026.01.14 15:12:14 WARN  Unexpected javac output: WARNING: A terminally deprecated method in sun.misc.Unsafe has been called
WARNING: sun.misc.Unsafe::arrayBaseOffset has been called by com.sourcegraph.shaded.com.google.protobuf.UnsafeUtil$MemoryAccessor (file:/C:/Users/EbrimaMbye/AppData/Local/bloop/cache/semanticdb/com.sourcegraph.semanticdb-javac.0.11.1/semanticdb-javac-0.11.1.jar)
WARNING: Please consider reporting this to the maintainers of class com.sourcegraph.shaded.com.google.protobuf.UnsafeUtil$MemoryAccessor
WARNING: sun.misc.Unsafe::arrayBaseOffset will be removed in a future release
C:\Users\EbrimaMbye\Desktop\A_Teaching\lima-final-programming-II\unibank_api\src\main\java\com\unibank\api\accounts\Account.java:31: error: cannot find symbol
        dto.setUuid(getUuid());
                    ^
  symbol:   method getUuid()
  location: class Account
C:\Users\EbrimaMbye\Desktop\A_Teaching\lima-final-programming-II\unibank_api\src\main\java\com\unibank\api\accounts\Account.java:32: error: cannot find symbol
        dto.setAccountNumber(accountNumber);
           ^
  symbol:   method setAccountNumber(Long)
  location: variable dto of type AccountResponseDTO
C:\Users\EbrimaMbye\Desktop\A_Teaching\lima-final-programming-II\unibank_api\src\main\java\com\unibank\api\accounts\Account.java:33: error: cannot find symbol
        dto.setBalance(balance);
           ^
  symbol:   method setBalance(Double)
  location: variable dto of type AccountResponseDTO
C:\Users\EbrimaMbye\Desktop\A_Teaching\lima-final-programming-II\unibank_api\src\main\java\com\unibank\api\accounts\Account.java:34: error: cannot find symbol
        dto.setCustomer(customer.toResponseDTO());
           ^
  symbol:   method setCustomer(CustomerResponseDTO)
  location: variable dto of type AccountResponseDTO
C:\Users\EbrimaMbye\Desktop\A_Teaching\lima-final-programming-II\unibank_api\src\main\java\com\unibank\api\accounts\Account.java:35: error: cannot find symbol
        dto.setAccountType(accountType.getType());
                                      ^
  symbol:   method getType()
  location: variable accountType of type AccountType
C:\Users\EbrimaMbye\Desktop\A_Teaching\lima-final-programming-II\unibank_api\src\main\java\com\unibank\api\accounts\Account.java:36: error: cannot find symbol
        dto.setStatus(getStatus());
                      ^
  symbol:   method getStatus()
  location: class Account
C:\Users\EbrimaMbye\Desktop\A_Teaching\lima-final-programming-II\unibank_api\src\main\java\com\unibank\api\accounts\Account.java:37: error: cannot find symbol
        dto.setCreatedAt(getCreatedAt());
                         ^
  symbol:   method getCreatedAt()
  location: class Account
C:\Users\EbrimaMbye\Desktop\A_Teaching\lima-final-programming-II\unibank_api\src\main\java\com\unibank\api\accounts\Account.java:38: error: cannot find symbol
        dto.setUpdatedAt(getUpdatedAt());
                         ^
  symbol:   method getUpdatedAt()
  location: class Account
C:\Users\EbrimaMbye\Desktop\A_Teaching\lima-final-programming-II\unibank_api\src\main\java\com\unibank\api\customers\Customer.java:34: error: cannot find symbol
        responseDTO.setUuid(getUuid());
                            ^
  symbol:   method getUuid()
  location: class Customer
C:\Users\EbrimaMbye\Desktop\A_Teaching\lima-final-programming-II\unibank_api\src\main\java\com\unibank\api\customers\Customer.java:35: error: cannot find symbol
        responseDTO.setFullName(getFullName());
                                ^
  symbol:   method getFullName()
  location: class Customer
C:\Users\EbrimaMbye\Desktop\A_Teaching\lima-final-programming-II\unibank_api\src\main\java\com\unibank\api\customers\Customer.java:36: error: cannot find symbol
        responseDTO.setDob(getDob());
                           ^
  symbol:   method getDob()
  location: class Customer
C:\Users\EbrimaMbye\Desktop\A_Teaching\lima-final-programming-II\unibank_api\src\main\java\com\unibank\api\customers\Customer.java:37: error: cannot find symbol
        responseDTO.setPhoneNumber(getPhoneNumber());
                                   ^
  symbol:   method getPhoneNumber()
  location: class Customer
C:\Users\EbrimaMbye\Desktop\A_Teaching\lima-final-programming-II\unibank_api\src\main\java\com\unibank\api\customers\Customer.java:38: error: cannot find symbol
        responseDTO.setEmail(getEmail());
                             ^
  symbol:   method getEmail()
  location: class Customer
C:\Users\EbrimaMbye\Desktop\A_Teaching\lima-final-programming-II\unibank_api\src\main\java\com\unibank\api\customers\Customer.java:39: error: cannot find symbol
        responseDTO.setAddress(getAddress());
                               ^
  symbol:   method getAddress()
  location: class Customer
C:\Users\EbrimaMbye\Desktop\A_Teaching\lima-final-programming-II\unibank_api\src\main\java\com\unibank\api\customers\Customer.java:40: error: cannot find symbol
        responseDTO.setNationalId(getNationalId());
                                  ^
  symbol:   method getNationalId()
  location: class Customer
C:\Users\EbrimaMbye\Desktop\A_Teaching\lima-final-programming-II\unibank_api\src\main\java\com\unibank\api\customers\Customer.java:41: error: cannot find symbol
        responseDTO.setCreatedAt(getCreatedAt());
                                 ^
  symbol:   method getCreatedAt()
  location: class Customer
C:\Users\EbrimaMbye\Desktop\A_Teaching\lima-final-programming-II\unibank_api\src\main\java\com\unibank\api\customers\Customer.java:42: error: cannot find symbol
        responseDTO.setUpdatedAt(getUpdatedAt());
                                 ^
  symbol:   method getUpdatedAt()
  location: class Customer
C:\Users\EbrimaMbye\Desktop\A_Teaching\lima-final-programming-II\unibank_api\src\main\java\com\unibank\api\customers\Customer.java:43: error: cannot find symbol
        responseDTO.setStatus(getStatus());
                              ^
  symbol:   method getStatus()
  location: class Customer
C:\Users\EbrimaMbye\Desktop\A_Teaching\lima-final-programming-II\unibank_api\src\main\java\com\unibank\api\accounts\AccountType.java:26: error: cannot find symbol
        responseDTO.setUuid(getUuid());
                            ^
  symbol:   method getUuid()
  location: class AccountType
C:\Users\EbrimaMbye\Desktop\A_Teaching\lima-final-programming-II\unibank_api\src\main\java\com\unibank\api\accounts\AccountType.java:27: error: cannot find symbol
        responseDTO.setType(getType());
                            ^
  symbol:   method getType()
  location: class AccountType
C:\Users\EbrimaMbye\Desktop\A_Teaching\lima-final-programming-II\unibank_api\src\main\java\com\unibank\api\accounts\AccountType.java:28: error: cannot find symbol
        responseDTO.setStatus(getStatus());
                              ^
  symbol:   method getStatus()
  location: class AccountType
C:\Users\EbrimaMbye\Desktop\A_Teaching\lima-final-programming-II\unibank_api\src\main\java\com\unibank\api\accounts\AccountType.java:29: error: cannot find symbol
        responseDTO.setCreatedAt(getCreatedAt());
                                 ^
  symbol:   method getCreatedAt()
  location: class AccountType
C:\Users\EbrimaMbye\Desktop\A_Teaching\lima-final-programming-II\unibank_api\src\main\java\com\unibank\api\accounts\AccountType.java:30: error: cannot find symbol
        responseDTO.setUpdatedAt(getUpdatedAt());
                                 ^
  symbol:   method getUpdatedAt()
  location: class AccountType
C:\Users\EbrimaMbye\Desktop\A_Teaching\lima-final-programming-II\unibank_api\src\main\java\com\unibank\api\accounts\AccountService.java:37: error: cannot find symbol
        Customer customer = customerRepository.findById(request.getCustomerId())
                                                               ^
  symbol:   method getCustomerId()
  location: variable request of type AccountCreateDTO
C:\Users\EbrimaMbye\Desktop\A_Teaching\lima-final-programming-II\unibank_api\src\main\java\com\unibank\api\accounts\AccountService.java:40: error: cannot find symbol
        AccountType accountType = accountTypeRepository.findById(request.getAccountTypeId())
                                                                        ^
  symbol:   method getAccountTypeId()
  location: variable request of type AccountCreateDTO
C:\Users\EbrimaMbye\Desktop\A_Teaching\lima-final-programming-II\unibank_api\src\main\java\com\unibank\api\accounts\AccountService.java:44: error: cannot find symbol
        account.setCustomer(customer);
               ^
  symbol:   method setCustomer(Customer)
  location: variable account of type Account
C:\Users\EbrimaMbye\Desktop\A_Teaching\lima-final-programming-II\unibank_api\src\main\java\com\unibank\api\accounts\AccountService.java:45: error: cannot find symbol
        account.setAccountType(accountType);
               ^
  symbol:   method setAccountType(AccountType)
  location: variable account of type Account
C:\Users\EbrimaMbye\Desktop\A_Teaching\lima-final-programming-II\unibank_api\src\main\java\com\unibank\api\accounts\AccountService.java:46: error: cannot find symbol
        account.setBalance(request.getInitialBalance());
                                  ^
  symbol:   method getInitialBalance()
  location: variable request of type AccountCreateDTO
C:\Users\EbrimaMbye\Desktop\A_Teaching\lima-final-programming-II\unibank_api\src\main\java\com\unibank\api\accounts\AccountService.java:47: error: cannot find symbol
        account.setAccountNumber(generateAccountNumber());
               ^
  symbol:   method setAccountNumber(Long)
  location: variable account of type Account
C:\Users\EbrimaMbye\Desktop\A_Teaching\lima-final-programming-II\unibank_api\src\main\java\com\unibank\api\accounts\AccountService.java:74: error: cannot find symbol
        AccountType accountType = accountTypeRepository.findById(request.getAccountTypeId())
                                                                        ^
  symbol:   method getAccountTypeId()
  location: variable request of type AccountUpdateDTO
C:\Users\EbrimaMbye\Desktop\A_Teaching\lima-final-programming-II\unibank_api\src\main\java\com\unibank\api\accounts\AccountService.java:77: error: cannot find symbol
        account.setAccountType(accountType);
               ^
  symbol:   method setAccountType(AccountType)
  location: variable account of type Account
C:\Users\EbrimaMbye\Desktop\A_Teaching\lima-final-programming-II\unibank_api\src\main\java\com\unibank\api\accounts\AccountService.java:87: error: cannot find symbol
        account.setStatus(BaseEntity.Status.INACTIVE);
               ^
  symbol:   method setStatus(Status)
  location: variable account of type Account
C:\Users\EbrimaMbye\Desktop\A_Teaching\lima-final-programming-II\unibank_api\src\main\java\com\unibank\api\advice\AuthenticationAdvice.java:19: error: cannot find symbol
        ApiErrorResponse response = ApiErrorResponse.builder()
                                                    ^
  symbol:   method builder()
  location: class ApiErrorResponse
C:\Users\EbrimaMbye\Desktop\A_Teaching\lima-final-programming-II\unibank_api\src\main\java\com\unibank\api\advice\AuthenticationAdvice.java:31: error: cannot find symbol
        ApiErrorResponse response = ApiErrorResponse.builder()
                                                    ^
  symbol:   method builder()
  location: class ApiErrorResponse
C:\Users\EbrimaMbye\Desktop\A_Teaching\lima-final-programming-II\unibank_api\src\main\java\com\unibank\api\advice\GlobalAdvice.java:28: error: cannot find symbol
        ApiErrorResponse response = ApiErrorResponse.builder()
                                                    ^
  symbol:   method builder()
  location: class ApiErrorResponse
C:\Users\EbrimaMbye\Desktop\A_Teaching\lima-final-programming-II\unibank_api\src\main\java\com\unibank\api\advice\GlobalAdvice.java:42: error: cannot find symbol
        ApiErrorResponse response = ApiErrorResponse.builder()
                                                    ^
  symbol:   method builder()
  location: class ApiErrorResponse
C:\Users\EbrimaMbye\Desktop\A_Teaching\lima-final-programming-II\unibank_api\src\main\java\com\unibank\api\configurations\jwt\JwtUtil.java:41: error: cannot find symbol
            log.debug("Token is null or empty");
            ^
  symbol:   variable log
  location: class JwtUtil
C:\Users\EbrimaMbye\Desktop\A_Teaching\lima-final-programming-II\unibank_api\src\main\java\com\unibank\api\configurations\jwt\JwtUtil.java:52: error: cannot find symbol
            log.warn("JWT token expired for token: {}", token.substring(0, Math.min(20, token.length())));
            ^
  symbol:   variable log
  location: class JwtUtil
C:\Users\EbrimaMbye\Desktop\A_Teaching\lima-final-programming-II\unibank_api\src\main\java\com\unibank\api\configurations\jwt\JwtUtil.java:54: error: cannot find symbol
            log.error("Invalid JWT token: {}", e.getMessage());
            ^
  symbol:   variable log
  location: class JwtUtil
C:\Users\EbrimaMbye\Desktop\A_Teaching\lima-final-programming-II\unibank_api\src\main\java\com\unibank\api\configurations\jwt\JwtUtil.java:56: error: cannot find symbol
            log.error("Unexpected error validating JWT: {}", e.getMessage(), e);
            ^
  symbol:   variable log
  location: class JwtUtil
C:\Users\EbrimaMbye\Desktop\A_Teaching\lima-final-programming-II\unibank_api\src\main\java\com\unibank\api\users\User.java:26: error: User is not abstract and does not override abstract method getUsername() in UserDetails
public class User extends BaseEntity implements UserDetails {
       ^
C:\Users\EbrimaMbye\Desktop\A_Teaching\lima-final-programming-II\unibank_api\src\main\java\com\unibank\api\users\User.java:43: error: cannot find symbol
        response.setUuid(getUuid());
                         ^
  symbol:   method getUuid()
  location: class User
C:\Users\EbrimaMbye\Desktop\A_Teaching\lima-final-programming-II\unibank_api\src\main\java\com\unibank\api\users\User.java:44: error: cannot find symbol
        response.setFirstName(firstName);
                ^
  symbol:   method setFirstName(String)
  location: variable response of type UserResponseDTO
C:\Users\EbrimaMbye\Desktop\A_Teaching\lima-final-programming-II\unibank_api\src\main\java\com\unibank\api\users\User.java:45: error: cannot find symbol
        response.setLastName(lastName);
                ^
  symbol:   method setLastName(String)
  location: variable response of type UserResponseDTO
C:\Users\EbrimaMbye\Desktop\A_Teaching\lima-final-programming-II\unibank_api\src\main\java\com\unibank\api\users\User.java:46: error: cannot find symbol
        response.setEmail(email);
                ^
  symbol:   method setEmail(String)
  location: variable response of type UserResponseDTO
C:\Users\EbrimaMbye\Desktop\A_Teaching\lima-final-programming-II\unibank_api\src\main\java\com\unibank\api\users\User.java:47: error: cannot find symbol
        response.setCreatedAt(getCreatedAt());
                              ^
  symbol:   method getCreatedAt()
  location: class User
C:\Users\EbrimaMbye\Desktop\A_Teaching\lima-final-programming-II\unibank_api\src\main\java\com\unibank\api\users\User.java:48: error: cannot find symbol
        response.setUpdatedAt(getUpdatedAt());
                              ^
  symbol:   method getUpdatedAt()
  location: class User
C:\Users\EbrimaMbye\Desktop\A_Teaching\lima-final-programming-II\unibank_api\src\main\java\com\unibank\api\users\User.java:49: error: cannot find symbol
        response.setUsername(username);
                ^
  symbol:   method setUsername(String)
  location: variable response of type UserResponseDTO
C:\Users\EbrimaMbye\Desktop\A_Teaching\lima-final-programming-II\unibank_api\src\main\java\com\unibank\api\users\User.java:50: error: cannot find symbol
        response.setRoles(getAuthorities().stream().map(GrantedAuthority::getAuthority).collect(Collectors.toSet()));
                ^
  symbol:   method setRoles(Set<String>)
  location: variable response of type UserResponseDTO
C:\Users\EbrimaMbye\Desktop\A_Teaching\lima-final-programming-II\unibank_api\src\main\java\com\unibank\api\users\User.java:51: error: cannot find symbol
        response.setStatus(getStatus());
                           ^
  symbol:   method getStatus()
  location: class User
C:\Users\EbrimaMbye\Desktop\A_Teaching\lima-final-programming-II\unibank_api\src\main\java\com\unibank\api\users\User.java:59: error: cannot find symbol
                .map(role -> new SimpleGrantedAuthority(role.getName().name()))
                                                            ^
  symbol:   method getName()
  location: variable role of type Role
C:\Users\EbrimaMbye\Desktop\A_Teaching\lima-final-programming-II\unibank_api\src\main\java\com\unibank\api\roles\Role.java:24: error: cannot find symbol
        responseDTO.setUuid(getUuid());
                            ^
  symbol:   method getUuid()
  location: class Role
C:\Users\EbrimaMbye\Desktop\A_Teaching\lima-final-programming-II\unibank_api\src\main\java\com\unibank\api\roles\Role.java:25: error: cannot find symbol
        responseDTO.setName(getName());
                            ^
  symbol:   method getName()
  location: class Role
C:\Users\EbrimaMbye\Desktop\A_Teaching\lima-final-programming-II\unibank_api\src\main\java\com\unibank\api\roles\Role.java:26: error: cannot find symbol
        responseDTO.setStatus(getStatus());
                              ^
  symbol:   method getStatus()
  location: class Role
C:\Users\EbrimaMbye\Desktop\A_Teaching\lima-final-programming-II\unibank_api\src\main\java\com\unibank\api\roles\Role.java:27: error: cannot find symbol
        responseDTO.setCreatedAt(getCreatedAt());
                                 ^
  symbol:   method getCreatedAt()
  location: class Role
C:\Users\EbrimaMbye\Desktop\A_Teaching\lima-final-programming-II\unibank_api\src\main\java\com\unibank\api\roles\Role.java:28: error: cannot find symbol
        responseDTO.setUpdatedAt(getUpdatedAt());
                                 ^
  symbol:   method getUpdatedAt()
  location: class Role
C:\Users\EbrimaMbye\Desktop\A_Teaching\lima-final-programming-II\unibank_api\src\main\java\com\unibank\api\customers\CustomerService.java:26: error: cannot find symbol
        customer.setFullName(request.getFullName());
                                    ^
  symbol:   method getFullName()
  location: variable request of type CustomerCreateDTO
C:\Users\EbrimaMbye\Desktop\A_Teaching\lima-final-programming-II\unibank_api\src\main\java\com\unibank\api\customers\CustomerService.java:27: error: cannot find symbol
        customer.setDob(request.getDob());
                               ^
  symbol:   method getDob()
  location: variable request of type CustomerCreateDTO
C:\Users\EbrimaMbye\Desktop\A_Teaching\lima-final-programming-II\unibank_api\src\main\java\com\unibank\api\customers\CustomerService.java:28: error: cannot find symbol
        customer.setPhoneNumber(request.getPhoneNumber());
                                       ^
  symbol:   method getPhoneNumber()
  location: variable request of type CustomerCreateDTO
C:\Users\EbrimaMbye\Desktop\A_Teaching\lima-final-programming-II\unibank_api\src\main\java\com\unibank\api\customers\CustomerService.java:29: error: cannot find symbol
        customer.setEmail(request.getEmail());
                                 ^
  symbol:   method getEmail()
  location: variable request of type CustomerCreateDTO
C:\Users\EbrimaMbye\Desktop\A_Teaching\lima-final-programming-II\unibank_api\src\main\java\com\unibank\api\customers\CustomerService.java:30: error: cannot find symbol
        customer.setAddress(request.getAddress());
                                   ^
  symbol:   method getAddress()
  location: variable request of type CustomerCreateDTO
C:\Users\EbrimaMbye\Desktop\A_Teaching\lima-final-programming-II\unibank_api\src\main\java\com\unibank\api\customers\CustomerService.java:31: error: cannot find symbol
        customer.setNationalId(request.getNationalId());
                                      ^
  symbol:   method getNationalId()
  location: variable request of type CustomerCreateDTO
C:\Users\EbrimaMbye\Desktop\A_Teaching\lima-final-programming-II\unibank_api\src\main\java\com\unibank\api\customers\CustomerService.java:57: error: cannot find symbol
        customer.setFullName(request.getFullName());
                                    ^
  symbol:   method getFullName()
  location: variable request of type CustomerUpdateDTO
C:\Users\EbrimaMbye\Desktop\A_Teaching\lima-final-programming-II\unibank_api\src\main\java\com\unibank\api\customers\CustomerService.java:58: error: cannot find symbol
        customer.setDob(request.getDob());
                               ^
  symbol:   method getDob()
  location: variable request of type CustomerUpdateDTO
C:\Users\EbrimaMbye\Desktop\A_Teaching\lima-final-programming-II\unibank_api\src\main\java\com\unibank\api\customers\CustomerService.java:59: error: cannot find symbol
        customer.setPhoneNumber(request.getPhoneNumber());
                                       ^
  symbol:   method getPhoneNumber()
  location: variable request of type CustomerUpdateDTO
C:\Users\EbrimaMbye\Desktop\A_Teaching\lima-final-programming-II\unibank_api\src\main\java\com\unibank\api\customers\CustomerService.java:60: error: cannot find symbol
        customer.setEmail(request.getEmail());
                                 ^
  symbol:   method getEmail()
  location: variable request of type CustomerUpdateDTO
C:\Users\EbrimaMbye\Desktop\A_Teaching\lima-final-programming-II\unibank_api\src\main\java\com\unibank\api\customers\CustomerService.java:61: error: cannot find symbol
        customer.setAddress(request.getAddress());
                                   ^
  symbol:   method getAddress()
  location: variable request of type CustomerUpdateDTO
C:\Users\EbrimaMbye\Desktop\A_Teaching\lima-final-programming-II\unibank_api\src\main\java\com\unibank\api\customers\CustomerService.java:62: error: cannot find symbol
        customer.setNationalId(request.getNationalId());
                                      ^
  symbol:   method getNationalId()
  location: variable request of type CustomerUpdateDTO
C:\Users\EbrimaMbye\Desktop\A_Teaching\lima-final-programming-II\unibank_api\src\main\java\com\unibank\api\customers\CustomerService.java:72: error: cannot find symbol
        customer.setStatus(BaseEntity.Status.INACTIVE);
                ^
  symbol:   method setStatus(Status)
  location: variable customer of type Customer
C:\Users\EbrimaMbye\Desktop\A_Teaching\lima-final-programming-II\unibank_api\src\main\java\com\unibank\api\reports\ReportService.java:38: error: invalid method reference
        Double transactionTotal = transactionRepository.findAll().stream().map(Transaction::getAmount)
                                                                               ^
  cannot find symbol
    symbol:   method getAmount()
    location: class Transaction
C:\Users\EbrimaMbye\Desktop\A_Teaching\lima-final-programming-II\unibank_api\src\main\java\com\unibank\api\reports\ReportService.java:41: error: cannot find symbol
        return DashboardResponseDTO.builder()
                                   ^
  symbol:   method builder()
  location: class DashboardResponseDTO
C:\Users\EbrimaMbye\Desktop\A_Teaching\lima-final-programming-II\unibank_api\src\main\java\com\unibank\api\transactions\Transaction.java:36: error: cannot find symbol
        dto.setUuid(getUuid());
                    ^
  symbol:   method getUuid()
  location: class Transaction
C:\Users\EbrimaMbye\Desktop\A_Teaching\lima-final-programming-II\unibank_api\src\main\java\com\unibank\api\transactions\Transaction.java:37: error: cannot find symbol
        dto.setAccount(account.toResponseDTO());
           ^
  symbol:   method setAccount(AccountResponseDTO)
  location: variable dto of type TransactionResponseDTO
C:\Users\EbrimaMbye\Desktop\A_Teaching\lima-final-programming-II\unibank_api\src\main\java\com\unibank\api\transactions\Transaction.java:38: error: cannot find symbol
        dto.setTransactionType(transactionType.getTransactionType());
                                              ^
  symbol:   method getTransactionType()
  location: variable transactionType of type TransactionType
C:\Users\EbrimaMbye\Desktop\A_Teaching\lima-final-programming-II\unibank_api\src\main\java\com\unibank\api\transactions\Transaction.java:39: error: cannot find symbol
        dto.setAmount(amount);
           ^
  symbol:   method setAmount(Double)
  location: variable dto of type TransactionResponseDTO
C:\Users\EbrimaMbye\Desktop\A_Teaching\lima-final-programming-II\unibank_api\src\main\java\com\unibank\api\transactions\Transaction.java:40: error: cannot find symbol
        dto.setPerformedBy(performedBy != null ? performedBy.toUserResponseDTO() : null);
           ^
  symbol:   method setPerformedBy(performedB[...] null)
  location: variable dto of type TransactionResponseDTO
C:\Users\EbrimaMbye\Desktop\A_Teaching\lima-final-programming-II\unibank_api\src\main\java\com\unibank\api\transactions\Transaction.java:41: error: cannot find symbol
        dto.setStatus(getStatus());
                      ^
  symbol:   method getStatus()
  location: class Transaction
C:\Users\EbrimaMbye\Desktop\A_Teaching\lima-final-programming-II\unibank_api\src\main\java\com\unibank\api\transactions\Transaction.java:42: error: cannot find symbol
        dto.setCreatedAt(getCreatedAt());
                         ^
  symbol:   method getCreatedAt()
  location: class Transaction
C:\Users\EbrimaMbye\Desktop\A_Teaching\lima-final-programming-II\unibank_api\src\main\java\com\unibank\api\transactions\Transaction.java:43: error: cannot find symbol
        dto.setUpdatedAt(getUpdatedAt());
                         ^
  symbol:   method getUpdatedAt()
  location: class Transaction
C:\Users\EbrimaMbye\Desktop\A_Teaching\lima-final-programming-II\unibank_api\src\main\java\com\unibank\api\transactions\TransactionType.java:24: error: cannot find symbol
        responseDTO.setUuid(getUuid());
                            ^
  symbol:   method getUuid()
  location: class TransactionType
C:\Users\EbrimaMbye\Desktop\A_Teaching\lima-final-programming-II\unibank_api\src\main\java\com\unibank\api\transactions\TransactionType.java:25: error: cannot find symbol
        responseDTO.setTransactionType(getTransactionType());
                                       ^
  symbol:   method getTransactionType()
  location: class TransactionType
C:\Users\EbrimaMbye\Desktop\A_Teaching\lima-final-programming-II\unibank_api\src\main\java\com\unibank\api\transactions\TransactionType.java:26: error: cannot find symbol
        responseDTO.setStatus(getStatus());
                              ^
  symbol:   method getStatus()
  location: class TransactionType
C:\Users\EbrimaMbye\Desktop\A_Teaching\lima-final-programming-II\unibank_api\src\main\java\com\unibank\api\transactions\TransactionType.java:27: error: cannot find symbol
        responseDTO.setCreatedAt(getCreatedAt());
                                 ^
  symbol:   method getCreatedAt()
  location: class TransactionType
C:\Users\EbrimaMbye\Desktop\A_Teaching\lima-final-programming-II\unibank_api\src\main\java\com\unibank\api\transactions\TransactionType.java:28: error: cannot find symbol
        responseDTO.setUpdatedAt(getUpdatedAt());
                                 ^
  symbol:   method getUpdatedAt()
  location: class TransactionType
C:\Users\EbrimaMbye\Desktop\A_Teaching\lima-final-programming-II\unibank_api\src\main\java\com\unibank\api\seeders\AccountTypeSeederServiceService.java:21: error: cannot find symbol
                type.setType(eType);
                    ^
  symbol:   method setType(EAccountType)
  location: variable type of type AccountType
C:\Users\EbrimaMbye\Desktop\A_Teaching\lima-final-programming-II\unibank_api\src\main\java\com\unibank\api\seeders\AdminUserSeederService.java:29: error: cannot find symbol
            admin.setFirstName("Admin");
                 ^
  symbol:   method setFirstName(String)
  location: variable admin of type User
C:\Users\EbrimaMbye\Desktop\A_Teaching\lima-final-programming-II\unibank_api\src\main\java\com\unibank\api\seeders\AdminUserSeederService.java:30: error: cannot find symbol
            admin.setLastName("Admin");
                 ^
  symbol:   method setLastName(String)
  location: variable admin of type User
C:\Users\EbrimaMbye\Desktop\A_Teaching\lima-final-programming-II\unibank_api\src\main\java\com\unibank\api\seeders\AdminUserSeederService.java:31: error: cannot find symbol
            admin.setUsername("admin");
                 ^
  symbol:   method setUsername(String)
  location: variable admin of type User
C:\Users\EbrimaMbye\Desktop\A_Teaching\lima-final-programming-II\unibank_api\src\main\java\com\unibank\api\seeders\AdminUserSeederService.java:32: error: cannot find symbol
            admin.setEmail("admin@unibank.com");
                 ^
  symbol:   method setEmail(String)
  location: variable admin of type User
C:\Users\EbrimaMbye\Desktop\A_Teaching\lima-final-programming-II\unibank_api\src\main\java\com\unibank\api\seeders\AdminUserSeederService.java:33: error: cannot find symbol
            admin.setPassword(passwordEncoder.encode("Pass@123"));
                 ^
  symbol:   method setPassword(String)
  location: variable admin of type User
C:\Users\EbrimaMbye\Desktop\A_Teaching\lima-final-programming-II\unibank_api\src\main\java\com\unibank\api\seeders\AdminUserSeederService.java:34: error: cannot find symbol
            admin.setRoles(Set.of(roleRepository.findByName(ERole.ROLE_ADMIN)
                 ^
  symbol:   method setRoles(Set<Role>)
  location: variable admin of type User
C:\Users\EbrimaMbye\Desktop\A_Teaching\lima-final-programming-II\unibank_api\src\main\java\com\unibank\api\seeders\RoleSeederServiceService.java:21: error: cannot find symbol
                role.setName(eRole);
                    ^
  symbol:   method setName(ERole)
  location: variable role of type Role
C:\Users\EbrimaMbye\Desktop\A_Teaching\lima-final-programming-II\unibank_api\src\main\java\com\unibank\api\seeders\TransactionTypeSeederServiceService.java:24: error: cannot find symbol
                transactionType.setTransactionType(eTransactionType);
                               ^
  symbol:   method setTransactionType(ETransactionType)
  location: variable transactionType of type TransactionType
C:\Users\EbrimaMbye\Desktop\A_Teaching\lima-final-programming-II\unibank_api\src\main\java\com\unibank\api\transactions\TransactionService.java:43: error: cannot find symbol
        Account account = accountRepository.findById(request.getAccountId())
                                                            ^
  symbol:   method getAccountId()
  location: variable request of type TransactionCreateDTO
C:\Users\EbrimaMbye\Desktop\A_Teaching\lima-final-programming-II\unibank_api\src\main\java\com\unibank\api\transactions\TransactionService.java:47: error: cannot find symbol
                .findById(request.getTransactionTypeId())
                                 ^
  symbol:   method getTransactionTypeId()
  location: variable request of type TransactionCreateDTO
C:\Users\EbrimaMbye\Desktop\A_Teaching\lima-final-programming-II\unibank_api\src\main\java\com\unibank\api\transactions\TransactionService.java:50: error: cannot find symbol
        User user = request.getPerformedBy() != null
                           ^
  symbol:   method getPerformedBy()
  location: variable request of type TransactionCreateDTO
C:\Users\EbrimaMbye\Desktop\A_Teaching\lima-final-programming-II\unibank_api\src\main\java\com\unibank\api\transactions\TransactionService.java:51: error: cannot find symbol
                ? userRepository.findById(request.getPerformedBy())
                                                 ^
  symbol:   method getPerformedBy()
  location: variable request of type TransactionCreateDTO
C:\Users\EbrimaMbye\Desktop\A_Teaching\lima-final-programming-II\unibank_api\src\main\java\com\unibank\api\transactions\TransactionService.java:55: error: cannot find symbol
        validateAndApplyBalance(account, transactionType, request.getAmount());
                                                                 ^
  symbol:   method getAmount()
  location: variable request of type TransactionCreateDTO
C:\Users\EbrimaMbye\Desktop\A_Teaching\lima-final-programming-II\unibank_api\src\main\java\com\unibank\api\transactions\TransactionService.java:58: error: cannot find symbol
        transaction.setAccount(account);
                   ^
  symbol:   method setAccount(Account)
  location: variable transaction of type Transaction
C:\Users\EbrimaMbye\Desktop\A_Teaching\lima-final-programming-II\unibank_api\src\main\java\com\unibank\api\transactions\TransactionService.java:59: error: cannot find symbol
        transaction.setTransactionType(transactionType);
                   ^
  symbol:   method setTransactionType(TransactionType)
  location: variable transaction of type Transaction
100 errors
only showing the first 100 errors, of 122 total; use -Xmaxerrs if you would like to see more.
2026.01.14 15:12:14 WARN  javac exited with exit code 1
2026.01.14 15:12:14 WARN  javac exited with exit code 1
2026.01.14 15:12:14 INFO  time: compiled unibank_api in 6.95s
2026.01.14 15:12:14 INFO  time: compiled unibank_api in 7.02s
2026.01.14 15:12:31 INFO  Deduplicating compilation of unibank_api from bsp client 'Metals 1.6.4' (since 38m 27.311s)
2026.01.14 15:12:31 INFO  compiling unibank_api (66 java sources)
2026.01.14 15:12:31 INFO  compiling unibank_api (66 java sources)
2026.01.14 15:12:38 WARN  Unexpected javac output: WARNING: A terminally deprecated method in sun.misc.Unsafe has been called
WARNING: sun.misc.Unsafe::arrayBaseOffset has been called by com.sourcegraph.shaded.com.google.protobuf.UnsafeUtil$MemoryAccessor (file:/C:/Users/EbrimaMbye/AppData/Local/bloop/cache/semanticdb/com.sourcegraph.semanticdb-javac.0.11.1/semanticdb-javac-0.11.1.jar)
WARNING: Please consider reporting this to the maintainers of class com.sourcegraph.shaded.com.google.protobuf.UnsafeUtil$MemoryAccessor
WARNING: sun.misc.Unsafe::arrayBaseOffset will be removed in a future release
C:\Users\EbrimaMbye\Desktop\A_Teaching\lima-final-programming-II\unibank_api\src\main\java\com\unibank\api\accounts\Account.java:31: error: cannot find symbol
        dto.setUuid(getUuid());
                    ^
  symbol:   method getUuid()
  location: class Account
C:\Users\EbrimaMbye\Desktop\A_Teaching\lima-final-programming-II\unibank_api\src\main\java\com\unibank\api\accounts\Account.java:32: error: cannot find symbol
        dto.setAccountNumber(accountNumber);
           ^
  symbol:   method setAccountNumber(Long)
  location: variable dto of type AccountResponseDTO
C:\Users\EbrimaMbye\Desktop\A_Teaching\lima-final-programming-II\unibank_api\src\main\java\com\unibank\api\accounts\Account.java:33: error: cannot find symbol
        dto.setBalance(balance);
           ^
  symbol:   method setBalance(Double)
  location: variable dto of type AccountResponseDTO
C:\Users\EbrimaMbye\Desktop\A_Teaching\lima-final-programming-II\unibank_api\src\main\java\com\unibank\api\accounts\Account.java:34: error: cannot find symbol
        dto.setCustomer(customer.toResponseDTO());
           ^
  symbol:   method setCustomer(CustomerResponseDTO)
  location: variable dto of type AccountResponseDTO
C:\Users\EbrimaMbye\Desktop\A_Teaching\lima-final-programming-II\unibank_api\src\main\java\com\unibank\api\accounts\Account.java:35: error: cannot find symbol
        dto.setAccountType(accountType.getType());
                                      ^
  symbol:   method getType()
  location: variable accountType of type AccountType
C:\Users\EbrimaMbye\Desktop\A_Teaching\lima-final-programming-II\unibank_api\src\main\java\com\unibank\api\accounts\Account.java:36: error: cannot find symbol
        dto.setStatus(getStatus());
                      ^
  symbol:   method getStatus()
  location: class Account
C:\Users\EbrimaMbye\Desktop\A_Teaching\lima-final-programming-II\unibank_api\src\main\java\com\unibank\api\accounts\Account.java:37: error: cannot find symbol
        dto.setCreatedAt(getCreatedAt());
                         ^
  symbol:   method getCreatedAt()
  location: class Account
C:\Users\EbrimaMbye\Desktop\A_Teaching\lima-final-programming-II\unibank_api\src\main\java\com\unibank\api\accounts\Account.java:38: error: cannot find symbol
        dto.setUpdatedAt(getUpdatedAt());
                         ^
  symbol:   method getUpdatedAt()
  location: class Account
C:\Users\EbrimaMbye\Desktop\A_Teaching\lima-final-programming-II\unibank_api\src\main\java\com\unibank\api\customers\Customer.java:34: error: cannot find symbol
        responseDTO.setUuid(getUuid());
                            ^
  symbol:   method getUuid()
  location: class Customer
C:\Users\EbrimaMbye\Desktop\A_Teaching\lima-final-programming-II\unibank_api\src\main\java\com\unibank\api\customers\Customer.java:35: error: cannot find symbol
        responseDTO.setFullName(getFullName());
                                ^
  symbol:   method getFullName()
  location: class Customer
C:\Users\EbrimaMbye\Desktop\A_Teaching\lima-final-programming-II\unibank_api\src\main\java\com\unibank\api\customers\Customer.java:36: error: cannot find symbol
        responseDTO.setDob(getDob());
                           ^
  symbol:   method getDob()
  location: class Customer
C:\Users\EbrimaMbye\Desktop\A_Teaching\lima-final-programming-II\unibank_api\src\main\java\com\unibank\api\customers\Customer.java:37: error: cannot find symbol
        responseDTO.setPhoneNumber(getPhoneNumber());
                                   ^
  symbol:   method getPhoneNumber()
  location: class Customer
C:\Users\EbrimaMbye\Desktop\A_Teaching\lima-final-programming-II\unibank_api\src\main\java\com\unibank\api\customers\Customer.java:38: error: cannot find symbol
        responseDTO.setEmail(getEmail());
                             ^
  symbol:   method getEmail()
  location: class Customer
C:\Users\EbrimaMbye\Desktop\A_Teaching\lima-final-programming-II\unibank_api\src\main\java\com\unibank\api\customers\Customer.java:39: error: cannot find symbol
        responseDTO.setAddress(getAddress());
                               ^
  symbol:   method getAddress()
  location: class Customer
C:\Users\EbrimaMbye\Desktop\A_Teaching\lima-final-programming-II\unibank_api\src\main\java\com\unibank\api\customers\Customer.java:40: error: cannot find symbol
        responseDTO.setNationalId(getNationalId());
                                  ^
  symbol:   method getNationalId()
  location: class Customer
C:\Users\EbrimaMbye\Desktop\A_Teaching\lima-final-programming-II\unibank_api\src\main\java\com\unibank\api\customers\Customer.java:41: error: cannot find symbol
        responseDTO.setCreatedAt(getCreatedAt());
                                 ^
  symbol:   method getCreatedAt()
  location: class Customer
C:\Users\EbrimaMbye\Desktop\A_Teaching\lima-final-programming-II\unibank_api\src\main\java\com\unibank\api\customers\Customer.java:42: error: cannot find symbol
        responseDTO.setUpdatedAt(getUpdatedAt());
                                 ^
  symbol:   method getUpdatedAt()
  location: class Customer
C:\Users\EbrimaMbye\Desktop\A_Teaching\lima-final-programming-II\unibank_api\src\main\java\com\unibank\api\customers\Customer.java:43: error: cannot find symbol
        responseDTO.setStatus(getStatus());
                              ^
  symbol:   method getStatus()
  location: class Customer
C:\Users\EbrimaMbye\Desktop\A_Teaching\lima-final-programming-II\unibank_api\src\main\java\com\unibank\api\accounts\AccountType.java:26: error: cannot find symbol
        responseDTO.setUuid(getUuid());
                            ^
  symbol:   method getUuid()
  location: class AccountType
C:\Users\EbrimaMbye\Desktop\A_Teaching\lima-final-programming-II\unibank_api\src\main\java\com\unibank\api\accounts\AccountType.java:27: error: cannot find symbol
        responseDTO.setType(getType());
                            ^
  symbol:   method getType()
  location: class AccountType
C:\Users\EbrimaMbye\Desktop\A_Teaching\lima-final-programming-II\unibank_api\src\main\java\com\unibank\api\accounts\AccountType.java:28: error: cannot find symbol
        responseDTO.setStatus(getStatus());
                              ^
  symbol:   method getStatus()
  location: class AccountType
C:\Users\EbrimaMbye\Desktop\A_Teaching\lima-final-programming-II\unibank_api\src\main\java\com\unibank\api\accounts\AccountType.java:29: error: cannot find symbol
        responseDTO.setCreatedAt(getCreatedAt());
                                 ^
  symbol:   method getCreatedAt()
  location: class AccountType
C:\Users\EbrimaMbye\Desktop\A_Teaching\lima-final-programming-II\unibank_api\src\main\java\com\unibank\api\accounts\AccountType.java:30: error: cannot find symbol
        responseDTO.setUpdatedAt(getUpdatedAt());
                                 ^
  symbol:   method getUpdatedAt()
  location: class AccountType
C:\Users\EbrimaMbye\Desktop\A_Teaching\lima-final-programming-II\unibank_api\src\main\java\com\unibank\api\accounts\AccountService.java:37: error: cannot find symbol
        Customer customer = customerRepository.findById(request.getCustomerId())
                                                               ^
  symbol:   method getCustomerId()
  location: variable request of type AccountCreateDTO
C:\Users\EbrimaMbye\Desktop\A_Teaching\lima-final-programming-II\unibank_api\src\main\java\com\unibank\api\accounts\AccountService.java:40: error: cannot find symbol
        AccountType accountType = accountTypeRepository.findById(request.getAccountTypeId())
                                                                        ^
  symbol:   method getAccountTypeId()
  location: variable request of type AccountCreateDTO
C:\Users\EbrimaMbye\Desktop\A_Teaching\lima-final-programming-II\unibank_api\src\main\java\com\unibank\api\accounts\AccountService.java:44: error: cannot find symbol
        account.setCustomer(customer);
               ^
  symbol:   method setCustomer(Customer)
  location: variable account of type Account
C:\Users\EbrimaMbye\Desktop\A_Teaching\lima-final-programming-II\unibank_api\src\main\java\com\unibank\api\accounts\AccountService.java:45: error: cannot find symbol
        account.setAccountType(accountType);
               ^
  symbol:   method setAccountType(AccountType)
  location: variable account of type Account
C:\Users\EbrimaMbye\Desktop\A_Teaching\lima-final-programming-II\unibank_api\src\main\java\com\unibank\api\accounts\AccountService.java:46: error: cannot find symbol
        account.setBalance(request.getInitialBalance());
                                  ^
  symbol:   method getInitialBalance()
  location: variable request of type AccountCreateDTO
C:\Users\EbrimaMbye\Desktop\A_Teaching\lima-final-programming-II\unibank_api\src\main\java\com\unibank\api\accounts\AccountService.java:47: error: cannot find symbol
        account.setAccountNumber(generateAccountNumber());
               ^
  symbol:   method setAccountNumber(Long)
  location: variable account of type Account
C:\Users\EbrimaMbye\Desktop\A_Teaching\lima-final-programming-II\unibank_api\src\main\java\com\unibank\api\accounts\AccountService.java:74: error: cannot find symbol
        AccountType accountType = accountTypeRepository.findById(request.getAccountTypeId())
                                                                        ^
  symbol:   method getAccountTypeId()
  location: variable request of type AccountUpdateDTO
C:\Users\EbrimaMbye\Desktop\A_Teaching\lima-final-programming-II\unibank_api\src\main\java\com\unibank\api\accounts\AccountService.java:77: error: cannot find symbol
        account.setAccountType(accountType);
               ^
  symbol:   method setAccountType(AccountType)
  location: variable account of type Account
C:\Users\EbrimaMbye\Desktop\A_Teaching\lima-final-programming-II\unibank_api\src\main\java\com\unibank\api\accounts\AccountService.java:87: error: cannot find symbol
        account.setStatus(BaseEntity.Status.INACTIVE);
               ^
  symbol:   method setStatus(Status)
  location: variable account of type Account
C:\Users\EbrimaMbye\Desktop\A_Teaching\lima-final-programming-II\unibank_api\src\main\java\com\unibank\api\advice\AuthenticationAdvice.java:19: error: cannot find symbol
        ApiErrorResponse response = ApiErrorResponse.builder()
                                                    ^
  symbol:   method builder()
  location: class ApiErrorResponse
C:\Users\EbrimaMbye\Desktop\A_Teaching\lima-final-programming-II\unibank_api\src\main\java\com\unibank\api\advice\AuthenticationAdvice.java:31: error: cannot find symbol
        ApiErrorResponse response = ApiErrorResponse.builder()
                                                    ^
  symbol:   method builder()
  location: class ApiErrorResponse
C:\Users\EbrimaMbye\Desktop\A_Teaching\lima-final-programming-II\unibank_api\src\main\java\com\unibank\api\advice\GlobalAdvice.java:28: error: cannot find symbol
        ApiErrorResponse response = ApiErrorResponse.builder()
                                                    ^
  symbol:   method builder()
  location: class ApiErrorResponse
C:\Users\EbrimaMbye\Desktop\A_Teaching\lima-final-programming-II\unibank_api\src\main\java\com\unibank\api\advice\GlobalAdvice.java:42: error: cannot find symbol
        ApiErrorResponse response = ApiErrorResponse.builder()
                                                    ^
  symbol:   method builder()
  location: class ApiErrorResponse
C:\Users\EbrimaMbye\Desktop\A_Teaching\lima-final-programming-II\unibank_api\src\main\java\com\unibank\api\configurations\jwt\JwtUtil.java:41: error: cannot find symbol
            log.debug("Token is null or empty");
            ^
  symbol:   variable log
  location: class JwtUtil
C:\Users\EbrimaMbye\Desktop\A_Teaching\lima-final-programming-II\unibank_api\src\main\java\com\unibank\api\configurations\jwt\JwtUtil.java:52: error: cannot find symbol
            log.warn("JWT token expired for token: {}", token.substring(0, Math.min(20, token.length())));
            ^
  symbol:   variable log
  location: class JwtUtil
C:\Users\EbrimaMbye\Desktop\A_Teaching\lima-final-programming-II\unibank_api\src\main\java\com\unibank\api\configurations\jwt\JwtUtil.java:54: error: cannot find symbol
            log.error("Invalid JWT token: {}", e.getMessage());
            ^
  symbol:   variable log
  location: class JwtUtil
C:\Users\EbrimaMbye\Desktop\A_Teaching\lima-final-programming-II\unibank_api\src\main\java\com\unibank\api\configurations\jwt\JwtUtil.java:56: error: cannot find symbol
            log.error("Unexpected error validating JWT: {}", e.getMessage(), e);
            ^
  symbol:   variable log
  location: class JwtUtil
C:\Users\EbrimaMbye\Desktop\A_Teaching\lima-final-programming-II\unibank_api\src\main\java\com\unibank\api\users\User.java:26: error: User is not abstract and does not override abstract method getUsername() in UserDetails
public class User extends BaseEntity implements UserDetails {
       ^
C:\Users\EbrimaMbye\Desktop\A_Teaching\lima-final-programming-II\unibank_api\src\main\java\com\unibank\api\users\User.java:43: error: cannot find symbol
        response.setUuid(getUuid());
                         ^
  symbol:   method getUuid()
  location: class User
C:\Users\EbrimaMbye\Desktop\A_Teaching\lima-final-programming-II\unibank_api\src\main\java\com\unibank\api\users\User.java:44: error: cannot find symbol
        response.setFirstName(firstName);
                ^
  symbol:   method setFirstName(String)
  location: variable response of type UserResponseDTO
C:\Users\EbrimaMbye\Desktop\A_Teaching\lima-final-programming-II\unibank_api\src\main\java\com\unibank\api\users\User.java:45: error: cannot find symbol
        response.setLastName(lastName);
                ^
  symbol:   method setLastName(String)
  location: variable response of type UserResponseDTO
C:\Users\EbrimaMbye\Desktop\A_Teaching\lima-final-programming-II\unibank_api\src\main\java\com\unibank\api\users\User.java:46: error: cannot find symbol
        response.setEmail(email);
                ^
  symbol:   method setEmail(String)
  location: variable response of type UserResponseDTO
C:\Users\EbrimaMbye\Desktop\A_Teaching\lima-final-programming-II\unibank_api\src\main\java\com\unibank\api\users\User.java:47: error: cannot find symbol
        response.setCreatedAt(getCreatedAt());
                              ^
  symbol:   method getCreatedAt()
  location: class User
C:\Users\EbrimaMbye\Desktop\A_Teaching\lima-final-programming-II\unibank_api\src\main\java\com\unibank\api\users\User.java:48: error: cannot find symbol
        response.setUpdatedAt(getUpdatedAt());
                              ^
  symbol:   method getUpdatedAt()
  location: class User
C:\Users\EbrimaMbye\Desktop\A_Teaching\lima-final-programming-II\unibank_api\src\main\java\com\unibank\api\users\User.java:49: error: cannot find symbol
        response.setUsername(username);
                ^
  symbol:   method setUsername(String)
  location: variable response of type UserResponseDTO
C:\Users\EbrimaMbye\Desktop\A_Teaching\lima-final-programming-II\unibank_api\src\main\java\com\unibank\api\users\User.java:50: error: cannot find symbol
        response.setRoles(getAuthorities().stream().map(GrantedAuthority::getAuthority).collect(Collectors.toSet()));
                ^
  symbol:   method setRoles(Set<String>)
  location: variable response of type UserResponseDTO
C:\Users\EbrimaMbye\Desktop\A_Teaching\lima-final-programming-II\unibank_api\src\main\java\com\unibank\api\users\User.java:51: error: cannot find symbol
        response.setStatus(getStatus());
                           ^
  symbol:   method getStatus()
  location: class User
C:\Users\EbrimaMbye\Desktop\A_Teaching\lima-final-programming-II\unibank_api\src\main\java\com\unibank\api\users\User.java:59: error: cannot find symbol
                .map(role -> new SimpleGrantedAuthority(role.getName().name()))
                                                            ^
  symbol:   method getName()
  location: variable role of type Role
C:\Users\EbrimaMbye\Desktop\A_Teaching\lima-final-programming-II\unibank_api\src\main\java\com\unibank\api\roles\Role.java:24: error: cannot find symbol
        responseDTO.setUuid(getUuid());
                            ^
  symbol:   method getUuid()
  location: class Role
C:\Users\EbrimaMbye\Desktop\A_Teaching\lima-final-programming-II\unibank_api\src\main\java\com\unibank\api\roles\Role.java:25: error: cannot find symbol
        responseDTO.setName(getName());
                            ^
  symbol:   method getName()
  location: class Role
C:\Users\EbrimaMbye\Desktop\A_Teaching\lima-final-programming-II\unibank_api\src\main\java\com\unibank\api\roles\Role.java:26: error: cannot find symbol
        responseDTO.setStatus(getStatus());
                              ^
  symbol:   method getStatus()
  location: class Role
C:\Users\EbrimaMbye\Desktop\A_Teaching\lima-final-programming-II\unibank_api\src\main\java\com\unibank\api\roles\Role.java:27: error: cannot find symbol
        responseDTO.setCreatedAt(getCreatedAt());
                                 ^
  symbol:   method getCreatedAt()
  location: class Role
C:\Users\EbrimaMbye\Desktop\A_Teaching\lima-final-programming-II\unibank_api\src\main\java\com\unibank\api\roles\Role.java:28: error: cannot find symbol
        responseDTO.setUpdatedAt(getUpdatedAt());
                                 ^
  symbol:   method getUpdatedAt()
  location: class Role
C:\Users\EbrimaMbye\Desktop\A_Teaching\lima-final-programming-II\unibank_api\src\main\java\com\unibank\api\customers\CustomerService.java:26: error: cannot find symbol
        customer.setFullName(request.getFullName());
                                    ^
  symbol:   method getFullName()
  location: variable request of type CustomerCreateDTO
C:\Users\EbrimaMbye\Desktop\A_Teaching\lima-final-programming-II\unibank_api\src\main\java\com\unibank\api\customers\CustomerService.java:27: error: cannot find symbol
        customer.setDob(request.getDob());
                               ^
  symbol:   method getDob()
  location: variable request of type CustomerCreateDTO
C:\Users\EbrimaMbye\Desktop\A_Teaching\lima-final-programming-II\unibank_api\src\main\java\com\unibank\api\customers\CustomerService.java:28: error: cannot find symbol
        customer.setPhoneNumber(request.getPhoneNumber());
                                       ^
  symbol:   method getPhoneNumber()
  location: variable request of type CustomerCreateDTO
C:\Users\EbrimaMbye\Desktop\A_Teaching\lima-final-programming-II\unibank_api\src\main\java\com\unibank\api\customers\CustomerService.java:29: error: cannot find symbol
        customer.setEmail(request.getEmail());
                                 ^
  symbol:   method getEmail()
  location: variable request of type CustomerCreateDTO
C:\Users\EbrimaMbye\Desktop\A_Teaching\lima-final-programming-II\unibank_api\src\main\java\com\unibank\api\customers\CustomerService.java:30: error: cannot find symbol
        customer.setAddress(request.getAddress());
                                   ^
  symbol:   method getAddress()
  location: variable request of type CustomerCreateDTO
C:\Users\EbrimaMbye\Desktop\A_Teaching\lima-final-programming-II\unibank_api\src\main\java\com\unibank\api\customers\CustomerService.java:31: error: cannot find symbol
        customer.setNationalId(request.getNationalId());
                                      ^
  symbol:   method getNationalId()
  location: variable request of type CustomerCreateDTO
C:\Users\EbrimaMbye\Desktop\A_Teaching\lima-final-programming-II\unibank_api\src\main\java\com\unibank\api\customers\CustomerService.java:57: error: cannot find symbol
        customer.setFullName(request.getFullName());
                                    ^
  symbol:   method getFullName()
  location: variable request of type CustomerUpdateDTO
C:\Users\EbrimaMbye\Desktop\A_Teaching\lima-final-programming-II\unibank_api\src\main\java\com\unibank\api\customers\CustomerService.java:58: error: cannot find symbol
        customer.setDob(request.getDob());
                               ^
  symbol:   method getDob()
  location: variable request of type CustomerUpdateDTO
C:\Users\EbrimaMbye\Desktop\A_Teaching\lima-final-programming-II\unibank_api\src\main\java\com\unibank\api\customers\CustomerService.java:59: error: cannot find symbol
        customer.setPhoneNumber(request.getPhoneNumber());
                                       ^
  symbol:   method getPhoneNumber()
  location: variable request of type CustomerUpdateDTO
C:\Users\EbrimaMbye\Desktop\A_Teaching\lima-final-programming-II\unibank_api\src\main\java\com\unibank\api\customers\CustomerService.java:60: error: cannot find symbol
        customer.setEmail(request.getEmail());
                                 ^
  symbol:   method getEmail()
  location: variable request of type CustomerUpdateDTO
C:\Users\EbrimaMbye\Desktop\A_Teaching\lima-final-programming-II\unibank_api\src\main\java\com\unibank\api\customers\CustomerService.java:61: error: cannot find symbol
        customer.setAddress(request.getAddress());
                                   ^
  symbol:   method getAddress()
  location: variable request of type CustomerUpdateDTO
C:\Users\EbrimaMbye\Desktop\A_Teaching\lima-final-programming-II\unibank_api\src\main\java\com\unibank\api\customers\CustomerService.java:62: error: cannot find symbol
        customer.setNationalId(request.getNationalId());
                                      ^
  symbol:   method getNationalId()
  location: variable request of type CustomerUpdateDTO
C:\Users\EbrimaMbye\Desktop\A_Teaching\lima-final-programming-II\unibank_api\src\main\java\com\unibank\api\customers\CustomerService.java:72: error: cannot find symbol
        customer.setStatus(BaseEntity.Status.INACTIVE);
                ^
  symbol:   method setStatus(Status)
  location: variable customer of type Customer
C:\Users\EbrimaMbye\Desktop\A_Teaching\lima-final-programming-II\unibank_api\src\main\java\com\unibank\api\reports\ReportService.java:38: error: invalid method reference
        Double transactionTotal = transactionRepository.findAll().stream().map(Transaction::getAmount)
                                                                               ^
  cannot find symbol
    symbol:   method getAmount()
    location: class Transaction
C:\Users\EbrimaMbye\Desktop\A_Teaching\lima-final-programming-II\unibank_api\src\main\java\com\unibank\api\reports\ReportService.java:41: error: cannot find symbol
        return DashboardResponseDTO.builder()
                                   ^
  symbol:   method builder()
  location: class DashboardResponseDTO
C:\Users\EbrimaMbye\Desktop\A_Teaching\lima-final-programming-II\unibank_api\src\main\java\com\unibank\api\transactions\Transaction.java:36: error: cannot find symbol
        dto.setUuid(getUuid());
                    ^
  symbol:   method getUuid()
  location: class Transaction
C:\Users\EbrimaMbye\Desktop\A_Teaching\lima-final-programming-II\unibank_api\src\main\java\com\unibank\api\transactions\Transaction.java:37: error: cannot find symbol
        dto.setAccount(account.toResponseDTO());
           ^
  symbol:   method setAccount(AccountResponseDTO)
  location: variable dto of type TransactionResponseDTO
C:\Users\EbrimaMbye\Desktop\A_Teaching\lima-final-programming-II\unibank_api\src\main\java\com\unibank\api\transactions\Transaction.java:38: error: cannot find symbol
        dto.setTransactionType(transactionType.getTransactionType());
                                              ^
  symbol:   method getTransactionType()
  location: variable transactionType of type TransactionType
C:\Users\EbrimaMbye\Desktop\A_Teaching\lima-final-programming-II\unibank_api\src\main\java\com\unibank\api\transactions\Transaction.java:39: error: cannot find symbol
        dto.setAmount(amount);
           ^
  symbol:   method setAmount(Double)
  location: variable dto of type TransactionResponseDTO
C:\Users\EbrimaMbye\Desktop\A_Teaching\lima-final-programming-II\unibank_api\src\main\java\com\unibank\api\transactions\Transaction.java:40: error: cannot find symbol
        dto.setPerformedBy(performedBy != null ? performedBy.toUserResponseDTO() : null);
           ^
  symbol:   method setPerformedBy(performedB[...] null)
  location: variable dto of type TransactionResponseDTO
C:\Users\EbrimaMbye\Desktop\A_Teaching\lima-final-programming-II\unibank_api\src\main\java\com\unibank\api\transactions\Transaction.java:41: error: cannot find symbol
        dto.setStatus(getStatus());
                      ^
  symbol:   method getStatus()
  location: class Transaction
C:\Users\EbrimaMbye\Desktop\A_Teaching\lima-final-programming-II\unibank_api\src\main\java\com\unibank\api\transactions\Transaction.java:42: error: cannot find symbol
        dto.setCreatedAt(getCreatedAt());
                         ^
  symbol:   method getCreatedAt()
  location: class Transaction
C:\Users\EbrimaMbye\Desktop\A_Teaching\lima-final-programming-II\unibank_api\src\main\java\com\unibank\api\transactions\Transaction.java:43: error: cannot find symbol
        dto.setUpdatedAt(getUpdatedAt());
                         ^
  symbol:   method getUpdatedAt()
  location: class Transaction
C:\Users\EbrimaMbye\Desktop\A_Teaching\lima-final-programming-II\unibank_api\src\main\java\com\unibank\api\transactions\TransactionType.java:24: error: cannot find symbol
        responseDTO.setUuid(getUuid());
                            ^
  symbol:   method getUuid()
  location: class TransactionType
C:\Users\EbrimaMbye\Desktop\A_Teaching\lima-final-programming-II\unibank_api\src\main\java\com\unibank\api\transactions\TransactionType.java:25: error: cannot find symbol
        responseDTO.setTransactionType(getTransactionType());
                                       ^
  symbol:   method getTransactionType()
  location: class TransactionType
C:\Users\EbrimaMbye\Desktop\A_Teaching\lima-final-programming-II\unibank_api\src\main\java\com\unibank\api\transactions\TransactionType.java:26: error: cannot find symbol
        responseDTO.setStatus(getStatus());
                              ^
  symbol:   method getStatus()
  location: class TransactionType
C:\Users\EbrimaMbye\Desktop\A_Teaching\lima-final-programming-II\unibank_api\src\main\java\com\unibank\api\transactions\TransactionType.java:27: error: cannot find symbol
        responseDTO.setCreatedAt(getCreatedAt());
                                 ^
  symbol:   method getCreatedAt()
  location: class TransactionType
C:\Users\EbrimaMbye\Desktop\A_Teaching\lima-final-programming-II\unibank_api\src\main\java\com\unibank\api\transactions\TransactionType.java:28: error: cannot find symbol
        responseDTO.setUpdatedAt(getUpdatedAt());
                                 ^
  symbol:   method getUpdatedAt()
  location: class TransactionType
C:\Users\EbrimaMbye\Desktop\A_Teaching\lima-final-programming-II\unibank_api\src\main\java\com\unibank\api\seeders\AccountTypeSeederServiceService.java:21: error: cannot find symbol
                type.setType(eType);
                    ^
  symbol:   method setType(EAccountType)
  location: variable type of type AccountType
C:\Users\EbrimaMbye\Desktop\A_Teaching\lima-final-programming-II\unibank_api\src\main\java\com\unibank\api\seeders\AdminUserSeederService.java:29: error: cannot find symbol
            admin.setFirstName("Admin");
                 ^
  symbol:   method setFirstName(String)
  location: variable admin of type User
C:\Users\EbrimaMbye\Desktop\A_Teaching\lima-final-programming-II\unibank_api\src\main\java\com\unibank\api\seeders\AdminUserSeederService.java:30: error: cannot find symbol
            admin.setLastName("Admin");
                 ^
  symbol:   method setLastName(String)
  location: variable admin of type User
C:\Users\EbrimaMbye\Desktop\A_Teaching\lima-final-programming-II\unibank_api\src\main\java\com\unibank\api\seeders\AdminUserSeederService.java:31: error: cannot find symbol
            admin.setUsername("admin");
                 ^
  symbol:   method setUsername(String)
  location: variable admin of type User
C:\Users\EbrimaMbye\Desktop\A_Teaching\lima-final-programming-II\unibank_api\src\main\java\com\unibank\api\seeders\AdminUserSeederService.java:32: error: cannot find symbol
            admin.setEmail("admin@unibank.com");
                 ^
  symbol:   method setEmail(String)
  location: variable admin of type User
C:\Users\EbrimaMbye\Desktop\A_Teaching\lima-final-programming-II\unibank_api\src\main\java\com\unibank\api\seeders\AdminUserSeederService.java:33: error: cannot find symbol
            admin.setPassword(passwordEncoder.encode("Pass@123"));
                 ^
  symbol:   method setPassword(String)
  location: variable admin of type User
C:\Users\EbrimaMbye\Desktop\A_Teaching\lima-final-programming-II\unibank_api\src\main\java\com\unibank\api\seeders\AdminUserSeederService.java:34: error: cannot find symbol
            admin.setRoles(Set.of(roleRepository.findByName(ERole.ROLE_ADMIN)
                 ^
  symbol:   method setRoles(Set<Role>)
  location: variable admin of type User
C:\Users\EbrimaMbye\Desktop\A_Teaching\lima-final-programming-II\unibank_api\src\main\java\com\unibank\api\seeders\RoleSeederServiceService.java:21: error: cannot find symbol
                role.setName(eRole);
                    ^
  symbol:   method setName(ERole)
  location: variable role of type Role
C:\Users\EbrimaMbye\Desktop\A_Teaching\lima-final-programming-II\unibank_api\src\main\java\com\unibank\api\seeders\TransactionTypeSeederServiceService.java:24: error: cannot find symbol
                transactionType.setTransactionType(eTransactionType);
                               ^
  symbol:   method setTransactionType(ETransactionType)
  location: variable transactionType of type TransactionType
C:\Users\EbrimaMbye\Desktop\A_Teaching\lima-final-programming-II\unibank_api\src\main\java\com\unibank\api\transactions\TransactionService.java:43: error: cannot find symbol
        Account account = accountRepository.findById(request.getAccountId())
                                                            ^
  symbol:   method getAccountId()
  location: variable request of type TransactionCreateDTO
C:\Users\EbrimaMbye\Desktop\A_Teaching\lima-final-programming-II\unibank_api\src\main\java\com\unibank\api\transactions\TransactionService.java:47: error: cannot find symbol
                .findById(request.getTransactionTypeId())
                                 ^
  symbol:   method getTransactionTypeId()
  location: variable request of type TransactionCreateDTO
C:\Users\EbrimaMbye\Desktop\A_Teaching\lima-final-programming-II\unibank_api\src\main\java\com\unibank\api\transactions\TransactionService.java:50: error: cannot find symbol
        User user = request.getPerformedBy() != null
                           ^
  symbol:   method getPerformedBy()
  location: variable request of type TransactionCreateDTO
C:\Users\EbrimaMbye\Desktop\A_Teaching\lima-final-programming-II\unibank_api\src\main\java\com\unibank\api\transactions\TransactionService.java:51: error: cannot find symbol
                ? userRepository.findById(request.getPerformedBy())
                                                 ^
  symbol:   method getPerformedBy()
  location: variable request of type TransactionCreateDTO
C:\Users\EbrimaMbye\Desktop\A_Teaching\lima-final-programming-II\unibank_api\src\main\java\com\unibank\api\transactions\TransactionService.java:55: error: cannot find symbol
        validateAndApplyBalance(account, transactionType, request.getAmount());
                                                                 ^
  symbol:   method getAmount()
  location: variable request of type TransactionCreateDTO
C:\Users\EbrimaMbye\Desktop\A_Teaching\lima-final-programming-II\unibank_api\src\main\java\com\unibank\api\transactions\TransactionService.java:58: error: cannot find symbol
        transaction.setAccount(account);
                   ^
  symbol:   method setAccount(Account)
  location: variable transaction of type Transaction
C:\Users\EbrimaMbye\Desktop\A_Teaching\lima-final-programming-II\unibank_api\src\main\java\com\unibank\api\transactions\TransactionService.java:59: error: cannot find symbol
        transaction.setTransactionType(transactionType);
                   ^
  symbol:   method setTransactionType(TransactionType)
  location: variable transaction of type Transaction
100 errors
only showing the first 100 errors, of 122 total; use -Xmaxerrs if you would like to see more.
2026.01.14 15:12:38 WARN  Unexpected javac output: WARNING: A terminally deprecated method in sun.misc.Unsafe has been called
WARNING: sun.misc.Unsafe::arrayBaseOffset has been called by com.sourcegraph.shaded.com.google.protobuf.UnsafeUtil$MemoryAccessor (file:/C:/Users/EbrimaMbye/AppData/Local/bloop/cache/semanticdb/com.sourcegraph.semanticdb-javac.0.11.1/semanticdb-javac-0.11.1.jar)
WARNING: Please consider reporting this to the maintainers of class com.sourcegraph.shaded.com.google.protobuf.UnsafeUtil$MemoryAccessor
WARNING: sun.misc.Unsafe::arrayBaseOffset will be removed in a future release
C:\Users\EbrimaMbye\Desktop\A_Teaching\lima-final-programming-II\unibank_api\src\main\java\com\unibank\api\accounts\Account.java:31: error: cannot find symbol
        dto.setUuid(getUuid());
                    ^
  symbol:   method getUuid()
  location: class Account
C:\Users\EbrimaMbye\Desktop\A_Teaching\lima-final-programming-II\unibank_api\src\main\java\com\unibank\api\accounts\Account.java:32: error: cannot find symbol
        dto.setAccountNumber(accountNumber);
           ^
  symbol:   method setAccountNumber(Long)
  location: variable dto of type AccountResponseDTO
C:\Users\EbrimaMbye\Desktop\A_Teaching\lima-final-programming-II\unibank_api\src\main\java\com\unibank\api\accounts\Account.java:33: error: cannot find symbol
        dto.setBalance(balance);
           ^
  symbol:   method setBalance(Double)
  location: variable dto of type AccountResponseDTO
C:\Users\EbrimaMbye\Desktop\A_Teaching\lima-final-programming-II\unibank_api\src\main\java\com\unibank\api\accounts\Account.java:34: error: cannot find symbol
        dto.setCustomer(customer.toResponseDTO());
           ^
  symbol:   method setCustomer(CustomerResponseDTO)
  location: variable dto of type AccountResponseDTO
C:\Users\EbrimaMbye\Desktop\A_Teaching\lima-final-programming-II\unibank_api\src\main\java\com\unibank\api\accounts\Account.java:35: error: cannot find symbol
        dto.setAccountType(accountType.getType());
                                      ^
  symbol:   method getType()
  location: variable accountType of type AccountType
C:\Users\EbrimaMbye\Desktop\A_Teaching\lima-final-programming-II\unibank_api\src\main\java\com\unibank\api\accounts\Account.java:36: error: cannot find symbol
        dto.setStatus(getStatus());
                      ^
  symbol:   method getStatus()
  location: class Account
C:\Users\EbrimaMbye\Desktop\A_Teaching\lima-final-programming-II\unibank_api\src\main\java\com\unibank\api\accounts\Account.java:37: error: cannot find symbol
        dto.setCreatedAt(getCreatedAt());
                         ^
  symbol:   method getCreatedAt()
  location: class Account
C:\Users\EbrimaMbye\Desktop\A_Teaching\lima-final-programming-II\unibank_api\src\main\java\com\unibank\api\accounts\Account.java:38: error: cannot find symbol
        dto.setUpdatedAt(getUpdatedAt());
                         ^
  symbol:   method getUpdatedAt()
  location: class Account
C:\Users\EbrimaMbye\Desktop\A_Teaching\lima-final-programming-II\unibank_api\src\main\java\com\unibank\api\customers\Customer.java:34: error: cannot find symbol
        responseDTO.setUuid(getUuid());
                            ^
  symbol:   method getUuid()
  location: class Customer
C:\Users\EbrimaMbye\Desktop\A_Teaching\lima-final-programming-II\unibank_api\src\main\java\com\unibank\api\customers\Customer.java:35: error: cannot find symbol
        responseDTO.setFullName(getFullName());
                                ^
  symbol:   method getFullName()
  location: class Customer
C:\Users\EbrimaMbye\Desktop\A_Teaching\lima-final-programming-II\unibank_api\src\main\java\com\unibank\api\customers\Customer.java:36: error: cannot find symbol
        responseDTO.setDob(getDob());
                           ^
  symbol:   method getDob()
  location: class Customer
C:\Users\EbrimaMbye\Desktop\A_Teaching\lima-final-programming-II\unibank_api\src\main\java\com\unibank\api\customers\Customer.java:37: error: cannot find symbol
        responseDTO.setPhoneNumber(getPhoneNumber());
                                   ^
  symbol:   method getPhoneNumber()
  location: class Customer
C:\Users\EbrimaMbye\Desktop\A_Teaching\lima-final-programming-II\unibank_api\src\main\java\com\unibank\api\customers\Customer.java:38: error: cannot find symbol
        responseDTO.setEmail(getEmail());
                             ^
  symbol:   method getEmail()
  location: class Customer
C:\Users\EbrimaMbye\Desktop\A_Teaching\lima-final-programming-II\unibank_api\src\main\java\com\unibank\api\customers\Customer.java:39: error: cannot find symbol
        responseDTO.setAddress(getAddress());
                               ^
  symbol:   method getAddress()
  location: class Customer
C:\Users\EbrimaMbye\Desktop\A_Teaching\lima-final-programming-II\unibank_api\src\main\java\com\unibank\api\customers\Customer.java:40: error: cannot find symbol
        responseDTO.setNationalId(getNationalId());
                                  ^
  symbol:   method getNationalId()
  location: class Customer
C:\Users\EbrimaMbye\Desktop\A_Teaching\lima-final-programming-II\unibank_api\src\main\java\com\unibank\api\customers\Customer.java:41: error: cannot find symbol
        responseDTO.setCreatedAt(getCreatedAt());
                                 ^
  symbol:   method getCreatedAt()
  location: class Customer
C:\Users\EbrimaMbye\Desktop\A_Teaching\lima-final-programming-II\unibank_api\src\main\java\com\unibank\api\customers\Customer.java:42: error: cannot find symbol
        responseDTO.setUpdatedAt(getUpdatedAt());
                                 ^
  symbol:   method getUpdatedAt()
  location: class Customer
C:\Users\EbrimaMbye\Desktop\A_Teaching\lima-final-programming-II\unibank_api\src\main\java\com\unibank\api\customers\Customer.java:43: error: cannot find symbol
        responseDTO.setStatus(getStatus());
                              ^
  symbol:   method getStatus()
  location: class Customer
C:\Users\EbrimaMbye\Desktop\A_Teaching\lima-final-programming-II\unibank_api\src\main\java\com\unibank\api\accounts\AccountType.java:26: error: cannot find symbol
        responseDTO.setUuid(getUuid());
                            ^
  symbol:   method getUuid()
  location: class AccountType
C:\Users\EbrimaMbye\Desktop\A_Teaching\lima-final-programming-II\unibank_api\src\main\java\com\unibank\api\accounts\AccountType.java:27: error: cannot find symbol
        responseDTO.setType(getType());
                            ^
  symbol:   method getType()
  location: class AccountType
C:\Users\EbrimaMbye\Desktop\A_Teaching\lima-final-programming-II\unibank_api\src\main\java\com\unibank\api\accounts\AccountType.java:28: error: cannot find symbol
        responseDTO.setStatus(getStatus());
                              ^
  symbol:   method getStatus()
  location: class AccountType
C:\Users\EbrimaMbye\Desktop\A_Teaching\lima-final-programming-II\unibank_api\src\main\java\com\unibank\api\accounts\AccountType.java:29: error: cannot find symbol
        responseDTO.setCreatedAt(getCreatedAt());
                                 ^
  symbol:   method getCreatedAt()
  location: class AccountType
C:\Users\EbrimaMbye\Desktop\A_Teaching\lima-final-programming-II\unibank_api\src\main\java\com\unibank\api\accounts\AccountType.java:30: error: cannot find symbol
        responseDTO.setUpdatedAt(getUpdatedAt());
                                 ^
  symbol:   method getUpdatedAt()
  location: class AccountType
C:\Users\EbrimaMbye\Desktop\A_Teaching\lima-final-programming-II\unibank_api\src\main\java\com\unibank\api\accounts\AccountService.java:37: error: cannot find symbol
        Customer customer = customerRepository.findById(request.getCustomerId())
                                                               ^
  symbol:   method getCustomerId()
  location: variable request of type AccountCreateDTO
C:\Users\EbrimaMbye\Desktop\A_Teaching\lima-final-programming-II\unibank_api\src\main\java\com\unibank\api\accounts\AccountService.java:40: error: cannot find symbol
        AccountType accountType = accountTypeRepository.findById(request.getAccountTypeId())
                                                                        ^
  symbol:   method getAccountTypeId()
  location: variable request of type AccountCreateDTO
C:\Users\EbrimaMbye\Desktop\A_Teaching\lima-final-programming-II\unibank_api\src\main\java\com\unibank\api\accounts\AccountService.java:44: error: cannot find symbol
        account.setCustomer(customer);
               ^
  symbol:   method setCustomer(Customer)
  location: variable account of type Account
C:\Users\EbrimaMbye\Desktop\A_Teaching\lima-final-programming-II\unibank_api\src\main\java\com\unibank\api\accounts\AccountService.java:45: error: cannot find symbol
        account.setAccountType(accountType);
               ^
  symbol:   method setAccountType(AccountType)
  location: variable account of type Account
C:\Users\EbrimaMbye\Desktop\A_Teaching\lima-final-programming-II\unibank_api\src\main\java\com\unibank\api\accounts\AccountService.java:46: error: cannot find symbol
        account.setBalance(request.getInitialBalance());
                                  ^
  symbol:   method getInitialBalance()
  location: variable request of type AccountCreateDTO
C:\Users\EbrimaMbye\Desktop\A_Teaching\lima-final-programming-II\unibank_api\src\main\java\com\unibank\api\accounts\AccountService.java:47: error: cannot find symbol
        account.setAccountNumber(generateAccountNumber());
               ^
  symbol:   method setAccountNumber(Long)
  location: variable account of type Account
C:\Users\EbrimaMbye\Desktop\A_Teaching\lima-final-programming-II\unibank_api\src\main\java\com\unibank\api\accounts\AccountService.java:74: error: cannot find symbol
        AccountType accountType = accountTypeRepository.findById(request.getAccountTypeId())
                                                                        ^
  symbol:   method getAccountTypeId()
  location: variable request of type AccountUpdateDTO
C:\Users\EbrimaMbye\Desktop\A_Teaching\lima-final-programming-II\unibank_api\src\main\java\com\unibank\api\accounts\AccountService.java:77: error: cannot find symbol
        account.setAccountType(accountType);
               ^
  symbol:   method setAccountType(AccountType)
  location: variable account of type Account
C:\Users\EbrimaMbye\Desktop\A_Teaching\lima-final-programming-II\unibank_api\src\main\java\com\unibank\api\accounts\AccountService.java:87: error: cannot find symbol
        account.setStatus(BaseEntity.Status.INACTIVE);
               ^
  symbol:   method setStatus(Status)
  location: variable account of type Account
C:\Users\EbrimaMbye\Desktop\A_Teaching\lima-final-programming-II\unibank_api\src\main\java\com\unibank\api\advice\AuthenticationAdvice.java:19: error: cannot find symbol
        ApiErrorResponse response = ApiErrorResponse.builder()
                                                    ^
  symbol:   method builder()
  location: class ApiErrorResponse
C:\Users\EbrimaMbye\Desktop\A_Teaching\lima-final-programming-II\unibank_api\src\main\java\com\unibank\api\advice\AuthenticationAdvice.java:31: error: cannot find symbol
        ApiErrorResponse response = ApiErrorResponse.builder()
                                                    ^
  symbol:   method builder()
  location: class ApiErrorResponse
C:\Users\EbrimaMbye\Desktop\A_Teaching\lima-final-programming-II\unibank_api\src\main\java\com\unibank\api\advice\GlobalAdvice.java:28: error: cannot find symbol
        ApiErrorResponse response = ApiErrorResponse.builder()
                                                    ^
  symbol:   method builder()
  location: class ApiErrorResponse
C:\Users\EbrimaMbye\Desktop\A_Teaching\lima-final-programming-II\unibank_api\src\main\java\com\unibank\api\advice\GlobalAdvice.java:42: error: cannot find symbol
        ApiErrorResponse response = ApiErrorResponse.builder()
                                                    ^
  symbol:   method builder()
  location: class ApiErrorResponse
C:\Users\EbrimaMbye\Desktop\A_Teaching\lima-final-programming-II\unibank_api\src\main\java\com\unibank\api\configurations\jwt\JwtUtil.java:41: error: cannot find symbol
            log.debug("Token is null or empty");
            ^
  symbol:   variable log
  location: class JwtUtil
C:\Users\EbrimaMbye\Desktop\A_Teaching\lima-final-programming-II\unibank_api\src\main\java\com\unibank\api\configurations\jwt\JwtUtil.java:52: error: cannot find symbol
            log.warn("JWT token expired for token: {}", token.substring(0, Math.min(20, token.length())));
            ^
  symbol:   variable log
  location: class JwtUtil
C:\Users\EbrimaMbye\Desktop\A_Teaching\lima-final-programming-II\unibank_api\src\main\java\com\unibank\api\configurations\jwt\JwtUtil.java:54: error: cannot find symbol
            log.error("Invalid JWT token: {}", e.getMessage());
            ^
  symbol:   variable log
  location: class JwtUtil
C:\Users\EbrimaMbye\Desktop\A_Teaching\lima-final-programming-II\unibank_api\src\main\java\com\unibank\api\configurations\jwt\JwtUtil.java:56: error: cannot find symbol
            log.error("Unexpected error validating JWT: {}", e.getMessage(), e);
            ^
  symbol:   variable log
  location: class JwtUtil
C:\Users\EbrimaMbye\Desktop\A_Teaching\lima-final-programming-II\unibank_api\src\main\java\com\unibank\api\users\User.java:26: error: User is not abstract and does not override abstract method getUsername() in UserDetails
public class User extends BaseEntity implements UserDetails {
       ^
C:\Users\EbrimaMbye\Desktop\A_Teaching\lima-final-programming-II\unibank_api\src\main\java\com\unibank\api\users\User.java:43: error: cannot find symbol
        response.setUuid(getUuid());
                         ^
  symbol:   method getUuid()
  location: class User
C:\Users\EbrimaMbye\Desktop\A_Teaching\lima-final-programming-II\unibank_api\src\main\java\com\unibank\api\users\User.java:44: error: cannot find symbol
        response.setFirstName(firstName);
                ^
  symbol:   method setFirstName(String)
  location: variable response of type UserResponseDTO
C:\Users\EbrimaMbye\Desktop\A_Teaching\lima-final-programming-II\unibank_api\src\main\java\com\unibank\api\users\User.java:45: error: cannot find symbol
        response.setLastName(lastName);
                ^
  symbol:   method setLastName(String)
  location: variable response of type UserResponseDTO
C:\Users\EbrimaMbye\Desktop\A_Teaching\lima-final-programming-II\unibank_api\src\main\java\com\unibank\api\users\User.java:46: error: cannot find symbol
        response.setEmail(email);
                ^
  symbol:   method setEmail(String)
  location: variable response of type UserResponseDTO
C:\Users\EbrimaMbye\Desktop\A_Teaching\lima-final-programming-II\unibank_api\src\main\java\com\unibank\api\users\User.java:47: error: cannot find symbol
        response.setCreatedAt(getCreatedAt());
                              ^
  symbol:   method getCreatedAt()
  location: class User
C:\Users\EbrimaMbye\Desktop\A_Teaching\lima-final-programming-II\unibank_api\src\main\java\com\unibank\api\users\User.java:48: error: cannot find symbol
        response.setUpdatedAt(getUpdatedAt());
                              ^
  symbol:   method getUpdatedAt()
  location: class User
C:\Users\EbrimaMbye\Desktop\A_Teaching\lima-final-programming-II\unibank_api\src\main\java\com\unibank\api\users\User.java:49: error: cannot find symbol
        response.setUsername(username);
                ^
  symbol:   method setUsername(String)
  location: variable response of type UserResponseDTO
C:\Users\EbrimaMbye\Desktop\A_Teaching\lima-final-programming-II\unibank_api\src\main\java\com\unibank\api\users\User.java:50: error: cannot find symbol
        response.setRoles(getAuthorities().stream().map(GrantedAuthority::getAuthority).collect(Collectors.toSet()));
                ^
  symbol:   method setRoles(Set<String>)
  location: variable response of type UserResponseDTO
C:\Users\EbrimaMbye\Desktop\A_Teaching\lima-final-programming-II\unibank_api\src\main\java\com\unibank\api\users\User.java:51: error: cannot find symbol
        response.setStatus(getStatus());
                           ^
  symbol:   method getStatus()
  location: class User
C:\Users\EbrimaMbye\Desktop\A_Teaching\lima-final-programming-II\unibank_api\src\main\java\com\unibank\api\users\User.java:59: error: cannot find symbol
                .map(role -> new SimpleGrantedAuthority(role.getName().name()))
                                                            ^
  symbol:   method getName()
  location: variable role of type Role
C:\Users\EbrimaMbye\Desktop\A_Teaching\lima-final-programming-II\unibank_api\src\main\java\com\unibank\api\roles\Role.java:24: error: cannot find symbol
        responseDTO.setUuid(getUuid());
                            ^
  symbol:   method getUuid()
  location: class Role
C:\Users\EbrimaMbye\Desktop\A_Teaching\lima-final-programming-II\unibank_api\src\main\java\com\unibank\api\roles\Role.java:25: error: cannot find symbol
        responseDTO.setName(getName());
                            ^
  symbol:   method getName()
  location: class Role
C:\Users\EbrimaMbye\Desktop\A_Teaching\lima-final-programming-II\unibank_api\src\main\java\com\unibank\api\roles\Role.java:26: error: cannot find symbol
        responseDTO.setStatus(getStatus());
                              ^
  symbol:   method getStatus()
  location: class Role
C:\Users\EbrimaMbye\Desktop\A_Teaching\lima-final-programming-II\unibank_api\src\main\java\com\unibank\api\roles\Role.java:27: error: cannot find symbol
        responseDTO.setCreatedAt(getCreatedAt());
                                 ^
  symbol:   method getCreatedAt()
  location: class Role
C:\Users\EbrimaMbye\Desktop\A_Teaching\lima-final-programming-II\unibank_api\src\main\java\com\unibank\api\roles\Role.java:28: error: cannot find symbol
        responseDTO.setUpdatedAt(getUpdatedAt());
                                 ^
  symbol:   method getUpdatedAt()
  location: class Role
C:\Users\EbrimaMbye\Desktop\A_Teaching\lima-final-programming-II\unibank_api\src\main\java\com\unibank\api\customers\CustomerService.java:26: error: cannot find symbol
        customer.setFullName(request.getFullName());
                                    ^
  symbol:   method getFullName()
  location: variable request of type CustomerCreateDTO
C:\Users\EbrimaMbye\Desktop\A_Teaching\lima-final-programming-II\unibank_api\src\main\java\com\unibank\api\customers\CustomerService.java:27: error: cannot find symbol
        customer.setDob(request.getDob());
                               ^
  symbol:   method getDob()
  location: variable request of type CustomerCreateDTO
C:\Users\EbrimaMbye\Desktop\A_Teaching\lima-final-programming-II\unibank_api\src\main\java\com\unibank\api\customers\CustomerService.java:28: error: cannot find symbol
        customer.setPhoneNumber(request.getPhoneNumber());
                                       ^
  symbol:   method getPhoneNumber()
  location: variable request of type CustomerCreateDTO
C:\Users\EbrimaMbye\Desktop\A_Teaching\lima-final-programming-II\unibank_api\src\main\java\com\unibank\api\customers\CustomerService.java:29: error: cannot find symbol
        customer.setEmail(request.getEmail());
                                 ^
  symbol:   method getEmail()
  location: variable request of type CustomerCreateDTO
C:\Users\EbrimaMbye\Desktop\A_Teaching\lima-final-programming-II\unibank_api\src\main\java\com\unibank\api\customers\CustomerService.java:30: error: cannot find symbol
        customer.setAddress(request.getAddress());
                                   ^
  symbol:   method getAddress()
  location: variable request of type CustomerCreateDTO
C:\Users\EbrimaMbye\Desktop\A_Teaching\lima-final-programming-II\unibank_api\src\main\java\com\unibank\api\customers\CustomerService.java:31: error: cannot find symbol
        customer.setNationalId(request.getNationalId());
                                      ^
  symbol:   method getNationalId()
  location: variable request of type CustomerCreateDTO
C:\Users\EbrimaMbye\Desktop\A_Teaching\lima-final-programming-II\unibank_api\src\main\java\com\unibank\api\customers\CustomerService.java:57: error: cannot find symbol
        customer.setFullName(request.getFullName());
                                    ^
  symbol:   method getFullName()
  location: variable request of type CustomerUpdateDTO
C:\Users\EbrimaMbye\Desktop\A_Teaching\lima-final-programming-II\unibank_api\src\main\java\com\unibank\api\customers\CustomerService.java:58: error: cannot find symbol
        customer.setDob(request.getDob());
                               ^
  symbol:   method getDob()
  location: variable request of type CustomerUpdateDTO
C:\Users\EbrimaMbye\Desktop\A_Teaching\lima-final-programming-II\unibank_api\src\main\java\com\unibank\api\customers\CustomerService.java:59: error: cannot find symbol
        customer.setPhoneNumber(request.getPhoneNumber());
                                       ^
  symbol:   method getPhoneNumber()
  location: variable request of type CustomerUpdateDTO
C:\Users\EbrimaMbye\Desktop\A_Teaching\lima-final-programming-II\unibank_api\src\main\java\com\unibank\api\customers\CustomerService.java:60: error: cannot find symbol
        customer.setEmail(request.getEmail());
                                 ^
  symbol:   method getEmail()
  location: variable request of type CustomerUpdateDTO
C:\Users\EbrimaMbye\Desktop\A_Teaching\lima-final-programming-II\unibank_api\src\main\java\com\unibank\api\customers\CustomerService.java:61: error: cannot find symbol
        customer.setAddress(request.getAddress());
                                   ^
  symbol:   method getAddress()
  location: variable request of type CustomerUpdateDTO
C:\Users\EbrimaMbye\Desktop\A_Teaching\lima-final-programming-II\unibank_api\src\main\java\com\unibank\api\customers\CustomerService.java:62: error: cannot find symbol
        customer.setNationalId(request.getNationalId());
                                      ^
  symbol:   method getNationalId()
  location: variable request of type CustomerUpdateDTO
C:\Users\EbrimaMbye\Desktop\A_Teaching\lima-final-programming-II\unibank_api\src\main\java\com\unibank\api\customers\CustomerService.java:72: error: cannot find symbol
        customer.setStatus(BaseEntity.Status.INACTIVE);
                ^
  symbol:   method setStatus(Status)
  location: variable customer of type Customer
C:\Users\EbrimaMbye\Desktop\A_Teaching\lima-final-programming-II\unibank_api\src\main\java\com\unibank\api\reports\ReportService.java:38: error: invalid method reference
        Double transactionTotal = transactionRepository.findAll().stream().map(Transaction::getAmount)
                                                                               ^
  cannot find symbol
    symbol:   method getAmount()
    location: class Transaction
C:\Users\EbrimaMbye\Desktop\A_Teaching\lima-final-programming-II\unibank_api\src\main\java\com\unibank\api\reports\ReportService.java:41: error: cannot find symbol
        return DashboardResponseDTO.builder()
                                   ^
  symbol:   method builder()
  location: class DashboardResponseDTO
C:\Users\EbrimaMbye\Desktop\A_Teaching\lima-final-programming-II\unibank_api\src\main\java\com\unibank\api\transactions\Transaction.java:36: error: cannot find symbol
        dto.setUuid(getUuid());
                    ^
  symbol:   method getUuid()
  location: class Transaction
C:\Users\EbrimaMbye\Desktop\A_Teaching\lima-final-programming-II\unibank_api\src\main\java\com\unibank\api\transactions\Transaction.java:37: error: cannot find symbol
        dto.setAccount(account.toResponseDTO());
           ^
  symbol:   method setAccount(AccountResponseDTO)
  location: variable dto of type TransactionResponseDTO
C:\Users\EbrimaMbye\Desktop\A_Teaching\lima-final-programming-II\unibank_api\src\main\java\com\unibank\api\transactions\Transaction.java:38: error: cannot find symbol
        dto.setTransactionType(transactionType.getTransactionType());
                                              ^
  symbol:   method getTransactionType()
  location: variable transactionType of type TransactionType
C:\Users\EbrimaMbye\Desktop\A_Teaching\lima-final-programming-II\unibank_api\src\main\java\com\unibank\api\transactions\Transaction.java:39: error: cannot find symbol
        dto.setAmount(amount);
           ^
  symbol:   method setAmount(Double)
  location: variable dto of type TransactionResponseDTO
C:\Users\EbrimaMbye\Desktop\A_Teaching\lima-final-programming-II\unibank_api\src\main\java\com\unibank\api\transactions\Transaction.java:40: error: cannot find symbol
        dto.setPerformedBy(performedBy != null ? performedBy.toUserResponseDTO() : null);
           ^
  symbol:   method setPerformedBy(performedB[...] null)
  location: variable dto of type TransactionResponseDTO
C:\Users\EbrimaMbye\Desktop\A_Teaching\lima-final-programming-II\unibank_api\src\main\java\com\unibank\api\transactions\Transaction.java:41: error: cannot find symbol
        dto.setStatus(getStatus());
                      ^
  symbol:   method getStatus()
  location: class Transaction
C:\Users\EbrimaMbye\Desktop\A_Teaching\lima-final-programming-II\unibank_api\src\main\java\com\unibank\api\transactions\Transaction.java:42: error: cannot find symbol
        dto.setCreatedAt(getCreatedAt());
                         ^
  symbol:   method getCreatedAt()
  location: class Transaction
C:\Users\EbrimaMbye\Desktop\A_Teaching\lima-final-programming-II\unibank_api\src\main\java\com\unibank\api\transactions\Transaction.java:43: error: cannot find symbol
        dto.setUpdatedAt(getUpdatedAt());
                         ^
  symbol:   method getUpdatedAt()
  location: class Transaction
C:\Users\EbrimaMbye\Desktop\A_Teaching\lima-final-programming-II\unibank_api\src\main\java\com\unibank\api\transactions\TransactionType.java:24: error: cannot find symbol
        responseDTO.setUuid(getUuid());
                            ^
  symbol:   method getUuid()
  location: class TransactionType
C:\Users\EbrimaMbye\Desktop\A_Teaching\lima-final-programming-II\unibank_api\src\main\java\com\unibank\api\transactions\TransactionType.java:25: error: cannot find symbol
        responseDTO.setTransactionType(getTransactionType());
                                       ^
  symbol:   method getTransactionType()
  location: class TransactionType
C:\Users\EbrimaMbye\Desktop\A_Teaching\lima-final-programming-II\unibank_api\src\main\java\com\unibank\api\transactions\TransactionType.java:26: error: cannot find symbol
        responseDTO.setStatus(getStatus());
                              ^
  symbol:   method getStatus()
  location: class TransactionType
C:\Users\EbrimaMbye\Desktop\A_Teaching\lima-final-programming-II\unibank_api\src\main\java\com\unibank\api\transactions\TransactionType.java:27: error: cannot find symbol
        responseDTO.setCreatedAt(getCreatedAt());
                                 ^
  symbol:   method getCreatedAt()
  location: class TransactionType
C:\Users\EbrimaMbye\Desktop\A_Teaching\lima-final-programming-II\unibank_api\src\main\java\com\unibank\api\transactions\TransactionType.java:28: error: cannot find symbol
        responseDTO.setUpdatedAt(getUpdatedAt());
                                 ^
  symbol:   method getUpdatedAt()
  location: class TransactionType
C:\Users\EbrimaMbye\Desktop\A_Teaching\lima-final-programming-II\unibank_api\src\main\java\com\unibank\api\seeders\AccountTypeSeederServiceService.java:21: error: cannot find symbol
                type.setType(eType);
                    ^
  symbol:   method setType(EAccountType)
  location: variable type of type AccountType
C:\Users\EbrimaMbye\Desktop\A_Teaching\lima-final-programming-II\unibank_api\src\main\java\com\unibank\api\seeders\AdminUserSeederService.java:29: error: cannot find symbol
            admin.setFirstName("Admin");
                 ^
  symbol:   method setFirstName(String)
  location: variable admin of type User
C:\Users\EbrimaMbye\Desktop\A_Teaching\lima-final-programming-II\unibank_api\src\main\java\com\unibank\api\seeders\AdminUserSeederService.java:30: error: cannot find symbol
            admin.setLastName("Admin");
                 ^
  symbol:   method setLastName(String)
  location: variable admin of type User
C:\Users\EbrimaMbye\Desktop\A_Teaching\lima-final-programming-II\unibank_api\src\main\java\com\unibank\api\seeders\AdminUserSeederService.java:31: error: cannot find symbol
            admin.setUsername("admin");
                 ^
  symbol:   method setUsername(String)
  location: variable admin of type User
C:\Users\EbrimaMbye\Desktop\A_Teaching\lima-final-programming-II\unibank_api\src\main\java\com\unibank\api\seeders\AdminUserSeederService.java:32: error: cannot find symbol
            admin.setEmail("admin@unibank.com");
                 ^
  symbol:   method setEmail(String)
  location: variable admin of type User
C:\Users\EbrimaMbye\Desktop\A_Teaching\lima-final-programming-II\unibank_api\src\main\java\com\unibank\api\seeders\AdminUserSeederService.java:33: error: cannot find symbol
            admin.setPassword(passwordEncoder.encode("Pass@123"));
                 ^
  symbol:   method setPassword(String)
  location: variable admin of type User
C:\Users\EbrimaMbye\Desktop\A_Teaching\lima-final-programming-II\unibank_api\src\main\java\com\unibank\api\seeders\AdminUserSeederService.java:34: error: cannot find symbol
            admin.setRoles(Set.of(roleRepository.findByName(ERole.ROLE_ADMIN)
                 ^
  symbol:   method setRoles(Set<Role>)
  location: variable admin of type User
C:\Users\EbrimaMbye\Desktop\A_Teaching\lima-final-programming-II\unibank_api\src\main\java\com\unibank\api\seeders\RoleSeederServiceService.java:21: error: cannot find symbol
                role.setName(eRole);
                    ^
  symbol:   method setName(ERole)
  location: variable role of type Role
C:\Users\EbrimaMbye\Desktop\A_Teaching\lima-final-programming-II\unibank_api\src\main\java\com\unibank\api\seeders\TransactionTypeSeederServiceService.java:24: error: cannot find symbol
                transactionType.setTransactionType(eTransactionType);
                               ^
  symbol:   method setTransactionType(ETransactionType)
  location: variable transactionType of type TransactionType
C:\Users\EbrimaMbye\Desktop\A_Teaching\lima-final-programming-II\unibank_api\src\main\java\com\unibank\api\transactions\TransactionService.java:43: error: cannot find symbol
        Account account = accountRepository.findById(request.getAccountId())
                                                            ^
  symbol:   method getAccountId()
  location: variable request of type TransactionCreateDTO
C:\Users\EbrimaMbye\Desktop\A_Teaching\lima-final-programming-II\unibank_api\src\main\java\com\unibank\api\transactions\TransactionService.java:47: error: cannot find symbol
                .findById(request.getTransactionTypeId())
                                 ^
  symbol:   method getTransactionTypeId()
  location: variable request of type TransactionCreateDTO
C:\Users\EbrimaMbye\Desktop\A_Teaching\lima-final-programming-II\unibank_api\src\main\java\com\unibank\api\transactions\TransactionService.java:50: error: cannot find symbol
        User user = request.getPerformedBy() != null
                           ^
  symbol:   method getPerformedBy()
  location: variable request of type TransactionCreateDTO
C:\Users\EbrimaMbye\Desktop\A_Teaching\lima-final-programming-II\unibank_api\src\main\java\com\unibank\api\transactions\TransactionService.java:51: error: cannot find symbol
                ? userRepository.findById(request.getPerformedBy())
                                                 ^
  symbol:   method getPerformedBy()
  location: variable request of type TransactionCreateDTO
C:\Users\EbrimaMbye\Desktop\A_Teaching\lima-final-programming-II\unibank_api\src\main\java\com\unibank\api\transactions\TransactionService.java:55: error: cannot find symbol
        validateAndApplyBalance(account, transactionType, request.getAmount());
                                                                 ^
  symbol:   method getAmount()
  location: variable request of type TransactionCreateDTO
C:\Users\EbrimaMbye\Desktop\A_Teaching\lima-final-programming-II\unibank_api\src\main\java\com\unibank\api\transactions\TransactionService.java:58: error: cannot find symbol
        transaction.setAccount(account);
                   ^
  symbol:   method setAccount(Account)
  location: variable transaction of type Transaction
C:\Users\EbrimaMbye\Desktop\A_Teaching\lima-final-programming-II\unibank_api\src\main\java\com\unibank\api\transactions\TransactionService.java:59: error: cannot find symbol
        transaction.setTransactionType(transactionType);
                   ^
  symbol:   method setTransactionType(TransactionType)
  location: variable transaction of type Transaction
100 errors
only showing the first 100 errors, of 122 total; use -Xmaxerrs if you would like to see more.
2026.01.14 15:12:38 WARN  javac exited with exit code 1
2026.01.14 15:12:38 WARN  javac exited with exit code 1
2026.01.14 15:12:38 INFO  time: compiled unibank_api in 6.77s
2026.01.14 15:12:38 INFO  time: compiled unibank_api in 6.78s
Jan 14, 2026 3:13:35 PM org.eclipse.lsp4j.jsonrpc.RemoteEndpoint handleCancellation
WARNING: Unmatched cancel notification for request id 3
Jan 14, 2026 3:13:36 PM org.eclipse.lsp4j.jsonrpc.RemoteEndpoint handleCancellation
WARNING: Unmatched cancel notification for request id 9
Jan 14, 2026 3:13:36 PM org.eclipse.lsp4j.jsonrpc.RemoteEndpoint handleCancellation
WARNING: Unmatched cancel notification for request id 8
Jan 14, 2026 3:13:37 PM org.eclipse.lsp4j.jsonrpc.RemoteEndpoint handleCancellation
WARNING: Unmatched cancel notification for request id 12
Jan 14, 2026 3:13:37 PM org.eclipse.lsp4j.jsonrpc.RemoteEndpoint handleCancellation
WARNING: Unmatched cancel notification for request id 14
Jan 14, 2026 3:13:37 PM org.eclipse.lsp4j.jsonrpc.RemoteEndpoint handleCancellation
WARNING: Unmatched cancel notification for request id 11
Jan 14, 2026 3:13:38 PM org.eclipse.lsp4j.jsonrpc.RemoteEndpoint handleCancellation
WARNING: Unmatched cancel notification for request id 16
Jan 14, 2026 3:13:40 PM org.eclipse.lsp4j.jsonrpc.RemoteEndpoint handleCancellation
WARNING: Unmatched cancel notification for request id 21
Jan 14, 2026 3:13:40 PM org.eclipse.lsp4j.jsonrpc.RemoteEndpoint handleCancellation
WARNING: Unmatched cancel notification for request id 23
Jan 14, 2026 3:13:53 PM org.eclipse.lsp4j.jsonrpc.RemoteEndpoint handleCancellation
WARNING: Unmatched cancel notification for request id 28
Jan 14, 2026 3:13:54 PM org.eclipse.lsp4j.jsonrpc.RemoteEndpoint handleCancellation
WARNING: Unmatched cancel notification for request id 30
Jan 14, 2026 3:13:54 PM org.eclipse.lsp4j.jsonrpc.RemoteEndpoint handleCancellation
WARNING: Unmatched cancel notification for request id 31
Jan 14, 2026 3:13:54 PM org.eclipse.lsp4j.jsonrpc.RemoteEndpoint handleCancellation
WARNING: Unmatched cancel notification for request id 32
Jan 14, 2026 3:13:55 PM org.eclipse.lsp4j.jsonrpc.RemoteEndpoint handleCancellation
WARNING: Unmatched cancel notification for request id 33
Jan 14, 2026 3:13:55 PM org.eclipse.lsp4j.jsonrpc.RemoteEndpoint handleCancellation
WARNING: Unmatched cancel notification for request id 37
Jan 14, 2026 3:13:55 PM org.eclipse.lsp4j.jsonrpc.RemoteEndpoint handleCancellation
WARNING: Unmatched cancel notification for request id 38
2026.01.14 15:39:44 INFO  compiling unibank_api (66 java sources)
2026.01.14 15:39:44 INFO  Deduplicating compilation of unibank_api from bsp client 'Metals 1.6.4' (since 33m 5.46s)
2026.01.14 15:39:44 INFO  compiling unibank_api (66 java sources)
2026.01.14 15:40:04 WARN  Unexpected javac output: WARNING: A terminally deprecated method in sun.misc.Unsafe has been called
WARNING: sun.misc.Unsafe::arrayBaseOffset has been called by com.sourcegraph.shaded.com.google.protobuf.UnsafeUtil$MemoryAccessor (file:/C:/Users/EbrimaMbye/AppData/Local/bloop/cache/semanticdb/com.sourcegraph.semanticdb-javac.0.11.1/semanticdb-javac-0.11.1.jar)
WARNING: Please consider reporting this to the maintainers of class com.sourcegraph.shaded.com.google.protobuf.UnsafeUtil$MemoryAccessor
WARNING: sun.misc.Unsafe::arrayBaseOffset will be removed in a future release
C:\Users\EbrimaMbye\Desktop\A_Teaching\lima-final-programming-II\unibank_api\src\main\java\com\unibank\api\accounts\Account.java:31: error: cannot find symbol
        dto.setUuid(getUuid());
                    ^
  symbol:   method getUuid()
  location: class Account
C:\Users\EbrimaMbye\Desktop\A_Teaching\lima-final-programming-II\unibank_api\src\main\java\com\unibank\api\accounts\Account.java:32: error: cannot find symbol
        dto.setAccountNumber(accountNumber);
           ^
  symbol:   method setAccountNumber(Long)
  location: variable dto of type AccountResponseDTO
C:\Users\EbrimaMbye\Desktop\A_Teaching\lima-final-programming-II\unibank_api\src\main\java\com\unibank\api\accounts\Account.java:33: error: cannot find symbol
        dto.setBalance(balance);
           ^
  symbol:   method setBalance(Double)
  location: variable dto of type AccountResponseDTO
C:\Users\EbrimaMbye\Desktop\A_Teaching\lima-final-programming-II\unibank_api\src\main\java\com\unibank\api\accounts\Account.java:34: error: cannot find symbol
        dto.setCustomer(customer.toResponseDTO());
           ^
  symbol:   method setCustomer(CustomerResponseDTO)
  location: variable dto of type AccountResponseDTO
C:\Users\EbrimaMbye\Desktop\A_Teaching\lima-final-programming-II\unibank_api\src\main\java\com\unibank\api\accounts\Account.java:35: error: cannot find symbol
        dto.setAccountType(accountType.getType());
                                      ^
  symbol:   method getType()
  location: variable accountType of type AccountType
C:\Users\EbrimaMbye\Desktop\A_Teaching\lima-final-programming-II\unibank_api\src\main\java\com\unibank\api\accounts\Account.java:36: error: cannot find symbol
        dto.setStatus(getStatus());
                      ^
  symbol:   method getStatus()
  location: class Account
C:\Users\EbrimaMbye\Desktop\A_Teaching\lima-final-programming-II\unibank_api\src\main\java\com\unibank\api\accounts\Account.java:37: error: cannot find symbol
        dto.setCreatedAt(getCreatedAt());
                         ^
  symbol:   method getCreatedAt()
  location: class Account
C:\Users\EbrimaMbye\Desktop\A_Teaching\lima-final-programming-II\unibank_api\src\main\java\com\unibank\api\accounts\Account.java:38: error: cannot find symbol
        dto.setUpdatedAt(getUpdatedAt());
                         ^
  symbol:   method getUpdatedAt()
  location: class Account
C:\Users\EbrimaMbye\Desktop\A_Teaching\lima-final-programming-II\unibank_api\src\main\java\com\unibank\api\customers\Customer.java:34: error: cannot find symbol
        responseDTO.setUuid(getUuid());
                            ^
  symbol:   method getUuid()
  location: class Customer
C:\Users\EbrimaMbye\Desktop\A_Teaching\lima-final-programming-II\unibank_api\src\main\java\com\unibank\api\customers\Customer.java:35: error: cannot find symbol
        responseDTO.setFullName(getFullName());
                                ^
  symbol:   method getFullName()
  location: class Customer
C:\Users\EbrimaMbye\Desktop\A_Teaching\lima-final-programming-II\unibank_api\src\main\java\com\unibank\api\customers\Customer.java:36: error: cannot find symbol
        responseDTO.setDob(getDob());
                           ^
  symbol:   method getDob()
  location: class Customer
C:\Users\EbrimaMbye\Desktop\A_Teaching\lima-final-programming-II\unibank_api\src\main\java\com\unibank\api\customers\Customer.java:37: error: cannot find symbol
        responseDTO.setPhoneNumber(getPhoneNumber());
                                   ^
  symbol:   method getPhoneNumber()
  location: class Customer
C:\Users\EbrimaMbye\Desktop\A_Teaching\lima-final-programming-II\unibank_api\src\main\java\com\unibank\api\customers\Customer.java:38: error: cannot find symbol
        responseDTO.setEmail(getEmail());
                             ^
  symbol:   method getEmail()
  location: class Customer
C:\Users\EbrimaMbye\Desktop\A_Teaching\lima-final-programming-II\unibank_api\src\main\java\com\unibank\api\customers\Customer.java:39: error: cannot find symbol
        responseDTO.setAddress(getAddress());
                               ^
  symbol:   method getAddress()
  location: class Customer
C:\Users\EbrimaMbye\Desktop\A_Teaching\lima-final-programming-II\unibank_api\src\main\java\com\unibank\api\customers\Customer.java:40: error: cannot find symbol
        responseDTO.setNationalId(getNationalId());
                                  ^
  symbol:   method getNationalId()
  location: class Customer
C:\Users\EbrimaMbye\Desktop\A_Teaching\lima-final-programming-II\unibank_api\src\main\java\com\unibank\api\customers\Customer.java:41: error: cannot find symbol
        responseDTO.setCreatedAt(getCreatedAt());
                                 ^
  symbol:   method getCreatedAt()
  location: class Customer
C:\Users\EbrimaMbye\Desktop\A_Teaching\lima-final-programming-II\unibank_api\src\main\java\com\unibank\api\customers\Customer.java:42: error: cannot find symbol
        responseDTO.setUpdatedAt(getUpdatedAt());
                                 ^
  symbol:   method getUpdatedAt()
  location: class Customer
C:\Users\EbrimaMbye\Desktop\A_Teaching\lima-final-programming-II\unibank_api\src\main\java\com\unibank\api\customers\Customer.java:43: error: cannot find symbol
        responseDTO.setStatus(getStatus());
                              ^
  symbol:   method getStatus()
  location: class Customer
C:\Users\EbrimaMbye\Desktop\A_Teaching\lima-final-programming-II\unibank_api\src\main\java\com\unibank\api\accounts\AccountType.java:26: error: cannot find symbol
        responseDTO.setUuid(getUuid());
                            ^
  symbol:   method getUuid()
  location: class AccountType
C:\Users\EbrimaMbye\Desktop\A_Teaching\lima-final-programming-II\unibank_api\src\main\java\com\unibank\api\accounts\AccountType.java:27: error: cannot find symbol
        responseDTO.setType(getType());
                            ^
  symbol:   method getType()
  location: class AccountType
C:\Users\EbrimaMbye\Desktop\A_Teaching\lima-final-programming-II\unibank_api\src\main\java\com\unibank\api\accounts\AccountType.java:28: error: cannot find symbol
        responseDTO.setStatus(getStatus());
                              ^
  symbol:   method getStatus()
  location: class AccountType
C:\Users\EbrimaMbye\Desktop\A_Teaching\lima-final-programming-II\unibank_api\src\main\java\com\unibank\api\accounts\AccountType.java:29: error: cannot find symbol
        responseDTO.setCreatedAt(getCreatedAt());
                                 ^
  symbol:   method getCreatedAt()
  location: class AccountType
C:\Users\EbrimaMbye\Desktop\A_Teaching\lima-final-programming-II\unibank_api\src\main\java\com\unibank\api\accounts\AccountType.java:30: error: cannot find symbol
        responseDTO.setUpdatedAt(getUpdatedAt());
                                 ^
  symbol:   method getUpdatedAt()
  location: class AccountType
C:\Users\EbrimaMbye\Desktop\A_Teaching\lima-final-programming-II\unibank_api\src\main\java\com\unibank\api\accounts\AccountService.java:37: error: cannot find symbol
        Customer customer = customerRepository.findById(request.getCustomerId())
                                                               ^
  symbol:   method getCustomerId()
  location: variable request of type AccountCreateDTO
C:\Users\EbrimaMbye\Desktop\A_Teaching\lima-final-programming-II\unibank_api\src\main\java\com\unibank\api\accounts\AccountService.java:40: error: cannot find symbol
        AccountType accountType = accountTypeRepository.findById(request.getAccountTypeId())
                                                                        ^
  symbol:   method getAccountTypeId()
  location: variable request of type AccountCreateDTO
C:\Users\EbrimaMbye\Desktop\A_Teaching\lima-final-programming-II\unibank_api\src\main\java\com\unibank\api\accounts\AccountService.java:44: error: cannot find symbol
        account.setCustomer(customer);
               ^
  symbol:   method setCustomer(Customer)
  location: variable account of type Account
C:\Users\EbrimaMbye\Desktop\A_Teaching\lima-final-programming-II\unibank_api\src\main\java\com\unibank\api\accounts\AccountService.java:45: error: cannot find symbol
        account.setAccountType(accountType);
               ^
  symbol:   method setAccountType(AccountType)
  location: variable account of type Account
C:\Users\EbrimaMbye\Desktop\A_Teaching\lima-final-programming-II\unibank_api\src\main\java\com\unibank\api\accounts\AccountService.java:46: error: cannot find symbol
        account.setBalance(request.getInitialBalance());
                                  ^
  symbol:   method getInitialBalance()
  location: variable request of type AccountCreateDTO
C:\Users\EbrimaMbye\Desktop\A_Teaching\lima-final-programming-II\unibank_api\src\main\java\com\unibank\api\accounts\AccountService.java:47: error: cannot find symbol
        account.setAccountNumber(generateAccountNumber());
               ^
  symbol:   method setAccountNumber(Long)
  location: variable account of type Account
C:\Users\EbrimaMbye\Desktop\A_Teaching\lima-final-programming-II\unibank_api\src\main\java\com\unibank\api\accounts\AccountService.java:74: error: cannot find symbol
        AccountType accountType = accountTypeRepository.findById(request.getAccountTypeId())
                                                                        ^
  symbol:   method getAccountTypeId()
  location: variable request of type AccountUpdateDTO
C:\Users\EbrimaMbye\Desktop\A_Teaching\lima-final-programming-II\unibank_api\src\main\java\com\unibank\api\accounts\AccountService.java:77: error: cannot find symbol
        account.setAccountType(accountType);
               ^
  symbol:   method setAccountType(AccountType)
  location: variable account of type Account
C:\Users\EbrimaMbye\Desktop\A_Teaching\lima-final-programming-II\unibank_api\src\main\java\com\unibank\api\accounts\AccountService.java:87: error: cannot find symbol
        account.setStatus(BaseEntity.Status.INACTIVE);
               ^
  symbol:   method setStatus(Status)
  location: variable account of type Account
C:\Users\EbrimaMbye\Desktop\A_Teaching\lima-final-programming-II\unibank_api\src\main\java\com\unibank\api\advice\AuthenticationAdvice.java:19: error: cannot find symbol
        ApiErrorResponse response = ApiErrorResponse.builder()
                                                    ^
  symbol:   method builder()
  location: class ApiErrorResponse
C:\Users\EbrimaMbye\Desktop\A_Teaching\lima-final-programming-II\unibank_api\src\main\java\com\unibank\api\advice\AuthenticationAdvice.java:31: error: cannot find symbol
        ApiErrorResponse response = ApiErrorResponse.builder()
                                                    ^
  symbol:   method builder()
  location: class ApiErrorResponse
C:\Users\EbrimaMbye\Desktop\A_Teaching\lima-final-programming-II\unibank_api\src\main\java\com\unibank\api\advice\GlobalAdvice.java:28: error: cannot find symbol
        ApiErrorResponse response = ApiErrorResponse.builder()
                                                    ^
  symbol:   method builder()
  location: class ApiErrorResponse
C:\Users\EbrimaMbye\Desktop\A_Teaching\lima-final-programming-II\unibank_api\src\main\java\com\unibank\api\advice\GlobalAdvice.java:42: error: cannot find symbol
        ApiErrorResponse response = ApiErrorResponse.builder()
                                                    ^
  symbol:   method builder()
  location: class ApiErrorResponse
C:\Users\EbrimaMbye\Desktop\A_Teaching\lima-final-programming-II\unibank_api\src\main\java\com\unibank\api\configurations\jwt\JwtUtil.java:41: error: cannot find symbol
            log.debug("Token is null or empty");
            ^
  symbol:   variable log
  location: class JwtUtil
C:\Users\EbrimaMbye\Desktop\A_Teaching\lima-final-programming-II\unibank_api\src\main\java\com\unibank\api\configurations\jwt\JwtUtil.java:52: error: cannot find symbol
            log.warn("JWT token expired for token: {}", token.substring(0, Math.min(20, token.length())));
            ^
  symbol:   variable log
  location: class JwtUtil
C:\Users\EbrimaMbye\Desktop\A_Teaching\lima-final-programming-II\unibank_api\src\main\java\com\unibank\api\configurations\jwt\JwtUtil.java:54: error: cannot find symbol
            log.error("Invalid JWT token: {}", e.getMessage());
            ^
  symbol:   variable log
  location: class JwtUtil
C:\Users\EbrimaMbye\Desktop\A_Teaching\lima-final-programming-II\unibank_api\src\main\java\com\unibank\api\configurations\jwt\JwtUtil.java:56: error: cannot find symbol
            log.error("Unexpected error validating JWT: {}", e.getMessage(), e);
            ^
  symbol:   variable log
  location: class JwtUtil
C:\Users\EbrimaMbye\Desktop\A_Teaching\lima-final-programming-II\unibank_api\src\main\java\com\unibank\api\users\User.java:26: error: User is not abstract and does not override abstract method getUsername() in UserDetails
public class User extends BaseEntity implements UserDetails {
       ^
C:\Users\EbrimaMbye\Desktop\A_Teaching\lima-final-programming-II\unibank_api\src\main\java\com\unibank\api\users\User.java:43: error: cannot find symbol
        response.setUuid(getUuid());
                         ^
  symbol:   method getUuid()
  location: class User
C:\Users\EbrimaMbye\Desktop\A_Teaching\lima-final-programming-II\unibank_api\src\main\java\com\unibank\api\users\User.java:44: error: cannot find symbol
        response.setFirstName(firstName);
                ^
  symbol:   method setFirstName(String)
  location: variable response of type UserResponseDTO
C:\Users\EbrimaMbye\Desktop\A_Teaching\lima-final-programming-II\unibank_api\src\main\java\com\unibank\api\users\User.java:45: error: cannot find symbol
        response.setLastName(lastName);
                ^
  symbol:   method setLastName(String)
  location: variable response of type UserResponseDTO
C:\Users\EbrimaMbye\Desktop\A_Teaching\lima-final-programming-II\unibank_api\src\main\java\com\unibank\api\users\User.java:46: error: cannot find symbol
        response.setEmail(email);
                ^
  symbol:   method setEmail(String)
  location: variable response of type UserResponseDTO
C:\Users\EbrimaMbye\Desktop\A_Teaching\lima-final-programming-II\unibank_api\src\main\java\com\unibank\api\users\User.java:47: error: cannot find symbol
        response.setCreatedAt(getCreatedAt());
                              ^
  symbol:   method getCreatedAt()
  location: class User
C:\Users\EbrimaMbye\Desktop\A_Teaching\lima-final-programming-II\unibank_api\src\main\java\com\unibank\api\users\User.java:48: error: cannot find symbol
        response.setUpdatedAt(getUpdatedAt());
                              ^
  symbol:   method getUpdatedAt()
  location: class User
C:\Users\EbrimaMbye\Desktop\A_Teaching\lima-final-programming-II\unibank_api\src\main\java\com\unibank\api\users\User.java:49: error: cannot find symbol
        response.setUsername(username);
                ^
  symbol:   method setUsername(String)
  location: variable response of type UserResponseDTO
C:\Users\EbrimaMbye\Desktop\A_Teaching\lima-final-programming-II\unibank_api\src\main\java\com\unibank\api\users\User.java:50: error: cannot find symbol
        response.setRoles(getAuthorities().stream().map(GrantedAuthority::getAuthority).collect(Collectors.toSet()));
                ^
  symbol:   method setRoles(Set<String>)
  location: variable response of type UserResponseDTO
C:\Users\EbrimaMbye\Desktop\A_Teaching\lima-final-programming-II\unibank_api\src\main\java\com\unibank\api\users\User.java:51: error: cannot find symbol
        response.setStatus(getStatus());
                           ^
  symbol:   method getStatus()
  location: class User
C:\Users\EbrimaMbye\Desktop\A_Teaching\lima-final-programming-II\unibank_api\src\main\java\com\unibank\api\users\User.java:59: error: cannot find symbol
                .map(role -> new SimpleGrantedAuthority(role.getName().name()))
                                                            ^
  symbol:   method getName()
  location: variable role of type Role
C:\Users\EbrimaMbye\Desktop\A_Teaching\lima-final-programming-II\unibank_api\src\main\java\com\unibank\api\roles\Role.java:24: error: cannot find symbol
        responseDTO.setUuid(getUuid());
                            ^
  symbol:   method getUuid()
  location: class Role
C:\Users\EbrimaMbye\Desktop\A_Teaching\lima-final-programming-II\unibank_api\src\main\java\com\unibank\api\roles\Role.java:25: error: cannot find symbol
        responseDTO.setName(getName());
                            ^
  symbol:   method getName()
  location: class Role
C:\Users\EbrimaMbye\Desktop\A_Teaching\lima-final-programming-II\unibank_api\src\main\java\com\unibank\api\roles\Role.java:26: error: cannot find symbol
        responseDTO.setStatus(getStatus());
                              ^
  symbol:   method getStatus()
  location: class Role
C:\Users\EbrimaMbye\Desktop\A_Teaching\lima-final-programming-II\unibank_api\src\main\java\com\unibank\api\roles\Role.java:27: error: cannot find symbol
        responseDTO.setCreatedAt(getCreatedAt());
                                 ^
  symbol:   method getCreatedAt()
  location: class Role
C:\Users\EbrimaMbye\Desktop\A_Teaching\lima-final-programming-II\unibank_api\src\main\java\com\unibank\api\roles\Role.java:28: error: cannot find symbol
        responseDTO.setUpdatedAt(getUpdatedAt());
                                 ^
  symbol:   method getUpdatedAt()
  location: class Role
C:\Users\EbrimaMbye\Desktop\A_Teaching\lima-final-programming-II\unibank_api\src\main\java\com\unibank\api\customers\CustomerService.java:26: error: cannot find symbol
        customer.setFullName(request.getFullName());
                                    ^
  symbol:   method getFullName()
  location: variable request of type CustomerCreateDTO
C:\Users\EbrimaMbye\Desktop\A_Teaching\lima-final-programming-II\unibank_api\src\main\java\com\unibank\api\customers\CustomerService.java:27: error: cannot find symbol
        customer.setDob(request.getDob());
                               ^
  symbol:   method getDob()
  location: variable request of type CustomerCreateDTO
C:\Users\EbrimaMbye\Desktop\A_Teaching\lima-final-programming-II\unibank_api\src\main\java\com\unibank\api\customers\CustomerService.java:28: error: cannot find symbol
        customer.setPhoneNumber(request.getPhoneNumber());
                                       ^
  symbol:   method getPhoneNumber()
  location: variable request of type CustomerCreateDTO
C:\Users\EbrimaMbye\Desktop\A_Teaching\lima-final-programming-II\unibank_api\src\main\java\com\unibank\api\customers\CustomerService.java:29: error: cannot find symbol
        customer.setEmail(request.getEmail());
                                 ^
  symbol:   method getEmail()
  location: variable request of type CustomerCreateDTO
C:\Users\EbrimaMbye\Desktop\A_Teaching\lima-final-programming-II\unibank_api\src\main\java\com\unibank\api\customers\CustomerService.java:30: error: cannot find symbol
        customer.setAddress(request.getAddress());
                                   ^
  symbol:   method getAddress()
  location: variable request of type CustomerCreateDTO
C:\Users\EbrimaMbye\Desktop\A_Teaching\lima-final-programming-II\unibank_api\src\main\java\com\unibank\api\customers\CustomerService.java:31: error: cannot find symbol
        customer.setNationalId(request.getNationalId());
                                      ^
  symbol:   method getNationalId()
  location: variable request of type CustomerCreateDTO
C:\Users\EbrimaMbye\Desktop\A_Teaching\lima-final-programming-II\unibank_api\src\main\java\com\unibank\api\customers\CustomerService.java:57: error: cannot find symbol
        customer.setFullName(request.getFullName());
                                    ^
  symbol:   method getFullName()
  location: variable request of type CustomerUpdateDTO
C:\Users\EbrimaMbye\Desktop\A_Teaching\lima-final-programming-II\unibank_api\src\main\java\com\unibank\api\customers\CustomerService.java:58: error: cannot find symbol
        customer.setDob(request.getDob());
                               ^
  symbol:   method getDob()
  location: variable request of type CustomerUpdateDTO
C:\Users\EbrimaMbye\Desktop\A_Teaching\lima-final-programming-II\unibank_api\src\main\java\com\unibank\api\customers\CustomerService.java:59: error: cannot find symbol
        customer.setPhoneNumber(request.getPhoneNumber());
                                       ^
  symbol:   method getPhoneNumber()
  location: variable request of type CustomerUpdateDTO
C:\Users\EbrimaMbye\Desktop\A_Teaching\lima-final-programming-II\unibank_api\src\main\java\com\unibank\api\customers\CustomerService.java:60: error: cannot find symbol
        customer.setEmail(request.getEmail());
                                 ^
  symbol:   method getEmail()
  location: variable request of type CustomerUpdateDTO
C:\Users\EbrimaMbye\Desktop\A_Teaching\lima-final-programming-II\unibank_api\src\main\java\com\unibank\api\customers\CustomerService.java:61: error: cannot find symbol
        customer.setAddress(request.getAddress());
                                   ^
  symbol:   method getAddress()
  location: variable request of type CustomerUpdateDTO
C:\Users\EbrimaMbye\Desktop\A_Teaching\lima-final-programming-II\unibank_api\src\main\java\com\unibank\api\customers\CustomerService.java:62: error: cannot find symbol
        customer.setNationalId(request.getNationalId());
                                      ^
  symbol:   method getNationalId()
  location: variable request of type CustomerUpdateDTO
C:\Users\EbrimaMbye\Desktop\A_Teaching\lima-final-programming-II\unibank_api\src\main\java\com\unibank\api\customers\CustomerService.java:72: error: cannot find symbol
        customer.setStatus(BaseEntity.Status.INACTIVE);
                ^
  symbol:   method setStatus(Status)
  location: variable customer of type Customer
C:\Users\EbrimaMbye\Desktop\A_Teaching\lima-final-programming-II\unibank_api\src\main\java\com\unibank\api\reports\ReportService.java:38: error: invalid method reference
        Double transactionTotal = transactionRepository.findAll().stream().map(Transaction::getAmount)
                                                                               ^
  cannot find symbol
    symbol:   method getAmount()
    location: class Transaction
C:\Users\EbrimaMbye\Desktop\A_Teaching\lima-final-programming-II\unibank_api\src\main\java\com\unibank\api\reports\ReportService.java:41: error: cannot find symbol
        return DashboardResponseDTO.builder()
                                   ^
  symbol:   method builder()
  location: class DashboardResponseDTO
C:\Users\EbrimaMbye\Desktop\A_Teaching\lima-final-programming-II\unibank_api\src\main\java\com\unibank\api\transactions\Transaction.java:36: error: cannot find symbol
        dto.setUuid(getUuid());
                    ^
  symbol:   method getUuid()
  location: class Transaction
C:\Users\EbrimaMbye\Desktop\A_Teaching\lima-final-programming-II\unibank_api\src\main\java\com\unibank\api\transactions\Transaction.java:37: error: cannot find symbol
        dto.setAccount(account.toResponseDTO());
           ^
  symbol:   method setAccount(AccountResponseDTO)
  location: variable dto of type TransactionResponseDTO
C:\Users\EbrimaMbye\Desktop\A_Teaching\lima-final-programming-II\unibank_api\src\main\java\com\unibank\api\transactions\Transaction.java:38: error: cannot find symbol
        dto.setTransactionType(transactionType.getTransactionType());
                                              ^
  symbol:   method getTransactionType()
  location: variable transactionType of type TransactionType
C:\Users\EbrimaMbye\Desktop\A_Teaching\lima-final-programming-II\unibank_api\src\main\java\com\unibank\api\transactions\Transaction.java:39: error: cannot find symbol
        dto.setAmount(amount);
           ^
  symbol:   method setAmount(Double)
  location: variable dto of type TransactionResponseDTO
C:\Users\EbrimaMbye\Desktop\A_Teaching\lima-final-programming-II\unibank_api\src\main\java\com\unibank\api\transactions\Transaction.java:40: error: cannot find symbol
        dto.setPerformedBy(performedBy != null ? performedBy.toUserResponseDTO() : null);
           ^
  symbol:   method setPerformedBy(performedB[...] null)
  location: variable dto of type TransactionResponseDTO
C:\Users\EbrimaMbye\Desktop\A_Teaching\lima-final-programming-II\unibank_api\src\main\java\com\unibank\api\transactions\Transaction.java:41: error: cannot find symbol
        dto.setStatus(getStatus());
                      ^
  symbol:   method getStatus()
  location: class Transaction
C:\Users\EbrimaMbye\Desktop\A_Teaching\lima-final-programming-II\unibank_api\src\main\java\com\unibank\api\transactions\Transaction.java:42: error: cannot find symbol
        dto.setCreatedAt(getCreatedAt());
                         ^
  symbol:   method getCreatedAt()
  location: class Transaction
C:\Users\EbrimaMbye\Desktop\A_Teaching\lima-final-programming-II\unibank_api\src\main\java\com\unibank\api\transactions\Transaction.java:43: error: cannot find symbol
        dto.setUpdatedAt(getUpdatedAt());
                         ^
  symbol:   method getUpdatedAt()
  location: class Transaction
C:\Users\EbrimaMbye\Desktop\A_Teaching\lima-final-programming-II\unibank_api\src\main\java\com\unibank\api\transactions\TransactionType.java:24: error: cannot find symbol
        responseDTO.setUuid(getUuid());
                            ^
  symbol:   method getUuid()
  location: class TransactionType
C:\Users\EbrimaMbye\Desktop\A_Teaching\lima-final-programming-II\unibank_api\src\main\java\com\unibank\api\transactions\TransactionType.java:25: error: cannot find symbol
        responseDTO.setTransactionType(getTransactionType());
                                       ^
  symbol:   method getTransactionType()
  location: class TransactionType
C:\Users\EbrimaMbye\Desktop\A_Teaching\lima-final-programming-II\unibank_api\src\main\java\com\unibank\api\transactions\TransactionType.java:26: error: cannot find symbol
        responseDTO.setStatus(getStatus());
                              ^
  symbol:   method getStatus()
  location: class TransactionType
C:\Users\EbrimaMbye\Desktop\A_Teaching\lima-final-programming-II\unibank_api\src\main\java\com\unibank\api\transactions\TransactionType.java:27: error: cannot find symbol
        responseDTO.setCreatedAt(getCreatedAt());
                                 ^
  symbol:   method getCreatedAt()
  location: class TransactionType
C:\Users\EbrimaMbye\Desktop\A_Teaching\lima-final-programming-II\unibank_api\src\main\java\com\unibank\api\transactions\TransactionType.java:28: error: cannot find symbol
        responseDTO.setUpdatedAt(getUpdatedAt());
                                 ^
  symbol:   method getUpdatedAt()
  location: class TransactionType
C:\Users\EbrimaMbye\Desktop\A_Teaching\lima-final-programming-II\unibank_api\src\main\java\com\unibank\api\seeders\AccountTypeSeederServiceService.java:21: error: cannot find symbol
                type.setType(eType);
                    ^
  symbol:   method setType(EAccountType)
  location: variable type of type AccountType
C:\Users\EbrimaMbye\Desktop\A_Teaching\lima-final-programming-II\unibank_api\src\main\java\com\unibank\api\seeders\AdminUserSeederService.java:29: error: cannot find symbol
            admin.setFirstName("Admin");
                 ^
  symbol:   method setFirstName(String)
  location: variable admin of type User
C:\Users\EbrimaMbye\Desktop\A_Teaching\lima-final-programming-II\unibank_api\src\main\java\com\unibank\api\seeders\AdminUserSeederService.java:30: error: cannot find symbol
            admin.setLastName("Admin");
                 ^
  symbol:   method setLastName(String)
  location: variable admin of type User
C:\Users\EbrimaMbye\Desktop\A_Teaching\lima-final-programming-II\unibank_api\src\main\java\com\unibank\api\seeders\AdminUserSeederService.java:31: error: cannot find symbol
            admin.setUsername("admin");
                 ^
  symbol:   method setUsername(String)
  location: variable admin of type User
C:\Users\EbrimaMbye\Desktop\A_Teaching\lima-final-programming-II\unibank_api\src\main\java\com\unibank\api\seeders\AdminUserSeederService.java:32: error: cannot find symbol
            admin.setEmail("admin@unibank.com");
                 ^
  symbol:   method setEmail(String)
  location: variable admin of type User
C:\Users\EbrimaMbye\Desktop\A_Teaching\lima-final-programming-II\unibank_api\src\main\java\com\unibank\api\seeders\AdminUserSeederService.java:33: error: cannot find symbol
            admin.setPassword(passwordEncoder.encode("Pass@123"));
                 ^
  symbol:   method setPassword(String)
  location: variable admin of type User
C:\Users\EbrimaMbye\Desktop\A_Teaching\lima-final-programming-II\unibank_api\src\main\java\com\unibank\api\seeders\AdminUserSeederService.java:34: error: cannot find symbol
            admin.setRoles(Set.of(roleRepository.findByName(ERole.ROLE_ADMIN)
                 ^
  symbol:   method setRoles(Set<Role>)
  location: variable admin of type User
C:\Users\EbrimaMbye\Desktop\A_Teaching\lima-final-programming-II\unibank_api\src\main\java\com\unibank\api\seeders\RoleSeederServiceService.java:21: error: cannot find symbol
                role.setName(eRole);
                    ^
  symbol:   method setName(ERole)
  location: variable role of type Role
C:\Users\EbrimaMbye\Desktop\A_Teaching\lima-final-programming-II\unibank_api\src\main\java\com\unibank\api\seeders\TransactionTypeSeederServiceService.java:24: error: cannot find symbol
                transactionType.setTransactionType(eTransactionType);
                               ^
  symbol:   method setTransactionType(ETransactionType)
  location: variable transactionType of type TransactionType
C:\Users\EbrimaMbye\Desktop\A_Teaching\lima-final-programming-II\unibank_api\src\main\java\com\unibank\api\transactions\TransactionService.java:43: error: cannot find symbol
        Account account = accountRepository.findById(request.getAccountId())
                                                            ^
  symbol:   method getAccountId()
  location: variable request of type TransactionCreateDTO
C:\Users\EbrimaMbye\Desktop\A_Teaching\lima-final-programming-II\unibank_api\src\main\java\com\unibank\api\transactions\TransactionService.java:47: error: cannot find symbol
                .findById(request.getTransactionTypeId())
                                 ^
  symbol:   method getTransactionTypeId()
  location: variable request of type TransactionCreateDTO
C:\Users\EbrimaMbye\Desktop\A_Teaching\lima-final-programming-II\unibank_api\src\main\java\com\unibank\api\transactions\TransactionService.java:50: error: cannot find symbol
        User user = request.getPerformedBy() != null
                           ^
  symbol:   method getPerformedBy()
  location: variable request of type TransactionCreateDTO
C:\Users\EbrimaMbye\Desktop\A_Teaching\lima-final-programming-II\unibank_api\src\main\java\com\unibank\api\transactions\TransactionService.java:51: error: cannot find symbol
                ? userRepository.findById(request.getPerformedBy())
                                                 ^
  symbol:   method getPerformedBy()
  location: variable request of type TransactionCreateDTO
C:\Users\EbrimaMbye\Desktop\A_Teaching\lima-final-programming-II\unibank_api\src\main\java\com\unibank\api\transactions\TransactionService.java:55: error: cannot find symbol
        validateAndApplyBalance(account, transactionType, request.getAmount());
                                                                 ^
  symbol:   method getAmount()
  location: variable request of type TransactionCreateDTO
C:\Users\EbrimaMbye\Desktop\A_Teaching\lima-final-programming-II\unibank_api\src\main\java\com\unibank\api\transactions\TransactionService.java:58: error: cannot find symbol
        transaction.setAccount(account);
                   ^
  symbol:   method setAccount(Account)
  location: variable transaction of type Transaction
C:\Users\EbrimaMbye\Desktop\A_Teaching\lima-final-programming-II\unibank_api\src\main\java\com\unibank\api\transactions\TransactionService.java:59: error: cannot find symbol
        transaction.setTransactionType(transactionType);
                   ^
  symbol:   method setTransactionType(TransactionType)
  location: variable transaction of type Transaction
100 errors
only showing the first 100 errors, of 123 total; use -Xmaxerrs if you would like to see more.
2026.01.14 15:40:04 WARN  javac exited with exit code 1
2026.01.14 15:40:04 INFO  time: compiled unibank_api in 19s
2026.01.14 15:40:04 WARN  Unexpected javac output: WARNING: A terminally deprecated method in sun.misc.Unsafe has been called
WARNING: sun.misc.Unsafe::arrayBaseOffset has been called by com.sourcegraph.shaded.com.google.protobuf.UnsafeUtil$MemoryAccessor (file:/C:/Users/EbrimaMbye/AppData/Local/bloop/cache/semanticdb/com.sourcegraph.semanticdb-javac.0.11.1/semanticdb-javac-0.11.1.jar)
WARNING: Please consider reporting this to the maintainers of class com.sourcegraph.shaded.com.google.protobuf.UnsafeUtil$MemoryAccessor
WARNING: sun.misc.Unsafe::arrayBaseOffset will be removed in a future release
C:\Users\EbrimaMbye\Desktop\A_Teaching\lima-final-programming-II\unibank_api\src\main\java\com\unibank\api\accounts\Account.java:31: error: cannot find symbol
        dto.setUuid(getUuid());
                    ^
  symbol:   method getUuid()
  location: class Account
C:\Users\EbrimaMbye\Desktop\A_Teaching\lima-final-programming-II\unibank_api\src\main\java\com\unibank\api\accounts\Account.java:32: error: cannot find symbol
        dto.setAccountNumber(accountNumber);
           ^
  symbol:   method setAccountNumber(Long)
  location: variable dto of type AccountResponseDTO
C:\Users\EbrimaMbye\Desktop\A_Teaching\lima-final-programming-II\unibank_api\src\main\java\com\unibank\api\accounts\Account.java:33: error: cannot find symbol
        dto.setBalance(balance);
           ^
  symbol:   method setBalance(Double)
  location: variable dto of type AccountResponseDTO
C:\Users\EbrimaMbye\Desktop\A_Teaching\lima-final-programming-II\unibank_api\src\main\java\com\unibank\api\accounts\Account.java:34: error: cannot find symbol
        dto.setCustomer(customer.toResponseDTO());
           ^
  symbol:   method setCustomer(CustomerResponseDTO)
  location: variable dto of type AccountResponseDTO
C:\Users\EbrimaMbye\Desktop\A_Teaching\lima-final-programming-II\unibank_api\src\main\java\com\unibank\api\accounts\Account.java:35: error: cannot find symbol
        dto.setAccountType(accountType.getType());
                                      ^
  symbol:   method getType()
  location: variable accountType of type AccountType
C:\Users\EbrimaMbye\Desktop\A_Teaching\lima-final-programming-II\unibank_api\src\main\java\com\unibank\api\accounts\Account.java:36: error: cannot find symbol
        dto.setStatus(getStatus());
                      ^
  symbol:   method getStatus()
  location: class Account
C:\Users\EbrimaMbye\Desktop\A_Teaching\lima-final-programming-II\unibank_api\src\main\java\com\unibank\api\accounts\Account.java:37: error: cannot find symbol
        dto.setCreatedAt(getCreatedAt());
                         ^
  symbol:   method getCreatedAt()
  location: class Account
C:\Users\EbrimaMbye\Desktop\A_Teaching\lima-final-programming-II\unibank_api\src\main\java\com\unibank\api\accounts\Account.java:38: error: cannot find symbol
        dto.setUpdatedAt(getUpdatedAt());
                         ^
  symbol:   method getUpdatedAt()
  location: class Account
C:\Users\EbrimaMbye\Desktop\A_Teaching\lima-final-programming-II\unibank_api\src\main\java\com\unibank\api\customers\Customer.java:34: error: cannot find symbol
        responseDTO.setUuid(getUuid());
                            ^
  symbol:   method getUuid()
  location: class Customer
C:\Users\EbrimaMbye\Desktop\A_Teaching\lima-final-programming-II\unibank_api\src\main\java\com\unibank\api\customers\Customer.java:35: error: cannot find symbol
        responseDTO.setFullName(getFullName());
                                ^
  symbol:   method getFullName()
  location: class Customer
C:\Users\EbrimaMbye\Desktop\A_Teaching\lima-final-programming-II\unibank_api\src\main\java\com\unibank\api\customers\Customer.java:36: error: cannot find symbol
        responseDTO.setDob(getDob());
                           ^
  symbol:   method getDob()
  location: class Customer
C:\Users\EbrimaMbye\Desktop\A_Teaching\lima-final-programming-II\unibank_api\src\main\java\com\unibank\api\customers\Customer.java:37: error: cannot find symbol
        responseDTO.setPhoneNumber(getPhoneNumber());
                                   ^
  symbol:   method getPhoneNumber()
  location: class Customer
C:\Users\EbrimaMbye\Desktop\A_Teaching\lima-final-programming-II\unibank_api\src\main\java\com\unibank\api\customers\Customer.java:38: error: cannot find symbol
        responseDTO.setEmail(getEmail());
                             ^
  symbol:   method getEmail()
  location: class Customer
C:\Users\EbrimaMbye\Desktop\A_Teaching\lima-final-programming-II\unibank_api\src\main\java\com\unibank\api\customers\Customer.java:39: error: cannot find symbol
        responseDTO.setAddress(getAddress());
                               ^
  symbol:   method getAddress()
  location: class Customer
C:\Users\EbrimaMbye\Desktop\A_Teaching\lima-final-programming-II\unibank_api\src\main\java\com\unibank\api\customers\Customer.java:40: error: cannot find symbol
        responseDTO.setNationalId(getNationalId());
                                  ^
  symbol:   method getNationalId()
  location: class Customer
C:\Users\EbrimaMbye\Desktop\A_Teaching\lima-final-programming-II\unibank_api\src\main\java\com\unibank\api\customers\Customer.java:41: error: cannot find symbol
        responseDTO.setCreatedAt(getCreatedAt());
                                 ^
  symbol:   method getCreatedAt()
  location: class Customer
C:\Users\EbrimaMbye\Desktop\A_Teaching\lima-final-programming-II\unibank_api\src\main\java\com\unibank\api\customers\Customer.java:42: error: cannot find symbol
        responseDTO.setUpdatedAt(getUpdatedAt());
                                 ^
  symbol:   method getUpdatedAt()
  location: class Customer
C:\Users\EbrimaMbye\Desktop\A_Teaching\lima-final-programming-II\unibank_api\src\main\java\com\unibank\api\customers\Customer.java:43: error: cannot find symbol
        responseDTO.setStatus(getStatus());
                              ^
  symbol:   method getStatus()
  location: class Customer
C:\Users\EbrimaMbye\Desktop\A_Teaching\lima-final-programming-II\unibank_api\src\main\java\com\unibank\api\accounts\AccountType.java:26: error: cannot find symbol
        responseDTO.setUuid(getUuid());
                            ^
  symbol:   method getUuid()
  location: class AccountType
C:\Users\EbrimaMbye\Desktop\A_Teaching\lima-final-programming-II\unibank_api\src\main\java\com\unibank\api\accounts\AccountType.java:27: error: cannot find symbol
        responseDTO.setType(getType());
                            ^
  symbol:   method getType()
  location: class AccountType
C:\Users\EbrimaMbye\Desktop\A_Teaching\lima-final-programming-II\unibank_api\src\main\java\com\unibank\api\accounts\AccountType.java:28: error: cannot find symbol
        responseDTO.setStatus(getStatus());
                              ^
  symbol:   method getStatus()
  location: class AccountType
C:\Users\EbrimaMbye\Desktop\A_Teaching\lima-final-programming-II\unibank_api\src\main\java\com\unibank\api\accounts\AccountType.java:29: error: cannot find symbol
        responseDTO.setCreatedAt(getCreatedAt());
                                 ^
  symbol:   method getCreatedAt()
  location: class AccountType
C:\Users\EbrimaMbye\Desktop\A_Teaching\lima-final-programming-II\unibank_api\src\main\java\com\unibank\api\accounts\AccountType.java:30: error: cannot find symbol
        responseDTO.setUpdatedAt(getUpdatedAt());
                                 ^
  symbol:   method getUpdatedAt()
  location: class AccountType
C:\Users\EbrimaMbye\Desktop\A_Teaching\lima-final-programming-II\unibank_api\src\main\java\com\unibank\api\accounts\AccountService.java:37: error: cannot find symbol
        Customer customer = customerRepository.findById(request.getCustomerId())
                                                               ^
  symbol:   method getCustomerId()
  location: variable request of type AccountCreateDTO
C:\Users\EbrimaMbye\Desktop\A_Teaching\lima-final-programming-II\unibank_api\src\main\java\com\unibank\api\accounts\AccountService.java:40: error: cannot find symbol
        AccountType accountType = accountTypeRepository.findById(request.getAccountTypeId())
                                                                        ^
  symbol:   method getAccountTypeId()
  location: variable request of type AccountCreateDTO
C:\Users\EbrimaMbye\Desktop\A_Teaching\lima-final-programming-II\unibank_api\src\main\java\com\unibank\api\accounts\AccountService.java:44: error: cannot find symbol
        account.setCustomer(customer);
               ^
  symbol:   method setCustomer(Customer)
  location: variable account of type Account
C:\Users\EbrimaMbye\Desktop\A_Teaching\lima-final-programming-II\unibank_api\src\main\java\com\unibank\api\accounts\AccountService.java:45: error: cannot find symbol
        account.setAccountType(accountType);
               ^
  symbol:   method setAccountType(AccountType)
  location: variable account of type Account
C:\Users\EbrimaMbye\Desktop\A_Teaching\lima-final-programming-II\unibank_api\src\main\java\com\unibank\api\accounts\AccountService.java:46: error: cannot find symbol
        account.setBalance(request.getInitialBalance());
                                  ^
  symbol:   method getInitialBalance()
  location: variable request of type AccountCreateDTO
C:\Users\EbrimaMbye\Desktop\A_Teaching\lima-final-programming-II\unibank_api\src\main\java\com\unibank\api\accounts\AccountService.java:47: error: cannot find symbol
        account.setAccountNumber(generateAccountNumber());
               ^
  symbol:   method setAccountNumber(Long)
  location: variable account of type Account
C:\Users\EbrimaMbye\Desktop\A_Teaching\lima-final-programming-II\unibank_api\src\main\java\com\unibank\api\accounts\AccountService.java:74: error: cannot find symbol
        AccountType accountType = accountTypeRepository.findById(request.getAccountTypeId())
                                                                        ^
  symbol:   method getAccountTypeId()
  location: variable request of type AccountUpdateDTO
C:\Users\EbrimaMbye\Desktop\A_Teaching\lima-final-programming-II\unibank_api\src\main\java\com\unibank\api\accounts\AccountService.java:77: error: cannot find symbol
        account.setAccountType(accountType);
               ^
  symbol:   method setAccountType(AccountType)
  location: variable account of type Account
C:\Users\EbrimaMbye\Desktop\A_Teaching\lima-final-programming-II\unibank_api\src\main\java\com\unibank\api\accounts\AccountService.java:87: error: cannot find symbol
        account.setStatus(BaseEntity.Status.INACTIVE);
               ^
  symbol:   method setStatus(Status)
  location: variable account of type Account
C:\Users\EbrimaMbye\Desktop\A_Teaching\lima-final-programming-II\unibank_api\src\main\java\com\unibank\api\advice\AuthenticationAdvice.java:19: error: cannot find symbol
        ApiErrorResponse response = ApiErrorResponse.builder()
                                                    ^
  symbol:   method builder()
  location: class ApiErrorResponse
C:\Users\EbrimaMbye\Desktop\A_Teaching\lima-final-programming-II\unibank_api\src\main\java\com\unibank\api\advice\AuthenticationAdvice.java:31: error: cannot find symbol
        ApiErrorResponse response = ApiErrorResponse.builder()
                                                    ^
  symbol:   method builder()
  location: class ApiErrorResponse
C:\Users\EbrimaMbye\Desktop\A_Teaching\lima-final-programming-II\unibank_api\src\main\java\com\unibank\api\advice\GlobalAdvice.java:28: error: cannot find symbol
        ApiErrorResponse response = ApiErrorResponse.builder()
                                                    ^
  symbol:   method builder()
  location: class ApiErrorResponse
C:\Users\EbrimaMbye\Desktop\A_Teaching\lima-final-programming-II\unibank_api\src\main\java\com\unibank\api\advice\GlobalAdvice.java:42: error: cannot find symbol
        ApiErrorResponse response = ApiErrorResponse.builder()
                                                    ^
  symbol:   method builder()
  location: class ApiErrorResponse
C:\Users\EbrimaMbye\Desktop\A_Teaching\lima-final-programming-II\unibank_api\src\main\java\com\unibank\api\configurations\jwt\JwtUtil.java:41: error: cannot find symbol
            log.debug("Token is null or empty");
            ^
  symbol:   variable log
  location: class JwtUtil
C:\Users\EbrimaMbye\Desktop\A_Teaching\lima-final-programming-II\unibank_api\src\main\java\com\unibank\api\configurations\jwt\JwtUtil.java:52: error: cannot find symbol
            log.warn("JWT token expired for token: {}", token.substring(0, Math.min(20, token.length())));
            ^
  symbol:   variable log
  location: class JwtUtil
C:\Users\EbrimaMbye\Desktop\A_Teaching\lima-final-programming-II\unibank_api\src\main\java\com\unibank\api\configurations\jwt\JwtUtil.java:54: error: cannot find symbol
            log.error("Invalid JWT token: {}", e.getMessage());
            ^
  symbol:   variable log
  location: class JwtUtil
C:\Users\EbrimaMbye\Desktop\A_Teaching\lima-final-programming-II\unibank_api\src\main\java\com\unibank\api\configurations\jwt\JwtUtil.java:56: error: cannot find symbol
            log.error("Unexpected error validating JWT: {}", e.getMessage(), e);
            ^
  symbol:   variable log
  location: class JwtUtil
C:\Users\EbrimaMbye\Desktop\A_Teaching\lima-final-programming-II\unibank_api\src\main\java\com\unibank\api\users\User.java:26: error: User is not abstract and does not override abstract method getUsername() in UserDetails
public class User extends BaseEntity implements UserDetails {
       ^
C:\Users\EbrimaMbye\Desktop\A_Teaching\lima-final-programming-II\unibank_api\src\main\java\com\unibank\api\users\User.java:43: error: cannot find symbol
        response.setUuid(getUuid());
                         ^
  symbol:   method getUuid()
  location: class User
C:\Users\EbrimaMbye\Desktop\A_Teaching\lima-final-programming-II\unibank_api\src\main\java\com\unibank\api\users\User.java:44: error: cannot find symbol
        response.setFirstName(firstName);
                ^
  symbol:   method setFirstName(String)
  location: variable response of type UserResponseDTO
C:\Users\EbrimaMbye\Desktop\A_Teaching\lima-final-programming-II\unibank_api\src\main\java\com\unibank\api\users\User.java:45: error: cannot find symbol
        response.setLastName(lastName);
                ^
  symbol:   method setLastName(String)
  location: variable response of type UserResponseDTO
C:\Users\EbrimaMbye\Desktop\A_Teaching\lima-final-programming-II\unibank_api\src\main\java\com\unibank\api\users\User.java:46: error: cannot find symbol
        response.setEmail(email);
                ^
  symbol:   method setEmail(String)
  location: variable response of type UserResponseDTO
C:\Users\EbrimaMbye\Desktop\A_Teaching\lima-final-programming-II\unibank_api\src\main\java\com\unibank\api\users\User.java:47: error: cannot find symbol
        response.setCreatedAt(getCreatedAt());
                              ^
  symbol:   method getCreatedAt()
  location: class User
C:\Users\EbrimaMbye\Desktop\A_Teaching\lima-final-programming-II\unibank_api\src\main\java\com\unibank\api\users\User.java:48: error: cannot find symbol
        response.setUpdatedAt(getUpdatedAt());
                              ^
  symbol:   method getUpdatedAt()
  location: class User
C:\Users\EbrimaMbye\Desktop\A_Teaching\lima-final-programming-II\unibank_api\src\main\java\com\unibank\api\users\User.java:49: error: cannot find symbol
        response.setUsername(username);
                ^
  symbol:   method setUsername(String)
  location: variable response of type UserResponseDTO
C:\Users\EbrimaMbye\Desktop\A_Teaching\lima-final-programming-II\unibank_api\src\main\java\com\unibank\api\users\User.java:50: error: cannot find symbol
        response.setRoles(getAuthorities().stream().map(GrantedAuthority::getAuthority).collect(Collectors.toSet()));
                ^
  symbol:   method setRoles(Set<String>)
  location: variable response of type UserResponseDTO
C:\Users\EbrimaMbye\Desktop\A_Teaching\lima-final-programming-II\unibank_api\src\main\java\com\unibank\api\users\User.java:51: error: cannot find symbol
        response.setStatus(getStatus());
                           ^
  symbol:   method getStatus()
  location: class User
C:\Users\EbrimaMbye\Desktop\A_Teaching\lima-final-programming-II\unibank_api\src\main\java\com\unibank\api\users\User.java:59: error: cannot find symbol
                .map(role -> new SimpleGrantedAuthority(role.getName().name()))
                                                            ^
  symbol:   method getName()
  location: variable role of type Role
C:\Users\EbrimaMbye\Desktop\A_Teaching\lima-final-programming-II\unibank_api\src\main\java\com\unibank\api\roles\Role.java:24: error: cannot find symbol
        responseDTO.setUuid(getUuid());
                            ^
  symbol:   method getUuid()
  location: class Role
C:\Users\EbrimaMbye\Desktop\A_Teaching\lima-final-programming-II\unibank_api\src\main\java\com\unibank\api\roles\Role.java:25: error: cannot find symbol
        responseDTO.setName(getName());
                            ^
  symbol:   method getName()
  location: class Role
C:\Users\EbrimaMbye\Desktop\A_Teaching\lima-final-programming-II\unibank_api\src\main\java\com\unibank\api\roles\Role.java:26: error: cannot find symbol
        responseDTO.setStatus(getStatus());
                              ^
  symbol:   method getStatus()
  location: class Role
C:\Users\EbrimaMbye\Desktop\A_Teaching\lima-final-programming-II\unibank_api\src\main\java\com\unibank\api\roles\Role.java:27: error: cannot find symbol
        responseDTO.setCreatedAt(getCreatedAt());
                                 ^
  symbol:   method getCreatedAt()
  location: class Role
C:\Users\EbrimaMbye\Desktop\A_Teaching\lima-final-programming-II\unibank_api\src\main\java\com\unibank\api\roles\Role.java:28: error: cannot find symbol
        responseDTO.setUpdatedAt(getUpdatedAt());
                                 ^
  symbol:   method getUpdatedAt()
  location: class Role
C:\Users\EbrimaMbye\Desktop\A_Teaching\lima-final-programming-II\unibank_api\src\main\java\com\unibank\api\customers\CustomerService.java:26: error: cannot find symbol
        customer.setFullName(request.getFullName());
                                    ^
  symbol:   method getFullName()
  location: variable request of type CustomerCreateDTO
C:\Users\EbrimaMbye\Desktop\A_Teaching\lima-final-programming-II\unibank_api\src\main\java\com\unibank\api\customers\CustomerService.java:27: error: cannot find symbol
        customer.setDob(request.getDob());
                               ^
  symbol:   method getDob()
  location: variable request of type CustomerCreateDTO
C:\Users\EbrimaMbye\Desktop\A_Teaching\lima-final-programming-II\unibank_api\src\main\java\com\unibank\api\customers\CustomerService.java:28: error: cannot find symbol
        customer.setPhoneNumber(request.getPhoneNumber());
                                       ^
  symbol:   method getPhoneNumber()
  location: variable request of type CustomerCreateDTO
C:\Users\EbrimaMbye\Desktop\A_Teaching\lima-final-programming-II\unibank_api\src\main\java\com\unibank\api\customers\CustomerService.java:29: error: cannot find symbol
        customer.setEmail(request.getEmail());
                                 ^
  symbol:   method getEmail()
  location: variable request of type CustomerCreateDTO
C:\Users\EbrimaMbye\Desktop\A_Teaching\lima-final-programming-II\unibank_api\src\main\java\com\unibank\api\customers\CustomerService.java:30: error: cannot find symbol
        customer.setAddress(request.getAddress());
                                   ^
  symbol:   method getAddress()
  location: variable request of type CustomerCreateDTO
C:\Users\EbrimaMbye\Desktop\A_Teaching\lima-final-programming-II\unibank_api\src\main\java\com\unibank\api\customers\CustomerService.java:31: error: cannot find symbol
        customer.setNationalId(request.getNationalId());
                                      ^
  symbol:   method getNationalId()
  location: variable request of type CustomerCreateDTO
C:\Users\EbrimaMbye\Desktop\A_Teaching\lima-final-programming-II\unibank_api\src\main\java\com\unibank\api\customers\CustomerService.java:57: error: cannot find symbol
        customer.setFullName(request.getFullName());
                                    ^
  symbol:   method getFullName()
  location: variable request of type CustomerUpdateDTO
C:\Users\EbrimaMbye\Desktop\A_Teaching\lima-final-programming-II\unibank_api\src\main\java\com\unibank\api\customers\CustomerService.java:58: error: cannot find symbol
        customer.setDob(request.getDob());
                               ^
  symbol:   method getDob()
  location: variable request of type CustomerUpdateDTO
C:\Users\EbrimaMbye\Desktop\A_Teaching\lima-final-programming-II\unibank_api\src\main\java\com\unibank\api\customers\CustomerService.java:59: error: cannot find symbol
        customer.setPhoneNumber(request.getPhoneNumber());
                                       ^
  symbol:   method getPhoneNumber()
  location: variable request of type CustomerUpdateDTO
C:\Users\EbrimaMbye\Desktop\A_Teaching\lima-final-programming-II\unibank_api\src\main\java\com\unibank\api\customers\CustomerService.java:60: error: cannot find symbol
        customer.setEmail(request.getEmail());
                                 ^
  symbol:   method getEmail()
  location: variable request of type CustomerUpdateDTO
C:\Users\EbrimaMbye\Desktop\A_Teaching\lima-final-programming-II\unibank_api\src\main\java\com\unibank\api\customers\CustomerService.java:61: error: cannot find symbol
        customer.setAddress(request.getAddress());
                                   ^
  symbol:   method getAddress()
  location: variable request of type CustomerUpdateDTO
C:\Users\EbrimaMbye\Desktop\A_Teaching\lima-final-programming-II\unibank_api\src\main\java\com\unibank\api\customers\CustomerService.java:62: error: cannot find symbol
        customer.setNationalId(request.getNationalId());
                                      ^
  symbol:   method getNationalId()
  location: variable request of type CustomerUpdateDTO
C:\Users\EbrimaMbye\Desktop\A_Teaching\lima-final-programming-II\unibank_api\src\main\java\com\unibank\api\customers\CustomerService.java:72: error: cannot find symbol
        customer.setStatus(BaseEntity.Status.INACTIVE);
                ^
  symbol:   method setStatus(Status)
  location: variable customer of type Customer
C:\Users\EbrimaMbye\Desktop\A_Teaching\lima-final-programming-II\unibank_api\src\main\java\com\unibank\api\reports\ReportService.java:38: error: invalid method reference
        Double transactionTotal = transactionRepository.findAll().stream().map(Transaction::getAmount)
                                                                               ^
  cannot find symbol
    symbol:   method getAmount()
    location: class Transaction
C:\Users\EbrimaMbye\Desktop\A_Teaching\lima-final-programming-II\unibank_api\src\main\java\com\unibank\api\reports\ReportService.java:41: error: cannot find symbol
        return DashboardResponseDTO.builder()
                                   ^
  symbol:   method builder()
  location: class DashboardResponseDTO
C:\Users\EbrimaMbye\Desktop\A_Teaching\lima-final-programming-II\unibank_api\src\main\java\com\unibank\api\transactions\Transaction.java:36: error: cannot find symbol
        dto.setUuid(getUuid());
                    ^
  symbol:   method getUuid()
  location: class Transaction
C:\Users\EbrimaMbye\Desktop\A_Teaching\lima-final-programming-II\unibank_api\src\main\java\com\unibank\api\transactions\Transaction.java:37: error: cannot find symbol
        dto.setAccount(account.toResponseDTO());
           ^
  symbol:   method setAccount(AccountResponseDTO)
  location: variable dto of type TransactionResponseDTO
C:\Users\EbrimaMbye\Desktop\A_Teaching\lima-final-programming-II\unibank_api\src\main\java\com\unibank\api\transactions\Transaction.java:38: error: cannot find symbol
        dto.setTransactionType(transactionType.getTransactionType());
                                              ^
  symbol:   method getTransactionType()
  location: variable transactionType of type TransactionType
C:\Users\EbrimaMbye\Desktop\A_Teaching\lima-final-programming-II\unibank_api\src\main\java\com\unibank\api\transactions\Transaction.java:39: error: cannot find symbol
        dto.setAmount(amount);
           ^
  symbol:   method setAmount(Double)
  location: variable dto of type TransactionResponseDTO
C:\Users\EbrimaMbye\Desktop\A_Teaching\lima-final-programming-II\unibank_api\src\main\java\com\unibank\api\transactions\Transaction.java:40: error: cannot find symbol
        dto.setPerformedBy(performedBy != null ? performedBy.toUserResponseDTO() : null);
           ^
  symbol:   method setPerformedBy(performedB[...] null)
  location: variable dto of type TransactionResponseDTO
C:\Users\EbrimaMbye\Desktop\A_Teaching\lima-final-programming-II\unibank_api\src\main\java\com\unibank\api\transactions\Transaction.java:41: error: cannot find symbol
        dto.setStatus(getStatus());
                      ^
  symbol:   method getStatus()
  location: class Transaction
C:\Users\EbrimaMbye\Desktop\A_Teaching\lima-final-programming-II\unibank_api\src\main\java\com\unibank\api\transactions\Transaction.java:42: error: cannot find symbol
        dto.setCreatedAt(getCreatedAt());
                         ^
  symbol:   method getCreatedAt()
  location: class Transaction
C:\Users\EbrimaMbye\Desktop\A_Teaching\lima-final-programming-II\unibank_api\src\main\java\com\unibank\api\transactions\Transaction.java:43: error: cannot find symbol
        dto.setUpdatedAt(getUpdatedAt());
                         ^
  symbol:   method getUpdatedAt()
  location: class Transaction
C:\Users\EbrimaMbye\Desktop\A_Teaching\lima-final-programming-II\unibank_api\src\main\java\com\unibank\api\transactions\TransactionType.java:24: error: cannot find symbol
        responseDTO.setUuid(getUuid());
                            ^
  symbol:   method getUuid()
  location: class TransactionType
C:\Users\EbrimaMbye\Desktop\A_Teaching\lima-final-programming-II\unibank_api\src\main\java\com\unibank\api\transactions\TransactionType.java:25: error: cannot find symbol
        responseDTO.setTransactionType(getTransactionType());
                                       ^
  symbol:   method getTransactionType()
  location: class TransactionType
C:\Users\EbrimaMbye\Desktop\A_Teaching\lima-final-programming-II\unibank_api\src\main\java\com\unibank\api\transactions\TransactionType.java:26: error: cannot find symbol
        responseDTO.setStatus(getStatus());
                              ^
  symbol:   method getStatus()
  location: class TransactionType
C:\Users\EbrimaMbye\Desktop\A_Teaching\lima-final-programming-II\unibank_api\src\main\java\com\unibank\api\transactions\TransactionType.java:27: error: cannot find symbol
        responseDTO.setCreatedAt(getCreatedAt());
                                 ^
  symbol:   method getCreatedAt()
  location: class TransactionType
C:\Users\EbrimaMbye\Desktop\A_Teaching\lima-final-programming-II\unibank_api\src\main\java\com\unibank\api\transactions\TransactionType.java:28: error: cannot find symbol
        responseDTO.setUpdatedAt(getUpdatedAt());
                                 ^
  symbol:   method getUpdatedAt()
  location: class TransactionType
C:\Users\EbrimaMbye\Desktop\A_Teaching\lima-final-programming-II\unibank_api\src\main\java\com\unibank\api\seeders\AccountTypeSeederServiceService.java:21: error: cannot find symbol
                type.setType(eType);
                    ^
  symbol:   method setType(EAccountType)
  location: variable type of type AccountType
C:\Users\EbrimaMbye\Desktop\A_Teaching\lima-final-programming-II\unibank_api\src\main\java\com\unibank\api\seeders\AdminUserSeederService.java:29: error: cannot find symbol
            admin.setFirstName("Admin");
                 ^
  symbol:   method setFirstName(String)
  location: variable admin of type User
C:\Users\EbrimaMbye\Desktop\A_Teaching\lima-final-programming-II\unibank_api\src\main\java\com\unibank\api\seeders\AdminUserSeederService.java:30: error: cannot find symbol
            admin.setLastName("Admin");
                 ^
  symbol:   method setLastName(String)
  location: variable admin of type User
C:\Users\EbrimaMbye\Desktop\A_Teaching\lima-final-programming-II\unibank_api\src\main\java\com\unibank\api\seeders\AdminUserSeederService.java:31: error: cannot find symbol
            admin.setUsername("admin");
                 ^
  symbol:   method setUsername(String)
  location: variable admin of type User
C:\Users\EbrimaMbye\Desktop\A_Teaching\lima-final-programming-II\unibank_api\src\main\java\com\unibank\api\seeders\AdminUserSeederService.java:32: error: cannot find symbol
            admin.setEmail("admin@unibank.com");
                 ^
  symbol:   method setEmail(String)
  location: variable admin of type User
C:\Users\EbrimaMbye\Desktop\A_Teaching\lima-final-programming-II\unibank_api\src\main\java\com\unibank\api\seeders\AdminUserSeederService.java:33: error: cannot find symbol
            admin.setPassword(passwordEncoder.encode("Pass@123"));
                 ^
  symbol:   method setPassword(String)
  location: variable admin of type User
C:\Users\EbrimaMbye\Desktop\A_Teaching\lima-final-programming-II\unibank_api\src\main\java\com\unibank\api\seeders\AdminUserSeederService.java:34: error: cannot find symbol
            admin.setRoles(Set.of(roleRepository.findByName(ERole.ROLE_ADMIN)
                 ^
  symbol:   method setRoles(Set<Role>)
  location: variable admin of type User
C:\Users\EbrimaMbye\Desktop\A_Teaching\lima-final-programming-II\unibank_api\src\main\java\com\unibank\api\seeders\RoleSeederServiceService.java:21: error: cannot find symbol
                role.setName(eRole);
                    ^
  symbol:   method setName(ERole)
  location: variable role of type Role
C:\Users\EbrimaMbye\Desktop\A_Teaching\lima-final-programming-II\unibank_api\src\main\java\com\unibank\api\seeders\TransactionTypeSeederServiceService.java:24: error: cannot find symbol
                transactionType.setTransactionType(eTransactionType);
                               ^
  symbol:   method setTransactionType(ETransactionType)
  location: variable transactionType of type TransactionType
C:\Users\EbrimaMbye\Desktop\A_Teaching\lima-final-programming-II\unibank_api\src\main\java\com\unibank\api\transactions\TransactionService.java:43: error: cannot find symbol
        Account account = accountRepository.findById(request.getAccountId())
                                                            ^
  symbol:   method getAccountId()
  location: variable request of type TransactionCreateDTO
C:\Users\EbrimaMbye\Desktop\A_Teaching\lima-final-programming-II\unibank_api\src\main\java\com\unibank\api\transactions\TransactionService.java:47: error: cannot find symbol
                .findById(request.getTransactionTypeId())
                                 ^
  symbol:   method getTransactionTypeId()
  location: variable request of type TransactionCreateDTO
C:\Users\EbrimaMbye\Desktop\A_Teaching\lima-final-programming-II\unibank_api\src\main\java\com\unibank\api\transactions\TransactionService.java:50: error: cannot find symbol
        User user = request.getPerformedBy() != null
                           ^
  symbol:   method getPerformedBy()
  location: variable request of type TransactionCreateDTO
C:\Users\EbrimaMbye\Desktop\A_Teaching\lima-final-programming-II\unibank_api\src\main\java\com\unibank\api\transactions\TransactionService.java:51: error: cannot find symbol
                ? userRepository.findById(request.getPerformedBy())
                                                 ^
  symbol:   method getPerformedBy()
  location: variable request of type TransactionCreateDTO
C:\Users\EbrimaMbye\Desktop\A_Teaching\lima-final-programming-II\unibank_api\src\main\java\com\unibank\api\transactions\TransactionService.java:55: error: cannot find symbol
        validateAndApplyBalance(account, transactionType, request.getAmount());
                                                                 ^
  symbol:   method getAmount()
  location: variable request of type TransactionCreateDTO
C:\Users\EbrimaMbye\Desktop\A_Teaching\lima-final-programming-II\unibank_api\src\main\java\com\unibank\api\transactions\TransactionService.java:58: error: cannot find symbol
        transaction.setAccount(account);
                   ^
  symbol:   method setAccount(Account)
  location: variable transaction of type Transaction
C:\Users\EbrimaMbye\Desktop\A_Teaching\lima-final-programming-II\unibank_api\src\main\java\com\unibank\api\transactions\TransactionService.java:59: error: cannot find symbol
        transaction.setTransactionType(transactionType);
                   ^
  symbol:   method setTransactionType(TransactionType)
  location: variable transaction of type Transaction
100 errors
only showing the first 100 errors, of 123 total; use -Xmaxerrs if you would like to see more.
2026.01.14 15:40:04 WARN  javac exited with exit code 1
2026.01.14 15:40:04 INFO  time: compiled unibank_api in 19s
2026.01.14 15:40:04 INFO  Deduplicating compilation of unibank_api from bsp client 'Metals 1.6.4' (since 1h 6m 0.798s)
2026.01.14 15:40:04 INFO  compiling unibank_api (66 java sources)
2026.01.14 15:40:04 INFO  compiling unibank_api (66 java sources)
2026.01.14 15:40:18 WARN  Unexpected javac output: WARNING: A terminally deprecated method in sun.misc.Unsafe has been called
WARNING: sun.misc.Unsafe::arrayBaseOffset has been called by com.sourcegraph.shaded.com.google.protobuf.UnsafeUtil$MemoryAccessor (file:/C:/Users/EbrimaMbye/AppData/Local/bloop/cache/semanticdb/com.sourcegraph.semanticdb-javac.0.11.1/semanticdb-javac-0.11.1.jar)
WARNING: Please consider reporting this to the maintainers of class com.sourcegraph.shaded.com.google.protobuf.UnsafeUtil$MemoryAccessor
WARNING: sun.misc.Unsafe::arrayBaseOffset will be removed in a future release
C:\Users\EbrimaMbye\Desktop\A_Teaching\lima-final-programming-II\unibank_api\src\main\java\com\unibank\api\accounts\Account.java:31: error: cannot find symbol
        dto.setUuid(getUuid());
                    ^
  symbol:   method getUuid()
  location: class Account
C:\Users\EbrimaMbye\Desktop\A_Teaching\lima-final-programming-II\unibank_api\src\main\java\com\unibank\api\accounts\Account.java:32: error: cannot find symbol
        dto.setAccountNumber(accountNumber);
           ^
  symbol:   method setAccountNumber(Long)
  location: variable dto of type AccountResponseDTO
C:\Users\EbrimaMbye\Desktop\A_Teaching\lima-final-programming-II\unibank_api\src\main\java\com\unibank\api\accounts\Account.java:33: error: cannot find symbol
        dto.setBalance(balance);
           ^
  symbol:   method setBalance(Double)
  location: variable dto of type AccountResponseDTO
C:\Users\EbrimaMbye\Desktop\A_Teaching\lima-final-programming-II\unibank_api\src\main\java\com\unibank\api\accounts\Account.java:34: error: cannot find symbol
        dto.setCustomer(customer.toResponseDTO());
           ^
  symbol:   method setCustomer(CustomerResponseDTO)
  location: variable dto of type AccountResponseDTO
C:\Users\EbrimaMbye\Desktop\A_Teaching\lima-final-programming-II\unibank_api\src\main\java\com\unibank\api\accounts\Account.java:35: error: cannot find symbol
        dto.setAccountType(accountType.getType());
                                      ^
  symbol:   method getType()
  location: variable accountType of type AccountType
C:\Users\EbrimaMbye\Desktop\A_Teaching\lima-final-programming-II\unibank_api\src\main\java\com\unibank\api\accounts\Account.java:36: error: cannot find symbol
        dto.setStatus(getStatus());
                      ^
  symbol:   method getStatus()
  location: class Account
C:\Users\EbrimaMbye\Desktop\A_Teaching\lima-final-programming-II\unibank_api\src\main\java\com\unibank\api\accounts\Account.java:37: error: cannot find symbol
        dto.setCreatedAt(getCreatedAt());
                         ^
  symbol:   method getCreatedAt()
  location: class Account
C:\Users\EbrimaMbye\Desktop\A_Teaching\lima-final-programming-II\unibank_api\src\main\java\com\unibank\api\accounts\Account.java:38: error: cannot find symbol
        dto.setUpdatedAt(getUpdatedAt());
                         ^
  symbol:   method getUpdatedAt()
  location: class Account
C:\Users\EbrimaMbye\Desktop\A_Teaching\lima-final-programming-II\unibank_api\src\main\java\com\unibank\api\customers\Customer.java:34: error: cannot find symbol
        responseDTO.setUuid(getUuid());
                            ^
  symbol:   method getUuid()
  location: class Customer
C:\Users\EbrimaMbye\Desktop\A_Teaching\lima-final-programming-II\unibank_api\src\main\java\com\unibank\api\customers\Customer.java:35: error: cannot find symbol
        responseDTO.setFullName(getFullName());
                                ^
  symbol:   method getFullName()
  location: class Customer
C:\Users\EbrimaMbye\Desktop\A_Teaching\lima-final-programming-II\unibank_api\src\main\java\com\unibank\api\customers\Customer.java:36: error: cannot find symbol
        responseDTO.setDob(getDob());
                           ^
  symbol:   method getDob()
  location: class Customer
C:\Users\EbrimaMbye\Desktop\A_Teaching\lima-final-programming-II\unibank_api\src\main\java\com\unibank\api\customers\Customer.java:37: error: cannot find symbol
        responseDTO.setPhoneNumber(getPhoneNumber());
                                   ^
  symbol:   method getPhoneNumber()
  location: class Customer
C:\Users\EbrimaMbye\Desktop\A_Teaching\lima-final-programming-II\unibank_api\src\main\java\com\unibank\api\customers\Customer.java:38: error: cannot find symbol
        responseDTO.setEmail(getEmail());
                             ^
  symbol:   method getEmail()
  location: class Customer
C:\Users\EbrimaMbye\Desktop\A_Teaching\lima-final-programming-II\unibank_api\src\main\java\com\unibank\api\customers\Customer.java:39: error: cannot find symbol
        responseDTO.setAddress(getAddress());
                               ^
  symbol:   method getAddress()
  location: class Customer
C:\Users\EbrimaMbye\Desktop\A_Teaching\lima-final-programming-II\unibank_api\src\main\java\com\unibank\api\customers\Customer.java:40: error: cannot find symbol
        responseDTO.setNationalId(getNationalId());
                                  ^
  symbol:   method getNationalId()
  location: class Customer
C:\Users\EbrimaMbye\Desktop\A_Teaching\lima-final-programming-II\unibank_api\src\main\java\com\unibank\api\customers\Customer.java:41: error: cannot find symbol
        responseDTO.setCreatedAt(getCreatedAt());
                                 ^
  symbol:   method getCreatedAt()
  location: class Customer
C:\Users\EbrimaMbye\Desktop\A_Teaching\lima-final-programming-II\unibank_api\src\main\java\com\unibank\api\customers\Customer.java:42: error: cannot find symbol
        responseDTO.setUpdatedAt(getUpdatedAt());
                                 ^
  symbol:   method getUpdatedAt()
  location: class Customer
C:\Users\EbrimaMbye\Desktop\A_Teaching\lima-final-programming-II\unibank_api\src\main\java\com\unibank\api\customers\Customer.java:43: error: cannot find symbol
        responseDTO.setStatus(getStatus());
                              ^
  symbol:   method getStatus()
  location: class Customer
C:\Users\EbrimaMbye\Desktop\A_Teaching\lima-final-programming-II\unibank_api\src\main\java\com\unibank\api\accounts\AccountType.java:26: error: cannot find symbol
        responseDTO.setUuid(getUuid());
                            ^
  symbol:   method getUuid()
  location: class AccountType
C:\Users\EbrimaMbye\Desktop\A_Teaching\lima-final-programming-II\unibank_api\src\main\java\com\unibank\api\accounts\AccountType.java:27: error: cannot find symbol
        responseDTO.setType(getType());
                            ^
  symbol:   method getType()
  location: class AccountType
C:\Users\EbrimaMbye\Desktop\A_Teaching\lima-final-programming-II\unibank_api\src\main\java\com\unibank\api\accounts\AccountType.java:28: error: cannot find symbol
        responseDTO.setStatus(getStatus());
                              ^
  symbol:   method getStatus()
  location: class AccountType
C:\Users\EbrimaMbye\Desktop\A_Teaching\lima-final-programming-II\unibank_api\src\main\java\com\unibank\api\accounts\AccountType.java:29: error: cannot find symbol
        responseDTO.setCreatedAt(getCreatedAt());
                                 ^
  symbol:   method getCreatedAt()
  location: class AccountType
C:\Users\EbrimaMbye\Desktop\A_Teaching\lima-final-programming-II\unibank_api\src\main\java\com\unibank\api\accounts\AccountType.java:30: error: cannot find symbol
        responseDTO.setUpdatedAt(getUpdatedAt());
                                 ^
  symbol:   method getUpdatedAt()
  location: class AccountType
C:\Users\EbrimaMbye\Desktop\A_Teaching\lima-final-programming-II\unibank_api\src\main\java\com\unibank\api\accounts\AccountService.java:37: error: cannot find symbol
        Customer customer = customerRepository.findById(request.getCustomerId())
                                                               ^
  symbol:   method getCustomerId()
  location: variable request of type AccountCreateDTO
C:\Users\EbrimaMbye\Desktop\A_Teaching\lima-final-programming-II\unibank_api\src\main\java\com\unibank\api\accounts\AccountService.java:40: error: cannot find symbol
        AccountType accountType = accountTypeRepository.findById(request.getAccountTypeId())
                                                                        ^
  symbol:   method getAccountTypeId()
  location: variable request of type AccountCreateDTO
C:\Users\EbrimaMbye\Desktop\A_Teaching\lima-final-programming-II\unibank_api\src\main\java\com\unibank\api\accounts\AccountService.java:44: error: cannot find symbol
        account.setCustomer(customer);
               ^
  symbol:   method setCustomer(Customer)
  location: variable account of type Account
C:\Users\EbrimaMbye\Desktop\A_Teaching\lima-final-programming-II\unibank_api\src\main\java\com\unibank\api\accounts\AccountService.java:45: error: cannot find symbol
        account.setAccountType(accountType);
               ^
  symbol:   method setAccountType(AccountType)
  location: variable account of type Account
C:\Users\EbrimaMbye\Desktop\A_Teaching\lima-final-programming-II\unibank_api\src\main\java\com\unibank\api\accounts\AccountService.java:46: error: cannot find symbol
        account.setBalance(request.getInitialBalance());
                                  ^
  symbol:   method getInitialBalance()
  location: variable request of type AccountCreateDTO
C:\Users\EbrimaMbye\Desktop\A_Teaching\lima-final-programming-II\unibank_api\src\main\java\com\unibank\api\accounts\AccountService.java:47: error: cannot find symbol
        account.setAccountNumber(generateAccountNumber());
               ^
  symbol:   method setAccountNumber(Long)
  location: variable account of type Account
C:\Users\EbrimaMbye\Desktop\A_Teaching\lima-final-programming-II\unibank_api\src\main\java\com\unibank\api\accounts\AccountService.java:74: error: cannot find symbol
        AccountType accountType = accountTypeRepository.findById(request.getAccountTypeId())
                                                                        ^
  symbol:   method getAccountTypeId()
  location: variable request of type AccountUpdateDTO
C:\Users\EbrimaMbye\Desktop\A_Teaching\lima-final-programming-II\unibank_api\src\main\java\com\unibank\api\accounts\AccountService.java:77: error: cannot find symbol
        account.setAccountType(accountType);
               ^
  symbol:   method setAccountType(AccountType)
  location: variable account of type Account
C:\Users\EbrimaMbye\Desktop\A_Teaching\lima-final-programming-II\unibank_api\src\main\java\com\unibank\api\accounts\AccountService.java:87: error: cannot find symbol
        account.setStatus(BaseEntity.Status.INACTIVE);
               ^
  symbol:   method setStatus(Status)
  location: variable account of type Account
C:\Users\EbrimaMbye\Desktop\A_Teaching\lima-final-programming-II\unibank_api\src\main\java\com\unibank\api\advice\AuthenticationAdvice.java:19: error: cannot find symbol
        ApiErrorResponse response = ApiErrorResponse.builder()
                                                    ^
  symbol:   method builder()
  location: class ApiErrorResponse
C:\Users\EbrimaMbye\Desktop\A_Teaching\lima-final-programming-II\unibank_api\src\main\java\com\unibank\api\advice\AuthenticationAdvice.java:31: error: cannot find symbol
        ApiErrorResponse response = ApiErrorResponse.builder()
                                                    ^
  symbol:   method builder()
  location: class ApiErrorResponse
C:\Users\EbrimaMbye\Desktop\A_Teaching\lima-final-programming-II\unibank_api\src\main\java\com\unibank\api\advice\GlobalAdvice.java:28: error: cannot find symbol
        ApiErrorResponse response = ApiErrorResponse.builder()
                                                    ^
  symbol:   method builder()
  location: class ApiErrorResponse
C:\Users\EbrimaMbye\Desktop\A_Teaching\lima-final-programming-II\unibank_api\src\main\java\com\unibank\api\advice\GlobalAdvice.java:42: error: cannot find symbol
        ApiErrorResponse response = ApiErrorResponse.builder()
                                                    ^
  symbol:   method builder()
  location: class ApiErrorResponse
C:\Users\EbrimaMbye\Desktop\A_Teaching\lima-final-programming-II\unibank_api\src\main\java\com\unibank\api\configurations\jwt\JwtUtil.java:41: error: cannot find symbol
            log.debug("Token is null or empty");
            ^
  symbol:   variable log
  location: class JwtUtil
C:\Users\EbrimaMbye\Desktop\A_Teaching\lima-final-programming-II\unibank_api\src\main\java\com\unibank\api\configurations\jwt\JwtUtil.java:52: error: cannot find symbol
            log.warn("JWT token expired for token: {}", token.substring(0, Math.min(20, token.length())));
            ^
  symbol:   variable log
  location: class JwtUtil
C:\Users\EbrimaMbye\Desktop\A_Teaching\lima-final-programming-II\unibank_api\src\main\java\com\unibank\api\configurations\jwt\JwtUtil.java:54: error: cannot find symbol
            log.error("Invalid JWT token: {}", e.getMessage());
            ^
  symbol:   variable log
  location: class JwtUtil
C:\Users\EbrimaMbye\Desktop\A_Teaching\lima-final-programming-II\unibank_api\src\main\java\com\unibank\api\configurations\jwt\JwtUtil.java:56: error: cannot find symbol
            log.error("Unexpected error validating JWT: {}", e.getMessage(), e);
            ^
  symbol:   variable log
  location: class JwtUtil
C:\Users\EbrimaMbye\Desktop\A_Teaching\lima-final-programming-II\unibank_api\src\main\java\com\unibank\api\users\User.java:26: error: User is not abstract and does not override abstract method getUsername() in UserDetails
public class User extends BaseEntity implements UserDetails {
       ^
C:\Users\EbrimaMbye\Desktop\A_Teaching\lima-final-programming-II\unibank_api\src\main\java\com\unibank\api\users\User.java:43: error: cannot find symbol
        response.setUuid(getUuid());
                         ^
  symbol:   method getUuid()
  location: class User
C:\Users\EbrimaMbye\Desktop\A_Teaching\lima-final-programming-II\unibank_api\src\main\java\com\unibank\api\users\User.java:44: error: cannot find symbol
        response.setFirstName(firstName);
                ^
  symbol:   method setFirstName(String)
  location: variable response of type UserResponseDTO
C:\Users\EbrimaMbye\Desktop\A_Teaching\lima-final-programming-II\unibank_api\src\main\java\com\unibank\api\users\User.java:45: error: cannot find symbol
        response.setLastName(lastName);
                ^
  symbol:   method setLastName(String)
  location: variable response of type UserResponseDTO
C:\Users\EbrimaMbye\Desktop\A_Teaching\lima-final-programming-II\unibank_api\src\main\java\com\unibank\api\users\User.java:46: error: cannot find symbol
        response.setEmail(email);
                ^
  symbol:   method setEmail(String)
  location: variable response of type UserResponseDTO
C:\Users\EbrimaMbye\Desktop\A_Teaching\lima-final-programming-II\unibank_api\src\main\java\com\unibank\api\users\User.java:47: error: cannot find symbol
        response.setCreatedAt(getCreatedAt());
                              ^
  symbol:   method getCreatedAt()
  location: class User
C:\Users\EbrimaMbye\Desktop\A_Teaching\lima-final-programming-II\unibank_api\src\main\java\com\unibank\api\users\User.java:48: error: cannot find symbol
        response.setUpdatedAt(getUpdatedAt());
                              ^
  symbol:   method getUpdatedAt()
  location: class User
C:\Users\EbrimaMbye\Desktop\A_Teaching\lima-final-programming-II\unibank_api\src\main\java\com\unibank\api\users\User.java:49: error: cannot find symbol
        response.setUsername(username);
                ^
  symbol:   method setUsername(String)
  location: variable response of type UserResponseDTO
C:\Users\EbrimaMbye\Desktop\A_Teaching\lima-final-programming-II\unibank_api\src\main\java\com\unibank\api\users\User.java:50: error: cannot find symbol
        response.setRoles(getAuthorities().stream().map(GrantedAuthority::getAuthority).collect(Collectors.toSet()));
                ^
  symbol:   method setRoles(Set<String>)
  location: variable response of type UserResponseDTO
C:\Users\EbrimaMbye\Desktop\A_Teaching\lima-final-programming-II\unibank_api\src\main\java\com\unibank\api\users\User.java:51: error: cannot find symbol
        response.setStatus(getStatus());
                           ^
  symbol:   method getStatus()
  location: class User
C:\Users\EbrimaMbye\Desktop\A_Teaching\lima-final-programming-II\unibank_api\src\main\java\com\unibank\api\users\User.java:59: error: cannot find symbol
                .map(role -> new SimpleGrantedAuthority(role.getName().name()))
                                                            ^
  symbol:   method getName()
  location: variable role of type Role
C:\Users\EbrimaMbye\Desktop\A_Teaching\lima-final-programming-II\unibank_api\src\main\java\com\unibank\api\roles\Role.java:24: error: cannot find symbol
        responseDTO.setUuid(getUuid());
                            ^
  symbol:   method getUuid()
  location: class Role
C:\Users\EbrimaMbye\Desktop\A_Teaching\lima-final-programming-II\unibank_api\src\main\java\com\unibank\api\roles\Role.java:25: error: cannot find symbol
        responseDTO.setName(getName());
                            ^
  symbol:   method getName()
  location: class Role
C:\Users\EbrimaMbye\Desktop\A_Teaching\lima-final-programming-II\unibank_api\src\main\java\com\unibank\api\roles\Role.java:26: error: cannot find symbol
        responseDTO.setStatus(getStatus());
                              ^
  symbol:   method getStatus()
  location: class Role
C:\Users\EbrimaMbye\Desktop\A_Teaching\lima-final-programming-II\unibank_api\src\main\java\com\unibank\api\roles\Role.java:27: error: cannot find symbol
        responseDTO.setCreatedAt(getCreatedAt());
                                 ^
  symbol:   method getCreatedAt()
  location: class Role
C:\Users\EbrimaMbye\Desktop\A_Teaching\lima-final-programming-II\unibank_api\src\main\java\com\unibank\api\roles\Role.java:28: error: cannot find symbol
        responseDTO.setUpdatedAt(getUpdatedAt());
                                 ^
  symbol:   method getUpdatedAt()
  location: class Role
C:\Users\EbrimaMbye\Desktop\A_Teaching\lima-final-programming-II\unibank_api\src\main\java\com\unibank\api\customers\CustomerService.java:26: error: cannot find symbol
        customer.setFullName(request.getFullName());
                                    ^
  symbol:   method getFullName()
  location: variable request of type CustomerCreateDTO
C:\Users\EbrimaMbye\Desktop\A_Teaching\lima-final-programming-II\unibank_api\src\main\java\com\unibank\api\customers\CustomerService.java:27: error: cannot find symbol
        customer.setDob(request.getDob());
                               ^
  symbol:   method getDob()
  location: variable request of type CustomerCreateDTO
C:\Users\EbrimaMbye\Desktop\A_Teaching\lima-final-programming-II\unibank_api\src\main\java\com\unibank\api\customers\CustomerService.java:28: error: cannot find symbol
        customer.setPhoneNumber(request.getPhoneNumber());
                                       ^
  symbol:   method getPhoneNumber()
  location: variable request of type CustomerCreateDTO
C:\Users\EbrimaMbye\Desktop\A_Teaching\lima-final-programming-II\unibank_api\src\main\java\com\unibank\api\customers\CustomerService.java:29: error: cannot find symbol
        customer.setEmail(request.getEmail());
                                 ^
  symbol:   method getEmail()
  location: variable request of type CustomerCreateDTO
C:\Users\EbrimaMbye\Desktop\A_Teaching\lima-final-programming-II\unibank_api\src\main\java\com\unibank\api\customers\CustomerService.java:30: error: cannot find symbol
        customer.setAddress(request.getAddress());
                                   ^
  symbol:   method getAddress()
  location: variable request of type CustomerCreateDTO
C:\Users\EbrimaMbye\Desktop\A_Teaching\lima-final-programming-II\unibank_api\src\main\java\com\unibank\api\customers\CustomerService.java:31: error: cannot find symbol
        customer.setNationalId(request.getNationalId());
                                      ^
  symbol:   method getNationalId()
  location: variable request of type CustomerCreateDTO
C:\Users\EbrimaMbye\Desktop\A_Teaching\lima-final-programming-II\unibank_api\src\main\java\com\unibank\api\customers\CustomerService.java:57: error: cannot find symbol
        customer.setFullName(request.getFullName());
                                    ^
  symbol:   method getFullName()
  location: variable request of type CustomerUpdateDTO
C:\Users\EbrimaMbye\Desktop\A_Teaching\lima-final-programming-II\unibank_api\src\main\java\com\unibank\api\customers\CustomerService.java:58: error: cannot find symbol
        customer.setDob(request.getDob());
                               ^
  symbol:   method getDob()
  location: variable request of type CustomerUpdateDTO
C:\Users\EbrimaMbye\Desktop\A_Teaching\lima-final-programming-II\unibank_api\src\main\java\com\unibank\api\customers\CustomerService.java:59: error: cannot find symbol
        customer.setPhoneNumber(request.getPhoneNumber());
                                       ^
  symbol:   method getPhoneNumber()
  location: variable request of type CustomerUpdateDTO
C:\Users\EbrimaMbye\Desktop\A_Teaching\lima-final-programming-II\unibank_api\src\main\java\com\unibank\api\customers\CustomerService.java:60: error: cannot find symbol
        customer.setEmail(request.getEmail());
                                 ^
  symbol:   method getEmail()
  location: variable request of type CustomerUpdateDTO
C:\Users\EbrimaMbye\Desktop\A_Teaching\lima-final-programming-II\unibank_api\src\main\java\com\unibank\api\customers\CustomerService.java:61: error: cannot find symbol
        customer.setAddress(request.getAddress());
                                   ^
  symbol:   method getAddress()
  location: variable request of type CustomerUpdateDTO
C:\Users\EbrimaMbye\Desktop\A_Teaching\lima-final-programming-II\unibank_api\src\main\java\com\unibank\api\customers\CustomerService.java:62: error: cannot find symbol
        customer.setNationalId(request.getNationalId());
                                      ^
  symbol:   method getNationalId()
  location: variable request of type CustomerUpdateDTO
C:\Users\EbrimaMbye\Desktop\A_Teaching\lima-final-programming-II\unibank_api\src\main\java\com\unibank\api\customers\CustomerService.java:72: error: cannot find symbol
        customer.setStatus(BaseEntity.Status.INACTIVE);
                ^
  symbol:   method setStatus(Status)
  location: variable customer of type Customer
C:\Users\EbrimaMbye\Desktop\A_Teaching\lima-final-programming-II\unibank_api\src\main\java\com\unibank\api\reports\ReportService.java:38: error: invalid method reference
        Double transactionTotal = transactionRepository.findAll().stream().map(Transaction::getAmount)
                                                                               ^
  cannot find symbol
    symbol:   method getAmount()
    location: class Transaction
C:\Users\EbrimaMbye\Desktop\A_Teaching\lima-final-programming-II\unibank_api\src\main\java\com\unibank\api\reports\ReportService.java:41: error: cannot find symbol
        return DashboardResponseDTO.builder()
                                   ^
  symbol:   method builder()
  location: class DashboardResponseDTO
C:\Users\EbrimaMbye\Desktop\A_Teaching\lima-final-programming-II\unibank_api\src\main\java\com\unibank\api\transactions\Transaction.java:36: error: cannot find symbol
        dto.setUuid(getUuid());
                    ^
  symbol:   method getUuid()
  location: class Transaction
C:\Users\EbrimaMbye\Desktop\A_Teaching\lima-final-programming-II\unibank_api\src\main\java\com\unibank\api\transactions\Transaction.java:37: error: cannot find symbol
        dto.setAccount(account.toResponseDTO());
           ^
  symbol:   method setAccount(AccountResponseDTO)
  location: variable dto of type TransactionResponseDTO
C:\Users\EbrimaMbye\Desktop\A_Teaching\lima-final-programming-II\unibank_api\src\main\java\com\unibank\api\transactions\Transaction.java:38: error: cannot find symbol
        dto.setTransactionType(transactionType.getTransactionType());
                                              ^
  symbol:   method getTransactionType()
  location: variable transactionType of type TransactionType
C:\Users\EbrimaMbye\Desktop\A_Teaching\lima-final-programming-II\unibank_api\src\main\java\com\unibank\api\transactions\Transaction.java:39: error: cannot find symbol
        dto.setAmount(amount);
           ^
  symbol:   method setAmount(Double)
  location: variable dto of type TransactionResponseDTO
C:\Users\EbrimaMbye\Desktop\A_Teaching\lima-final-programming-II\unibank_api\src\main\java\com\unibank\api\transactions\Transaction.java:40: error: cannot find symbol
        dto.setPerformedBy(performedBy != null ? performedBy.toUserResponseDTO() : null);
           ^
  symbol:   method setPerformedBy(performedB[...] null)
  location: variable dto of type TransactionResponseDTO
C:\Users\EbrimaMbye\Desktop\A_Teaching\lima-final-programming-II\unibank_api\src\main\java\com\unibank\api\transactions\Transaction.java:41: error: cannot find symbol
        dto.setStatus(getStatus());
                      ^
  symbol:   method getStatus()
  location: class Transaction
C:\Users\EbrimaMbye\Desktop\A_Teaching\lima-final-programming-II\unibank_api\src\main\java\com\unibank\api\transactions\Transaction.java:42: error: cannot find symbol
        dto.setCreatedAt(getCreatedAt());
                         ^
  symbol:   method getCreatedAt()
  location: class Transaction
C:\Users\EbrimaMbye\Desktop\A_Teaching\lima-final-programming-II\unibank_api\src\main\java\com\unibank\api\transactions\Transaction.java:43: error: cannot find symbol
        dto.setUpdatedAt(getUpdatedAt());
                         ^
  symbol:   method getUpdatedAt()
  location: class Transaction
C:\Users\EbrimaMbye\Desktop\A_Teaching\lima-final-programming-II\unibank_api\src\main\java\com\unibank\api\transactions\TransactionType.java:24: error: cannot find symbol
        responseDTO.setUuid(getUuid());
                            ^
  symbol:   method getUuid()
  location: class TransactionType
C:\Users\EbrimaMbye\Desktop\A_Teaching\lima-final-programming-II\unibank_api\src\main\java\com\unibank\api\transactions\TransactionType.java:25: error: cannot find symbol
        responseDTO.setTransactionType(getTransactionType());
                                       ^
  symbol:   method getTransactionType()
  location: class TransactionType
C:\Users\EbrimaMbye\Desktop\A_Teaching\lima-final-programming-II\unibank_api\src\main\java\com\unibank\api\transactions\TransactionType.java:26: error: cannot find symbol
        responseDTO.setStatus(getStatus());
                              ^
  symbol:   method getStatus()
  location: class TransactionType
C:\Users\EbrimaMbye\Desktop\A_Teaching\lima-final-programming-II\unibank_api\src\main\java\com\unibank\api\transactions\TransactionType.java:27: error: cannot find symbol
        responseDTO.setCreatedAt(getCreatedAt());
                                 ^
  symbol:   method getCreatedAt()
  location: class TransactionType
C:\Users\EbrimaMbye\Desktop\A_Teaching\lima-final-programming-II\unibank_api\src\main\java\com\unibank\api\transactions\TransactionType.java:28: error: cannot find symbol
        responseDTO.setUpdatedAt(getUpdatedAt());
                                 ^
  symbol:   method getUpdatedAt()
  location: class TransactionType
C:\Users\EbrimaMbye\Desktop\A_Teaching\lima-final-programming-II\unibank_api\src\main\java\com\unibank\api\seeders\AccountTypeSeederServiceService.java:21: error: cannot find symbol
                type.setType(eType);
                    ^
  symbol:   method setType(EAccountType)
  location: variable type of type AccountType
C:\Users\EbrimaMbye\Desktop\A_Teaching\lima-final-programming-II\unibank_api\src\main\java\com\unibank\api\seeders\AdminUserSeederService.java:29: error: cannot find symbol
            admin.setFirstName("Admin");
                 ^
  symbol:   method setFirstName(String)
  location: variable admin of type User
C:\Users\EbrimaMbye\Desktop\A_Teaching\lima-final-programming-II\unibank_api\src\main\java\com\unibank\api\seeders\AdminUserSeederService.java:30: error: cannot find symbol
            admin.setLastName("Admin");
                 ^
  symbol:   method setLastName(String)
  location: variable admin of type User
C:\Users\EbrimaMbye\Desktop\A_Teaching\lima-final-programming-II\unibank_api\src\main\java\com\unibank\api\seeders\AdminUserSeederService.java:31: error: cannot find symbol
            admin.setUsername("admin");
                 ^
  symbol:   method setUsername(String)
  location: variable admin of type User
C:\Users\EbrimaMbye\Desktop\A_Teaching\lima-final-programming-II\unibank_api\src\main\java\com\unibank\api\seeders\AdminUserSeederService.java:32: error: cannot find symbol
            admin.setEmail("admin@unibank.com");
                 ^
  symbol:   method setEmail(String)
  location: variable admin of type User
C:\Users\EbrimaMbye\Desktop\A_Teaching\lima-final-programming-II\unibank_api\src\main\java\com\unibank\api\seeders\AdminUserSeederService.java:33: error: cannot find symbol
            admin.setPassword(passwordEncoder.encode("Pass@123"));
                 ^
  symbol:   method setPassword(String)
  location: variable admin of type User
C:\Users\EbrimaMbye\Desktop\A_Teaching\lima-final-programming-II\unibank_api\src\main\java\com\unibank\api\seeders\AdminUserSeederService.java:34: error: cannot find symbol
            admin.setRoles(Set.of(roleRepository.findByName(ERole.ROLE_ADMIN)
                 ^
  symbol:   method setRoles(Set<Role>)
  location: variable admin of type User
C:\Users\EbrimaMbye\Desktop\A_Teaching\lima-final-programming-II\unibank_api\src\main\java\com\unibank\api\seeders\RoleSeederServiceService.java:21: error: cannot find symbol
                role.setName(eRole);
                    ^
  symbol:   method setName(ERole)
  location: variable role of type Role
C:\Users\EbrimaMbye\Desktop\A_Teaching\lima-final-programming-II\unibank_api\src\main\java\com\unibank\api\seeders\TransactionTypeSeederServiceService.java:24: error: cannot find symbol
                transactionType.setTransactionType(eTransactionType);
                               ^
  symbol:   method setTransactionType(ETransactionType)
  location: variable transactionType of type TransactionType
C:\Users\EbrimaMbye\Desktop\A_Teaching\lima-final-programming-II\unibank_api\src\main\java\com\unibank\api\transactions\TransactionService.java:43: error: cannot find symbol
        Account account = accountRepository.findById(request.getAccountId())
                                                            ^
  symbol:   method getAccountId()
  location: variable request of type TransactionCreateDTO
C:\Users\EbrimaMbye\Desktop\A_Teaching\lima-final-programming-II\unibank_api\src\main\java\com\unibank\api\transactions\TransactionService.java:47: error: cannot find symbol
                .findById(request.getTransactionTypeId())
                                 ^
  symbol:   method getTransactionTypeId()
  location: variable request of type TransactionCreateDTO
C:\Users\EbrimaMbye\Desktop\A_Teaching\lima-final-programming-II\unibank_api\src\main\java\com\unibank\api\transactions\TransactionService.java:50: error: cannot find symbol
        User user = request.getPerformedBy() != null
                           ^
  symbol:   method getPerformedBy()
  location: variable request of type TransactionCreateDTO
C:\Users\EbrimaMbye\Desktop\A_Teaching\lima-final-programming-II\unibank_api\src\main\java\com\unibank\api\transactions\TransactionService.java:51: error: cannot find symbol
                ? userRepository.findById(request.getPerformedBy())
                                                 ^
  symbol:   method getPerformedBy()
  location: variable request of type TransactionCreateDTO
C:\Users\EbrimaMbye\Desktop\A_Teaching\lima-final-programming-II\unibank_api\src\main\java\com\unibank\api\transactions\TransactionService.java:55: error: cannot find symbol
        validateAndApplyBalance(account, transactionType, request.getAmount());
                                                                 ^
  symbol:   method getAmount()
  location: variable request of type TransactionCreateDTO
C:\Users\EbrimaMbye\Desktop\A_Teaching\lima-final-programming-II\unibank_api\src\main\java\com\unibank\api\transactions\TransactionService.java:58: error: cannot find symbol
        transaction.setAccount(account);
                   ^
  symbol:   method setAccount(Account)
  location: variable transaction of type Transaction
C:\Users\EbrimaMbye\Desktop\A_Teaching\lima-final-programming-II\unibank_api\src\main\java\com\unibank\api\transactions\TransactionService.java:59: error: cannot find symbol
        transaction.setTransactionType(transactionType);
                   ^
  symbol:   method setTransactionType(TransactionType)
  location: variable transaction of type Transaction
100 errors
only showing the first 100 errors, of 122 total; use -Xmaxerrs if you would like to see more.
2026.01.14 15:40:18 WARN  javac exited with exit code 1
2026.01.14 15:40:18 WARN  Unexpected javac output: WARNING: A terminally deprecated method in sun.misc.Unsafe has been called
WARNING: sun.misc.Unsafe::arrayBaseOffset has been called by com.sourcegraph.shaded.com.google.protobuf.UnsafeUtil$MemoryAccessor (file:/C:/Users/EbrimaMbye/AppData/Local/bloop/cache/semanticdb/com.sourcegraph.semanticdb-javac.0.11.1/semanticdb-javac-0.11.1.jar)
WARNING: Please consider reporting this to the maintainers of class com.sourcegraph.shaded.com.google.protobuf.UnsafeUtil$MemoryAccessor
WARNING: sun.misc.Unsafe::arrayBaseOffset will be removed in a future release
C:\Users\EbrimaMbye\Desktop\A_Teaching\lima-final-programming-II\unibank_api\src\main\java\com\unibank\api\accounts\Account.java:31: error: cannot find symbol
        dto.setUuid(getUuid());
                    ^
  symbol:   method getUuid()
  location: class Account
C:\Users\EbrimaMbye\Desktop\A_Teaching\lima-final-programming-II\unibank_api\src\main\java\com\unibank\api\accounts\Account.java:32: error: cannot find symbol
        dto.setAccountNumber(accountNumber);
           ^
  symbol:   method setAccountNumber(Long)
  location: variable dto of type AccountResponseDTO
C:\Users\EbrimaMbye\Desktop\A_Teaching\lima-final-programming-II\unibank_api\src\main\java\com\unibank\api\accounts\Account.java:33: error: cannot find symbol
        dto.setBalance(balance);
           ^
  symbol:   method setBalance(Double)
  location: variable dto of type AccountResponseDTO
C:\Users\EbrimaMbye\Desktop\A_Teaching\lima-final-programming-II\unibank_api\src\main\java\com\unibank\api\accounts\Account.java:34: error: cannot find symbol
        dto.setCustomer(customer.toResponseDTO());
           ^
  symbol:   method setCustomer(CustomerResponseDTO)
  location: variable dto of type AccountResponseDTO
C:\Users\EbrimaMbye\Desktop\A_Teaching\lima-final-programming-II\unibank_api\src\main\java\com\unibank\api\accounts\Account.java:35: error: cannot find symbol
        dto.setAccountType(accountType.getType());
                                      ^
  symbol:   method getType()
  location: variable accountType of type AccountType
C:\Users\EbrimaMbye\Desktop\A_Teaching\lima-final-programming-II\unibank_api\src\main\java\com\unibank\api\accounts\Account.java:36: error: cannot find symbol
        dto.setStatus(getStatus());
                      ^
  symbol:   method getStatus()
  location: class Account
C:\Users\EbrimaMbye\Desktop\A_Teaching\lima-final-programming-II\unibank_api\src\main\java\com\unibank\api\accounts\Account.java:37: error: cannot find symbol
        dto.setCreatedAt(getCreatedAt());
                         ^
  symbol:   method getCreatedAt()
  location: class Account
C:\Users\EbrimaMbye\Desktop\A_Teaching\lima-final-programming-II\unibank_api\src\main\java\com\unibank\api\accounts\Account.java:38: error: cannot find symbol
        dto.setUpdatedAt(getUpdatedAt());
                         ^
  symbol:   method getUpdatedAt()
  location: class Account
C:\Users\EbrimaMbye\Desktop\A_Teaching\lima-final-programming-II\unibank_api\src\main\java\com\unibank\api\customers\Customer.java:34: error: cannot find symbol
        responseDTO.setUuid(getUuid());
                            ^
  symbol:   method getUuid()
  location: class Customer
C:\Users\EbrimaMbye\Desktop\A_Teaching\lima-final-programming-II\unibank_api\src\main\java\com\unibank\api\customers\Customer.java:35: error: cannot find symbol
        responseDTO.setFullName(getFullName());
                                ^
  symbol:   method getFullName()
  location: class Customer
C:\Users\EbrimaMbye\Desktop\A_Teaching\lima-final-programming-II\unibank_api\src\main\java\com\unibank\api\customers\Customer.java:36: error: cannot find symbol
        responseDTO.setDob(getDob());
                           ^
  symbol:   method getDob()
  location: class Customer
C:\Users\EbrimaMbye\Desktop\A_Teaching\lima-final-programming-II\unibank_api\src\main\java\com\unibank\api\customers\Customer.java:37: error: cannot find symbol
        responseDTO.setPhoneNumber(getPhoneNumber());
                                   ^
  symbol:   method getPhoneNumber()
  location: class Customer
C:\Users\EbrimaMbye\Desktop\A_Teaching\lima-final-programming-II\unibank_api\src\main\java\com\unibank\api\customers\Customer.java:38: error: cannot find symbol
        responseDTO.setEmail(getEmail());
                             ^
  symbol:   method getEmail()
  location: class Customer
C:\Users\EbrimaMbye\Desktop\A_Teaching\lima-final-programming-II\unibank_api\src\main\java\com\unibank\api\customers\Customer.java:39: error: cannot find symbol
        responseDTO.setAddress(getAddress());
                               ^
  symbol:   method getAddress()
  location: class Customer
C:\Users\EbrimaMbye\Desktop\A_Teaching\lima-final-programming-II\unibank_api\src\main\java\com\unibank\api\customers\Customer.java:40: error: cannot find symbol
        responseDTO.setNationalId(getNationalId());
                                  ^
  symbol:   method getNationalId()
  location: class Customer
C:\Users\EbrimaMbye\Desktop\A_Teaching\lima-final-programming-II\unibank_api\src\main\java\com\unibank\api\customers\Customer.java:41: error: cannot find symbol
        responseDTO.setCreatedAt(getCreatedAt());
                                 ^
  symbol:   method getCreatedAt()
  location: class Customer
C:\Users\EbrimaMbye\Desktop\A_Teaching\lima-final-programming-II\unibank_api\src\main\java\com\unibank\api\customers\Customer.java:42: error: cannot find symbol
        responseDTO.setUpdatedAt(getUpdatedAt());
                                 ^
  symbol:   method getUpdatedAt()
  location: class Customer
C:\Users\EbrimaMbye\Desktop\A_Teaching\lima-final-programming-II\unibank_api\src\main\java\com\unibank\api\customers\Customer.java:43: error: cannot find symbol
        responseDTO.setStatus(getStatus());
                              ^
  symbol:   method getStatus()
  location: class Customer
C:\Users\EbrimaMbye\Desktop\A_Teaching\lima-final-programming-II\unibank_api\src\main\java\com\unibank\api\accounts\AccountType.java:26: error: cannot find symbol
        responseDTO.setUuid(getUuid());
                            ^
  symbol:   method getUuid()
  location: class AccountType
C:\Users\EbrimaMbye\Desktop\A_Teaching\lima-final-programming-II\unibank_api\src\main\java\com\unibank\api\accounts\AccountType.java:27: error: cannot find symbol
        responseDTO.setType(getType());
                            ^
  symbol:   method getType()
  location: class AccountType
C:\Users\EbrimaMbye\Desktop\A_Teaching\lima-final-programming-II\unibank_api\src\main\java\com\unibank\api\accounts\AccountType.java:28: error: cannot find symbol
        responseDTO.setStatus(getStatus());
                              ^
  symbol:   method getStatus()
  location: class AccountType
C:\Users\EbrimaMbye\Desktop\A_Teaching\lima-final-programming-II\unibank_api\src\main\java\com\unibank\api\accounts\AccountType.java:29: error: cannot find symbol
        responseDTO.setCreatedAt(getCreatedAt());
                                 ^
  symbol:   method getCreatedAt()
  location: class AccountType
C:\Users\EbrimaMbye\Desktop\A_Teaching\lima-final-programming-II\unibank_api\src\main\java\com\unibank\api\accounts\AccountType.java:30: error: cannot find symbol
        responseDTO.setUpdatedAt(getUpdatedAt());
                                 ^
  symbol:   method getUpdatedAt()
  location: class AccountType
C:\Users\EbrimaMbye\Desktop\A_Teaching\lima-final-programming-II\unibank_api\src\main\java\com\unibank\api\accounts\AccountService.java:37: error: cannot find symbol
        Customer customer = customerRepository.findById(request.getCustomerId())
                                                               ^
  symbol:   method getCustomerId()
  location: variable request of type AccountCreateDTO
C:\Users\EbrimaMbye\Desktop\A_Teaching\lima-final-programming-II\unibank_api\src\main\java\com\unibank\api\accounts\AccountService.java:40: error: cannot find symbol
        AccountType accountType = accountTypeRepository.findById(request.getAccountTypeId())
                                                                        ^
  symbol:   method getAccountTypeId()
  location: variable request of type AccountCreateDTO
C:\Users\EbrimaMbye\Desktop\A_Teaching\lima-final-programming-II\unibank_api\src\main\java\com\unibank\api\accounts\AccountService.java:44: error: cannot find symbol
        account.setCustomer(customer);
               ^
  symbol:   method setCustomer(Customer)
  location: variable account of type Account
C:\Users\EbrimaMbye\Desktop\A_Teaching\lima-final-programming-II\unibank_api\src\main\java\com\unibank\api\accounts\AccountService.java:45: error: cannot find symbol
        account.setAccountType(accountType);
               ^
  symbol:   method setAccountType(AccountType)
  location: variable account of type Account
C:\Users\EbrimaMbye\Desktop\A_Teaching\lima-final-programming-II\unibank_api\src\main\java\com\unibank\api\accounts\AccountService.java:46: error: cannot find symbol
        account.setBalance(request.getInitialBalance());
                                  ^
  symbol:   method getInitialBalance()
  location: variable request of type AccountCreateDTO
C:\Users\EbrimaMbye\Desktop\A_Teaching\lima-final-programming-II\unibank_api\src\main\java\com\unibank\api\accounts\AccountService.java:47: error: cannot find symbol
        account.setAccountNumber(generateAccountNumber());
               ^
  symbol:   method setAccountNumber(Long)
  location: variable account of type Account
C:\Users\EbrimaMbye\Desktop\A_Teaching\lima-final-programming-II\unibank_api\src\main\java\com\unibank\api\accounts\AccountService.java:74: error: cannot find symbol
        AccountType accountType = accountTypeRepository.findById(request.getAccountTypeId())
                                                                        ^
  symbol:   method getAccountTypeId()
  location: variable request of type AccountUpdateDTO
C:\Users\EbrimaMbye\Desktop\A_Teaching\lima-final-programming-II\unibank_api\src\main\java\com\unibank\api\accounts\AccountService.java:77: error: cannot find symbol
        account.setAccountType(accountType);
               ^
  symbol:   method setAccountType(AccountType)
  location: variable account of type Account
C:\Users\EbrimaMbye\Desktop\A_Teaching\lima-final-programming-II\unibank_api\src\main\java\com\unibank\api\accounts\AccountService.java:87: error: cannot find symbol
        account.setStatus(BaseEntity.Status.INACTIVE);
               ^
  symbol:   method setStatus(Status)
  location: variable account of type Account
C:\Users\EbrimaMbye\Desktop\A_Teaching\lima-final-programming-II\unibank_api\src\main\java\com\unibank\api\advice\AuthenticationAdvice.java:19: error: cannot find symbol
        ApiErrorResponse response = ApiErrorResponse.builder()
                                                    ^
  symbol:   method builder()
  location: class ApiErrorResponse
C:\Users\EbrimaMbye\Desktop\A_Teaching\lima-final-programming-II\unibank_api\src\main\java\com\unibank\api\advice\AuthenticationAdvice.java:31: error: cannot find symbol
        ApiErrorResponse response = ApiErrorResponse.builder()
                                                    ^
  symbol:   method builder()
  location: class ApiErrorResponse
C:\Users\EbrimaMbye\Desktop\A_Teaching\lima-final-programming-II\unibank_api\src\main\java\com\unibank\api\advice\GlobalAdvice.java:28: error: cannot find symbol
        ApiErrorResponse response = ApiErrorResponse.builder()
                                                    ^
  symbol:   method builder()
  location: class ApiErrorResponse
C:\Users\EbrimaMbye\Desktop\A_Teaching\lima-final-programming-II\unibank_api\src\main\java\com\unibank\api\advice\GlobalAdvice.java:42: error: cannot find symbol
        ApiErrorResponse response = ApiErrorResponse.builder()
                                                    ^
  symbol:   method builder()
  location: class ApiErrorResponse
C:\Users\EbrimaMbye\Desktop\A_Teaching\lima-final-programming-II\unibank_api\src\main\java\com\unibank\api\configurations\jwt\JwtUtil.java:41: error: cannot find symbol
            log.debug("Token is null or empty");
            ^
  symbol:   variable log
  location: class JwtUtil
C:\Users\EbrimaMbye\Desktop\A_Teaching\lima-final-programming-II\unibank_api\src\main\java\com\unibank\api\configurations\jwt\JwtUtil.java:52: error: cannot find symbol
            log.warn("JWT token expired for token: {}", token.substring(0, Math.min(20, token.length())));
            ^
  symbol:   variable log
  location: class JwtUtil
C:\Users\EbrimaMbye\Desktop\A_Teaching\lima-final-programming-II\unibank_api\src\main\java\com\unibank\api\configurations\jwt\JwtUtil.java:54: error: cannot find symbol
            log.error("Invalid JWT token: {}", e.getMessage());
            ^
  symbol:   variable log
  location: class JwtUtil
C:\Users\EbrimaMbye\Desktop\A_Teaching\lima-final-programming-II\unibank_api\src\main\java\com\unibank\api\configurations\jwt\JwtUtil.java:56: error: cannot find symbol
            log.error("Unexpected error validating JWT: {}", e.getMessage(), e);
            ^
  symbol:   variable log
  location: class JwtUtil
C:\Users\EbrimaMbye\Desktop\A_Teaching\lima-final-programming-II\unibank_api\src\main\java\com\unibank\api\users\User.java:26: error: User is not abstract and does not override abstract method getUsername() in UserDetails
public class User extends BaseEntity implements UserDetails {
       ^
C:\Users\EbrimaMbye\Desktop\A_Teaching\lima-final-programming-II\unibank_api\src\main\java\com\unibank\api\users\User.java:43: error: cannot find symbol
        response.setUuid(getUuid());
                         ^
  symbol:   method getUuid()
  location: class User
C:\Users\EbrimaMbye\Desktop\A_Teaching\lima-final-programming-II\unibank_api\src\main\java\com\unibank\api\users\User.java:44: error: cannot find symbol
        response.setFirstName(firstName);
                ^
  symbol:   method setFirstName(String)
  location: variable response of type UserResponseDTO
C:\Users\EbrimaMbye\Desktop\A_Teaching\lima-final-programming-II\unibank_api\src\main\java\com\unibank\api\users\User.java:45: error: cannot find symbol
        response.setLastName(lastName);
                ^
  symbol:   method setLastName(String)
  location: variable response of type UserResponseDTO
C:\Users\EbrimaMbye\Desktop\A_Teaching\lima-final-programming-II\unibank_api\src\main\java\com\unibank\api\users\User.java:46: error: cannot find symbol
        response.setEmail(email);
                ^
  symbol:   method setEmail(String)
  location: variable response of type UserResponseDTO
C:\Users\EbrimaMbye\Desktop\A_Teaching\lima-final-programming-II\unibank_api\src\main\java\com\unibank\api\users\User.java:47: error: cannot find symbol
        response.setCreatedAt(getCreatedAt());
                              ^
  symbol:   method getCreatedAt()
  location: class User
C:\Users\EbrimaMbye\Desktop\A_Teaching\lima-final-programming-II\unibank_api\src\main\java\com\unibank\api\users\User.java:48: error: cannot find symbol
        response.setUpdatedAt(getUpdatedAt());
                              ^
  symbol:   method getUpdatedAt()
  location: class User
C:\Users\EbrimaMbye\Desktop\A_Teaching\lima-final-programming-II\unibank_api\src\main\java\com\unibank\api\users\User.java:49: error: cannot find symbol
        response.setUsername(username);
                ^
  symbol:   method setUsername(String)
  location: variable response of type UserResponseDTO
C:\Users\EbrimaMbye\Desktop\A_Teaching\lima-final-programming-II\unibank_api\src\main\java\com\unibank\api\users\User.java:50: error: cannot find symbol
        response.setRoles(getAuthorities().stream().map(GrantedAuthority::getAuthority).collect(Collectors.toSet()));
                ^
  symbol:   method setRoles(Set<String>)
  location: variable response of type UserResponseDTO
C:\Users\EbrimaMbye\Desktop\A_Teaching\lima-final-programming-II\unibank_api\src\main\java\com\unibank\api\users\User.java:51: error: cannot find symbol
        response.setStatus(getStatus());
                           ^
  symbol:   method getStatus()
  location: class User
C:\Users\EbrimaMbye\Desktop\A_Teaching\lima-final-programming-II\unibank_api\src\main\java\com\unibank\api\users\User.java:59: error: cannot find symbol
                .map(role -> new SimpleGrantedAuthority(role.getName().name()))
                                                            ^
  symbol:   method getName()
  location: variable role of type Role
C:\Users\EbrimaMbye\Desktop\A_Teaching\lima-final-programming-II\unibank_api\src\main\java\com\unibank\api\roles\Role.java:24: error: cannot find symbol
        responseDTO.setUuid(getUuid());
                            ^
  symbol:   method getUuid()
  location: class Role
C:\Users\EbrimaMbye\Desktop\A_Teaching\lima-final-programming-II\unibank_api\src\main\java\com\unibank\api\roles\Role.java:25: error: cannot find symbol
        responseDTO.setName(getName());
                            ^
  symbol:   method getName()
  location: class Role
C:\Users\EbrimaMbye\Desktop\A_Teaching\lima-final-programming-II\unibank_api\src\main\java\com\unibank\api\roles\Role.java:26: error: cannot find symbol
        responseDTO.setStatus(getStatus());
                              ^
  symbol:   method getStatus()
  location: class Role
C:\Users\EbrimaMbye\Desktop\A_Teaching\lima-final-programming-II\unibank_api\src\main\java\com\unibank\api\roles\Role.java:27: error: cannot find symbol
        responseDTO.setCreatedAt(getCreatedAt());
                                 ^
  symbol:   method getCreatedAt()
  location: class Role
C:\Users\EbrimaMbye\Desktop\A_Teaching\lima-final-programming-II\unibank_api\src\main\java\com\unibank\api\roles\Role.java:28: error: cannot find symbol
        responseDTO.setUpdatedAt(getUpdatedAt());
                                 ^
  symbol:   method getUpdatedAt()
  location: class Role
C:\Users\EbrimaMbye\Desktop\A_Teaching\lima-final-programming-II\unibank_api\src\main\java\com\unibank\api\customers\CustomerService.java:26: error: cannot find symbol
        customer.setFullName(request.getFullName());
                                    ^
  symbol:   method getFullName()
  location: variable request of type CustomerCreateDTO
C:\Users\EbrimaMbye\Desktop\A_Teaching\lima-final-programming-II\unibank_api\src\main\java\com\unibank\api\customers\CustomerService.java:27: error: cannot find symbol
        customer.setDob(request.getDob());
                               ^
  symbol:   method getDob()
  location: variable request of type CustomerCreateDTO
C:\Users\EbrimaMbye\Desktop\A_Teaching\lima-final-programming-II\unibank_api\src\main\java\com\unibank\api\customers\CustomerService.java:28: error: cannot find symbol
        customer.setPhoneNumber(request.getPhoneNumber());
                                       ^
  symbol:   method getPhoneNumber()
  location: variable request of type CustomerCreateDTO
C:\Users\EbrimaMbye\Desktop\A_Teaching\lima-final-programming-II\unibank_api\src\main\java\com\unibank\api\customers\CustomerService.java:29: error: cannot find symbol
        customer.setEmail(request.getEmail());
                                 ^
  symbol:   method getEmail()
  location: variable request of type CustomerCreateDTO
C:\Users\EbrimaMbye\Desktop\A_Teaching\lima-final-programming-II\unibank_api\src\main\java\com\unibank\api\customers\CustomerService.java:30: error: cannot find symbol
        customer.setAddress(request.getAddress());
                                   ^
  symbol:   method getAddress()
  location: variable request of type CustomerCreateDTO
C:\Users\EbrimaMbye\Desktop\A_Teaching\lima-final-programming-II\unibank_api\src\main\java\com\unibank\api\customers\CustomerService.java:31: error: cannot find symbol
        customer.setNationalId(request.getNationalId());
                                      ^
  symbol:   method getNationalId()
  location: variable request of type CustomerCreateDTO
C:\Users\EbrimaMbye\Desktop\A_Teaching\lima-final-programming-II\unibank_api\src\main\java\com\unibank\api\customers\CustomerService.java:57: error: cannot find symbol
        customer.setFullName(request.getFullName());
                                    ^
  symbol:   method getFullName()
  location: variable request of type CustomerUpdateDTO
C:\Users\EbrimaMbye\Desktop\A_Teaching\lima-final-programming-II\unibank_api\src\main\java\com\unibank\api\customers\CustomerService.java:58: error: cannot find symbol
        customer.setDob(request.getDob());
                               ^
  symbol:   method getDob()
  location: variable request of type CustomerUpdateDTO
C:\Users\EbrimaMbye\Desktop\A_Teaching\lima-final-programming-II\unibank_api\src\main\java\com\unibank\api\customers\CustomerService.java:59: error: cannot find symbol
        customer.setPhoneNumber(request.getPhoneNumber());
                                       ^
  symbol:   method getPhoneNumber()
  location: variable request of type CustomerUpdateDTO
C:\Users\EbrimaMbye\Desktop\A_Teaching\lima-final-programming-II\unibank_api\src\main\java\com\unibank\api\customers\CustomerService.java:60: error: cannot find symbol
        customer.setEmail(request.getEmail());
                                 ^
  symbol:   method getEmail()
  location: variable request of type CustomerUpdateDTO
C:\Users\EbrimaMbye\Desktop\A_Teaching\lima-final-programming-II\unibank_api\src\main\java\com\unibank\api\customers\CustomerService.java:61: error: cannot find symbol
        customer.setAddress(request.getAddress());
                                   ^
  symbol:   method getAddress()
  location: variable request of type CustomerUpdateDTO
C:\Users\EbrimaMbye\Desktop\A_Teaching\lima-final-programming-II\unibank_api\src\main\java\com\unibank\api\customers\CustomerService.java:62: error: cannot find symbol
        customer.setNationalId(request.getNationalId());
                                      ^
  symbol:   method getNationalId()
  location: variable request of type CustomerUpdateDTO
C:\Users\EbrimaMbye\Desktop\A_Teaching\lima-final-programming-II\unibank_api\src\main\java\com\unibank\api\customers\CustomerService.java:72: error: cannot find symbol
        customer.setStatus(BaseEntity.Status.INACTIVE);
                ^
  symbol:   method setStatus(Status)
  location: variable customer of type Customer
C:\Users\EbrimaMbye\Desktop\A_Teaching\lima-final-programming-II\unibank_api\src\main\java\com\unibank\api\reports\ReportService.java:38: error: invalid method reference
        Double transactionTotal = transactionRepository.findAll().stream().map(Transaction::getAmount)
                                                                               ^
  cannot find symbol
    symbol:   method getAmount()
    location: class Transaction
C:\Users\EbrimaMbye\Desktop\A_Teaching\lima-final-programming-II\unibank_api\src\main\java\com\unibank\api\reports\ReportService.java:41: error: cannot find symbol
        return DashboardResponseDTO.builder()
                                   ^
  symbol:   method builder()
  location: class DashboardResponseDTO
C:\Users\EbrimaMbye\Desktop\A_Teaching\lima-final-programming-II\unibank_api\src\main\java\com\unibank\api\transactions\Transaction.java:36: error: cannot find symbol
        dto.setUuid(getUuid());
                    ^
  symbol:   method getUuid()
  location: class Transaction
C:\Users\EbrimaMbye\Desktop\A_Teaching\lima-final-programming-II\unibank_api\src\main\java\com\unibank\api\transactions\Transaction.java:37: error: cannot find symbol
        dto.setAccount(account.toResponseDTO());
           ^
  symbol:   method setAccount(AccountResponseDTO)
  location: variable dto of type TransactionResponseDTO
C:\Users\EbrimaMbye\Desktop\A_Teaching\lima-final-programming-II\unibank_api\src\main\java\com\unibank\api\transactions\Transaction.java:38: error: cannot find symbol
        dto.setTransactionType(transactionType.getTransactionType());
                                              ^
  symbol:   method getTransactionType()
  location: variable transactionType of type TransactionType
C:\Users\EbrimaMbye\Desktop\A_Teaching\lima-final-programming-II\unibank_api\src\main\java\com\unibank\api\transactions\Transaction.java:39: error: cannot find symbol
        dto.setAmount(amount);
           ^
  symbol:   method setAmount(Double)
  location: variable dto of type TransactionResponseDTO
C:\Users\EbrimaMbye\Desktop\A_Teaching\lima-final-programming-II\unibank_api\src\main\java\com\unibank\api\transactions\Transaction.java:40: error: cannot find symbol
        dto.setPerformedBy(performedBy != null ? performedBy.toUserResponseDTO() : null);
           ^
  symbol:   method setPerformedBy(performedB[...] null)
  location: variable dto of type TransactionResponseDTO
C:\Users\EbrimaMbye\Desktop\A_Teaching\lima-final-programming-II\unibank_api\src\main\java\com\unibank\api\transactions\Transaction.java:41: error: cannot find symbol
        dto.setStatus(getStatus());
                      ^
  symbol:   method getStatus()
  location: class Transaction
C:\Users\EbrimaMbye\Desktop\A_Teaching\lima-final-programming-II\unibank_api\src\main\java\com\unibank\api\transactions\Transaction.java:42: error: cannot find symbol
        dto.setCreatedAt(getCreatedAt());
                         ^
  symbol:   method getCreatedAt()
  location: class Transaction
C:\Users\EbrimaMbye\Desktop\A_Teaching\lima-final-programming-II\unibank_api\src\main\java\com\unibank\api\transactions\Transaction.java:43: error: cannot find symbol
        dto.setUpdatedAt(getUpdatedAt());
                         ^
  symbol:   method getUpdatedAt()
  location: class Transaction
C:\Users\EbrimaMbye\Desktop\A_Teaching\lima-final-programming-II\unibank_api\src\main\java\com\unibank\api\transactions\TransactionType.java:24: error: cannot find symbol
        responseDTO.setUuid(getUuid());
                            ^
  symbol:   method getUuid()
  location: class TransactionType
C:\Users\EbrimaMbye\Desktop\A_Teaching\lima-final-programming-II\unibank_api\src\main\java\com\unibank\api\transactions\TransactionType.java:25: error: cannot find symbol
        responseDTO.setTransactionType(getTransactionType());
                                       ^
  symbol:   method getTransactionType()
  location: class TransactionType
C:\Users\EbrimaMbye\Desktop\A_Teaching\lima-final-programming-II\unibank_api\src\main\java\com\unibank\api\transactions\TransactionType.java:26: error: cannot find symbol
        responseDTO.setStatus(getStatus());
                              ^
  symbol:   method getStatus()
  location: class TransactionType
C:\Users\EbrimaMbye\Desktop\A_Teaching\lima-final-programming-II\unibank_api\src\main\java\com\unibank\api\transactions\TransactionType.java:27: error: cannot find symbol
        responseDTO.setCreatedAt(getCreatedAt());
                                 ^
  symbol:   method getCreatedAt()
  location: class TransactionType
C:\Users\EbrimaMbye\Desktop\A_Teaching\lima-final-programming-II\unibank_api\src\main\java\com\unibank\api\transactions\TransactionType.java:28: error: cannot find symbol
        responseDTO.setUpdatedAt(getUpdatedAt());
                                 ^
  symbol:   method getUpdatedAt()
  location: class TransactionType
C:\Users\EbrimaMbye\Desktop\A_Teaching\lima-final-programming-II\unibank_api\src\main\java\com\unibank\api\seeders\AccountTypeSeederServiceService.java:21: error: cannot find symbol
                type.setType(eType);
                    ^
  symbol:   method setType(EAccountType)
  location: variable type of type AccountType
C:\Users\EbrimaMbye\Desktop\A_Teaching\lima-final-programming-II\unibank_api\src\main\java\com\unibank\api\seeders\AdminUserSeederService.java:29: error: cannot find symbol
            admin.setFirstName("Admin");
                 ^
  symbol:   method setFirstName(String)
  location: variable admin of type User
C:\Users\EbrimaMbye\Desktop\A_Teaching\lima-final-programming-II\unibank_api\src\main\java\com\unibank\api\seeders\AdminUserSeederService.java:30: error: cannot find symbol
            admin.setLastName("Admin");
                 ^
  symbol:   method setLastName(String)
  location: variable admin of type User
C:\Users\EbrimaMbye\Desktop\A_Teaching\lima-final-programming-II\unibank_api\src\main\java\com\unibank\api\seeders\AdminUserSeederService.java:31: error: cannot find symbol
            admin.setUsername("admin");
                 ^
  symbol:   method setUsername(String)
  location: variable admin of type User
C:\Users\EbrimaMbye\Desktop\A_Teaching\lima-final-programming-II\unibank_api\src\main\java\com\unibank\api\seeders\AdminUserSeederService.java:32: error: cannot find symbol
            admin.setEmail("admin@unibank.com");
                 ^
  symbol:   method setEmail(String)
  location: variable admin of type User
C:\Users\EbrimaMbye\Desktop\A_Teaching\lima-final-programming-II\unibank_api\src\main\java\com\unibank\api\seeders\AdminUserSeederService.java:33: error: cannot find symbol
            admin.setPassword(passwordEncoder.encode("Pass@123"));
                 ^
  symbol:   method setPassword(String)
  location: variable admin of type User
C:\Users\EbrimaMbye\Desktop\A_Teaching\lima-final-programming-II\unibank_api\src\main\java\com\unibank\api\seeders\AdminUserSeederService.java:34: error: cannot find symbol
            admin.setRoles(Set.of(roleRepository.findByName(ERole.ROLE_ADMIN)
                 ^
  symbol:   method setRoles(Set<Role>)
  location: variable admin of type User
C:\Users\EbrimaMbye\Desktop\A_Teaching\lima-final-programming-II\unibank_api\src\main\java\com\unibank\api\seeders\RoleSeederServiceService.java:21: error: cannot find symbol
                role.setName(eRole);
                    ^
  symbol:   method setName(ERole)
  location: variable role of type Role
C:\Users\EbrimaMbye\Desktop\A_Teaching\lima-final-programming-II\unibank_api\src\main\java\com\unibank\api\seeders\TransactionTypeSeederServiceService.java:24: error: cannot find symbol
                transactionType.setTransactionType(eTransactionType);
                               ^
  symbol:   method setTransactionType(ETransactionType)
  location: variable transactionType of type TransactionType
C:\Users\EbrimaMbye\Desktop\A_Teaching\lima-final-programming-II\unibank_api\src\main\java\com\unibank\api\transactions\TransactionService.java:43: error: cannot find symbol
        Account account = accountRepository.findById(request.getAccountId())
                                                            ^
  symbol:   method getAccountId()
  location: variable request of type TransactionCreateDTO
C:\Users\EbrimaMbye\Desktop\A_Teaching\lima-final-programming-II\unibank_api\src\main\java\com\unibank\api\transactions\TransactionService.java:47: error: cannot find symbol
                .findById(request.getTransactionTypeId())
                                 ^
  symbol:   method getTransactionTypeId()
  location: variable request of type TransactionCreateDTO
C:\Users\EbrimaMbye\Desktop\A_Teaching\lima-final-programming-II\unibank_api\src\main\java\com\unibank\api\transactions\TransactionService.java:50: error: cannot find symbol
        User user = request.getPerformedBy() != null
                           ^
  symbol:   method getPerformedBy()
  location: variable request of type TransactionCreateDTO
C:\Users\EbrimaMbye\Desktop\A_Teaching\lima-final-programming-II\unibank_api\src\main\java\com\unibank\api\transactions\TransactionService.java:51: error: cannot find symbol
                ? userRepository.findById(request.getPerformedBy())
                                                 ^
  symbol:   method getPerformedBy()
  location: variable request of type TransactionCreateDTO
C:\Users\EbrimaMbye\Desktop\A_Teaching\lima-final-programming-II\unibank_api\src\main\java\com\unibank\api\transactions\TransactionService.java:55: error: cannot find symbol
        validateAndApplyBalance(account, transactionType, request.getAmount());
                                                                 ^
  symbol:   method getAmount()
  location: variable request of type TransactionCreateDTO
C:\Users\EbrimaMbye\Desktop\A_Teaching\lima-final-programming-II\unibank_api\src\main\java\com\unibank\api\transactions\TransactionService.java:58: error: cannot find symbol
        transaction.setAccount(account);
                   ^
  symbol:   method setAccount(Account)
  location: variable transaction of type Transaction
C:\Users\EbrimaMbye\Desktop\A_Teaching\lima-final-programming-II\unibank_api\src\main\java\com\unibank\api\transactions\TransactionService.java:59: error: cannot find symbol
        transaction.setTransactionType(transactionType);
                   ^
  symbol:   method setTransactionType(TransactionType)
  location: variable transaction of type Transaction
100 errors
only showing the first 100 errors, of 122 total; use -Xmaxerrs if you would like to see more.
2026.01.14 15:40:18 WARN  javac exited with exit code 1
2026.01.14 15:40:18 INFO  time: compiled unibank_api in 13s
2026.01.14 15:40:18 INFO  time: compiled unibank_api in 13s
2026.01.14 16:05:33 INFO  Deduplicating compilation of unibank_api from bsp client 'Metals 1.6.4' (since 1h 31m 28.773s)
2026.01.14 16:05:33 INFO  compiling unibank_api (66 java sources)
2026.01.14 16:05:33 INFO  compiling unibank_api (66 java sources)
2026.01.14 16:05:43 WARN  Unexpected javac output: WARNING: A terminally deprecated method in sun.misc.Unsafe has been called
WARNING: sun.misc.Unsafe::arrayBaseOffset has been called by com.sourcegraph.shaded.com.google.protobuf.UnsafeUtil$MemoryAccessor (file:/C:/Users/EbrimaMbye/AppData/Local/bloop/cache/semanticdb/com.sourcegraph.semanticdb-javac.0.11.1/semanticdb-javac-0.11.1.jar)
WARNING: Please consider reporting this to the maintainers of class com.sourcegraph.shaded.com.google.protobuf.UnsafeUtil$MemoryAccessor
WARNING: sun.misc.Unsafe::arrayBaseOffset will be removed in a future release
C:\Users\EbrimaMbye\Desktop\A_Teaching\lima-final-programming-II\unibank_api\src\main\java\com\unibank\api\accounts\Account.java:31: error: cannot find symbol
        dto.setUuid(getUuid());
                    ^
  symbol:   method getUuid()
  location: class Account
C:\Users\EbrimaMbye\Desktop\A_Teaching\lima-final-programming-II\unibank_api\src\main\java\com\unibank\api\accounts\Account.java:32: error: cannot find symbol
        dto.setAccountNumber(accountNumber);
           ^
  symbol:   method setAccountNumber(Long)
  location: variable dto of type AccountResponseDTO
C:\Users\EbrimaMbye\Desktop\A_Teaching\lima-final-programming-II\unibank_api\src\main\java\com\unibank\api\accounts\Account.java:33: error: cannot find symbol
        dto.setBalance(balance);
           ^
  symbol:   method setBalance(Double)
  location: variable dto of type AccountResponseDTO
C:\Users\EbrimaMbye\Desktop\A_Teaching\lima-final-programming-II\unibank_api\src\main\java\com\unibank\api\accounts\Account.java:34: error: cannot find symbol
        dto.setCustomer(customer.toResponseDTO());
           ^
  symbol:   method setCustomer(CustomerResponseDTO)
  location: variable dto of type AccountResponseDTO
C:\Users\EbrimaMbye\Desktop\A_Teaching\lima-final-programming-II\unibank_api\src\main\java\com\unibank\api\accounts\Account.java:35: error: cannot find symbol
        dto.setAccountType(accountType.getType());
                                      ^
  symbol:   method getType()
  location: variable accountType of type AccountType
C:\Users\EbrimaMbye\Desktop\A_Teaching\lima-final-programming-II\unibank_api\src\main\java\com\unibank\api\accounts\Account.java:36: error: cannot find symbol
        dto.setStatus(getStatus());
                      ^
  symbol:   method getStatus()
  location: class Account
C:\Users\EbrimaMbye\Desktop\A_Teaching\lima-final-programming-II\unibank_api\src\main\java\com\unibank\api\accounts\Account.java:37: error: cannot find symbol
        dto.setCreatedAt(getCreatedAt());
                         ^
  symbol:   method getCreatedAt()
  location: class Account
C:\Users\EbrimaMbye\Desktop\A_Teaching\lima-final-programming-II\unibank_api\src\main\java\com\unibank\api\accounts\Account.java:38: error: cannot find symbol
        dto.setUpdatedAt(getUpdatedAt());
                         ^
  symbol:   method getUpdatedAt()
  location: class Account
C:\Users\EbrimaMbye\Desktop\A_Teaching\lima-final-programming-II\unibank_api\src\main\java\com\unibank\api\customers\Customer.java:34: error: cannot find symbol
        responseDTO.setUuid(getUuid());
                            ^
  symbol:   method getUuid()
  location: class Customer
C:\Users\EbrimaMbye\Desktop\A_Teaching\lima-final-programming-II\unibank_api\src\main\java\com\unibank\api\customers\Customer.java:35: error: cannot find symbol
        responseDTO.setFullName(getFullName());
                                ^
  symbol:   method getFullName()
  location: class Customer
C:\Users\EbrimaMbye\Desktop\A_Teaching\lima-final-programming-II\unibank_api\src\main\java\com\unibank\api\customers\Customer.java:36: error: cannot find symbol
        responseDTO.setDob(getDob());
                           ^
  symbol:   method getDob()
  location: class Customer
C:\Users\EbrimaMbye\Desktop\A_Teaching\lima-final-programming-II\unibank_api\src\main\java\com\unibank\api\customers\Customer.java:37: error: cannot find symbol
        responseDTO.setPhoneNumber(getPhoneNumber());
                                   ^
  symbol:   method getPhoneNumber()
  location: class Customer
C:\Users\EbrimaMbye\Desktop\A_Teaching\lima-final-programming-II\unibank_api\src\main\java\com\unibank\api\customers\Customer.java:38: error: cannot find symbol
        responseDTO.setEmail(getEmail());
                             ^
  symbol:   method getEmail()
  location: class Customer
C:\Users\EbrimaMbye\Desktop\A_Teaching\lima-final-programming-II\unibank_api\src\main\java\com\unibank\api\customers\Customer.java:39: error: cannot find symbol
        responseDTO.setAddress(getAddress());
                               ^
  symbol:   method getAddress()
  location: class Customer
C:\Users\EbrimaMbye\Desktop\A_Teaching\lima-final-programming-II\unibank_api\src\main\java\com\unibank\api\customers\Customer.java:40: error: cannot find symbol
        responseDTO.setNationalId(getNationalId());
                                  ^
  symbol:   method getNationalId()
  location: class Customer
C:\Users\EbrimaMbye\Desktop\A_Teaching\lima-final-programming-II\unibank_api\src\main\java\com\unibank\api\customers\Customer.java:41: error: cannot find symbol
        responseDTO.setCreatedAt(getCreatedAt());
                                 ^
  symbol:   method getCreatedAt()
  location: class Customer
C:\Users\EbrimaMbye\Desktop\A_Teaching\lima-final-programming-II\unibank_api\src\main\java\com\unibank\api\customers\Customer.java:42: error: cannot find symbol
        responseDTO.setUpdatedAt(getUpdatedAt());
                                 ^
  symbol:   method getUpdatedAt()
  location: class Customer
C:\Users\EbrimaMbye\Desktop\A_Teaching\lima-final-programming-II\unibank_api\src\main\java\com\unibank\api\customers\Customer.java:43: error: cannot find symbol
        responseDTO.setStatus(getStatus());
                              ^
  symbol:   method getStatus()
  location: class Customer
C:\Users\EbrimaMbye\Desktop\A_Teaching\lima-final-programming-II\unibank_api\src\main\java\com\unibank\api\accounts\AccountType.java:26: error: cannot find symbol
        responseDTO.setUuid(getUuid());
                            ^
  symbol:   method getUuid()
  location: class AccountType
C:\Users\EbrimaMbye\Desktop\A_Teaching\lima-final-programming-II\unibank_api\src\main\java\com\unibank\api\accounts\AccountType.java:27: error: cannot find symbol
        responseDTO.setType(getType());
                            ^
  symbol:   method getType()
  location: class AccountType
C:\Users\EbrimaMbye\Desktop\A_Teaching\lima-final-programming-II\unibank_api\src\main\java\com\unibank\api\accounts\AccountType.java:28: error: cannot find symbol
        responseDTO.setStatus(getStatus());
                              ^
  symbol:   method getStatus()
  location: class AccountType
C:\Users\EbrimaMbye\Desktop\A_Teaching\lima-final-programming-II\unibank_api\src\main\java\com\unibank\api\accounts\AccountType.java:29: error: cannot find symbol
        responseDTO.setCreatedAt(getCreatedAt());
                                 ^
  symbol:   method getCreatedAt()
  location: class AccountType
C:\Users\EbrimaMbye\Desktop\A_Teaching\lima-final-programming-II\unibank_api\src\main\java\com\unibank\api\accounts\AccountType.java:30: error: cannot find symbol
        responseDTO.setUpdatedAt(getUpdatedAt());
                                 ^
  symbol:   method getUpdatedAt()
  location: class AccountType
C:\Users\EbrimaMbye\Desktop\A_Teaching\lima-final-programming-II\unibank_api\src\main\java\com\unibank\api\accounts\AccountService.java:37: error: cannot find symbol
        Customer customer = customerRepository.findById(request.getCustomerId())
                                                               ^
  symbol:   method getCustomerId()
  location: variable request of type AccountCreateDTO
C:\Users\EbrimaMbye\Desktop\A_Teaching\lima-final-programming-II\unibank_api\src\main\java\com\unibank\api\accounts\AccountService.java:40: error: cannot find symbol
        AccountType accountType = accountTypeRepository.findById(request.getAccountTypeId())
                                                                        ^
  symbol:   method getAccountTypeId()
  location: variable request of type AccountCreateDTO
C:\Users\EbrimaMbye\Desktop\A_Teaching\lima-final-programming-II\unibank_api\src\main\java\com\unibank\api\accounts\AccountService.java:44: error: cannot find symbol
        account.setCustomer(customer);
               ^
  symbol:   method setCustomer(Customer)
  location: variable account of type Account
C:\Users\EbrimaMbye\Desktop\A_Teaching\lima-final-programming-II\unibank_api\src\main\java\com\unibank\api\accounts\AccountService.java:45: error: cannot find symbol
        account.setAccountType(accountType);
               ^
  symbol:   method setAccountType(AccountType)
  location: variable account of type Account
C:\Users\EbrimaMbye\Desktop\A_Teaching\lima-final-programming-II\unibank_api\src\main\java\com\unibank\api\accounts\AccountService.java:46: error: cannot find symbol
        account.setBalance(request.getInitialBalance());
                                  ^
  symbol:   method getInitialBalance()
  location: variable request of type AccountCreateDTO
C:\Users\EbrimaMbye\Desktop\A_Teaching\lima-final-programming-II\unibank_api\src\main\java\com\unibank\api\accounts\AccountService.java:47: error: cannot find symbol
        account.setAccountNumber(generateAccountNumber());
               ^
  symbol:   method setAccountNumber(Long)
  location: variable account of type Account
C:\Users\EbrimaMbye\Desktop\A_Teaching\lima-final-programming-II\unibank_api\src\main\java\com\unibank\api\accounts\AccountService.java:74: error: cannot find symbol
        AccountType accountType = accountTypeRepository.findById(request.getAccountTypeId())
                                                                        ^
  symbol:   method getAccountTypeId()
  location: variable request of type AccountUpdateDTO
C:\Users\EbrimaMbye\Desktop\A_Teaching\lima-final-programming-II\unibank_api\src\main\java\com\unibank\api\accounts\AccountService.java:77: error: cannot find symbol
        account.setAccountType(accountType);
               ^
  symbol:   method setAccountType(AccountType)
  location: variable account of type Account
C:\Users\EbrimaMbye\Desktop\A_Teaching\lima-final-programming-II\unibank_api\src\main\java\com\unibank\api\accounts\AccountService.java:87: error: cannot find symbol
        account.setStatus(BaseEntity.Status.INACTIVE);
               ^
  symbol:   method setStatus(Status)
  location: variable account of type Account
C:\Users\EbrimaMbye\Desktop\A_Teaching\lima-final-programming-II\unibank_api\src\main\java\com\unibank\api\advice\AuthenticationAdvice.java:19: error: cannot find symbol
        ApiErrorResponse response = ApiErrorResponse.builder()
                                                    ^
  symbol:   method builder()
  location: class ApiErrorResponse
C:\Users\EbrimaMbye\Desktop\A_Teaching\lima-final-programming-II\unibank_api\src\main\java\com\unibank\api\advice\AuthenticationAdvice.java:31: error: cannot find symbol
        ApiErrorResponse response = ApiErrorResponse.builder()
                                                    ^
  symbol:   method builder()
  location: class ApiErrorResponse
C:\Users\EbrimaMbye\Desktop\A_Teaching\lima-final-programming-II\unibank_api\src\main\java\com\unibank\api\advice\GlobalAdvice.java:28: error: cannot find symbol
        ApiErrorResponse response = ApiErrorResponse.builder()
                                                    ^
  symbol:   method builder()
  location: class ApiErrorResponse
C:\Users\EbrimaMbye\Desktop\A_Teaching\lima-final-programming-II\unibank_api\src\main\java\com\unibank\api\advice\GlobalAdvice.java:42: error: cannot find symbol
        ApiErrorResponse response = ApiErrorResponse.builder()
                                                    ^
  symbol:   method builder()
  location: class ApiErrorResponse
C:\Users\EbrimaMbye\Desktop\A_Teaching\lima-final-programming-II\unibank_api\src\main\java\com\unibank\api\configurations\jwt\JwtUtil.java:41: error: cannot find symbol
            log.debug("Token is null or empty");
            ^
  symbol:   variable log
  location: class JwtUtil
C:\Users\EbrimaMbye\Desktop\A_Teaching\lima-final-programming-II\unibank_api\src\main\java\com\unibank\api\configurations\jwt\JwtUtil.java:52: error: cannot find symbol
            log.warn("JWT token expired for token: {}", token.substring(0, Math.min(20, token.length())));
            ^
  symbol:   variable log
  location: class JwtUtil
C:\Users\EbrimaMbye\Desktop\A_Teaching\lima-final-programming-II\unibank_api\src\main\java\com\unibank\api\configurations\jwt\JwtUtil.java:54: error: cannot find symbol
            log.error("Invalid JWT token: {}", e.getMessage());
            ^
  symbol:   variable log
  location: class JwtUtil
C:\Users\EbrimaMbye\Desktop\A_Teaching\lima-final-programming-II\unibank_api\src\main\java\com\unibank\api\configurations\jwt\JwtUtil.java:56: error: cannot find symbol
            log.error("Unexpected error validating JWT: {}", e.getMessage(), e);
            ^
  symbol:   variable log
  location: class JwtUtil
C:\Users\EbrimaMbye\Desktop\A_Teaching\lima-final-programming-II\unibank_api\src\main\java\com\unibank\api\users\User.java:26: error: User is not abstract and does not override abstract method getUsername() in UserDetails
public class User extends BaseEntity implements UserDetails {
       ^
C:\Users\EbrimaMbye\Desktop\A_Teaching\lima-final-programming-II\unibank_api\src\main\java\com\unibank\api\users\User.java:43: error: cannot find symbol
        response.setUuid(getUuid());
                         ^
  symbol:   method getUuid()
  location: class User
C:\Users\EbrimaMbye\Desktop\A_Teaching\lima-final-programming-II\unibank_api\src\main\java\com\unibank\api\users\User.java:44: error: cannot find symbol
        response.setFirstName(firstName);
                ^
  symbol:   method setFirstName(String)
  location: variable response of type UserResponseDTO
C:\Users\EbrimaMbye\Desktop\A_Teaching\lima-final-programming-II\unibank_api\src\main\java\com\unibank\api\users\User.java:45: error: cannot find symbol
        response.setLastName(lastName);
                ^
  symbol:   method setLastName(String)
  location: variable response of type UserResponseDTO
C:\Users\EbrimaMbye\Desktop\A_Teaching\lima-final-programming-II\unibank_api\src\main\java\com\unibank\api\users\User.java:46: error: cannot find symbol
        response.setEmail(email);
                ^
  symbol:   method setEmail(String)
  location: variable response of type UserResponseDTO
C:\Users\EbrimaMbye\Desktop\A_Teaching\lima-final-programming-II\unibank_api\src\main\java\com\unibank\api\users\User.java:47: error: cannot find symbol
        response.setCreatedAt(getCreatedAt());
                              ^
  symbol:   method getCreatedAt()
  location: class User
C:\Users\EbrimaMbye\Desktop\A_Teaching\lima-final-programming-II\unibank_api\src\main\java\com\unibank\api\users\User.java:48: error: cannot find symbol
        response.setUpdatedAt(getUpdatedAt());
                              ^
  symbol:   method getUpdatedAt()
  location: class User
C:\Users\EbrimaMbye\Desktop\A_Teaching\lima-final-programming-II\unibank_api\src\main\java\com\unibank\api\users\User.java:49: error: cannot find symbol
        response.setUsername(username);
                ^
  symbol:   method setUsername(String)
  location: variable response of type UserResponseDTO
C:\Users\EbrimaMbye\Desktop\A_Teaching\lima-final-programming-II\unibank_api\src\main\java\com\unibank\api\users\User.java:50: error: cannot find symbol
        response.setRoles(getAuthorities().stream().map(GrantedAuthority::getAuthority).collect(Collectors.toSet()));
                ^
  symbol:   method setRoles(Set<String>)
  location: variable response of type UserResponseDTO
C:\Users\EbrimaMbye\Desktop\A_Teaching\lima-final-programming-II\unibank_api\src\main\java\com\unibank\api\users\User.java:51: error: cannot find symbol
        response.setStatus(getStatus());
                           ^
  symbol:   method getStatus()
  location: class User
C:\Users\EbrimaMbye\Desktop\A_Teaching\lima-final-programming-II\unibank_api\src\main\java\com\unibank\api\users\User.java:59: error: cannot find symbol
                .map(role -> new SimpleGrantedAuthority(role.getName().name()))
                                                            ^
  symbol:   method getName()
  location: variable role of type Role
C:\Users\EbrimaMbye\Desktop\A_Teaching\lima-final-programming-II\unibank_api\src\main\java\com\unibank\api\roles\Role.java:24: error: cannot find symbol
        responseDTO.setUuid(getUuid());
                            ^
  symbol:   method getUuid()
  location: class Role
C:\Users\EbrimaMbye\Desktop\A_Teaching\lima-final-programming-II\unibank_api\src\main\java\com\unibank\api\roles\Role.java:25: error: cannot find symbol
        responseDTO.setName(getName());
                            ^
  symbol:   method getName()
  location: class Role
C:\Users\EbrimaMbye\Desktop\A_Teaching\lima-final-programming-II\unibank_api\src\main\java\com\unibank\api\roles\Role.java:26: error: cannot find symbol
        responseDTO.setStatus(getStatus());
                              ^
  symbol:   method getStatus()
  location: class Role
C:\Users\EbrimaMbye\Desktop\A_Teaching\lima-final-programming-II\unibank_api\src\main\java\com\unibank\api\roles\Role.java:27: error: cannot find symbol
        responseDTO.setCreatedAt(getCreatedAt());
                                 ^
  symbol:   method getCreatedAt()
  location: class Role
C:\Users\EbrimaMbye\Desktop\A_Teaching\lima-final-programming-II\unibank_api\src\main\java\com\unibank\api\roles\Role.java:28: error: cannot find symbol
        responseDTO.setUpdatedAt(getUpdatedAt());
                                 ^
  symbol:   method getUpdatedAt()
  location: class Role
C:\Users\EbrimaMbye\Desktop\A_Teaching\lima-final-programming-II\unibank_api\src\main\java\com\unibank\api\customers\CustomerService.java:26: error: cannot find symbol
        customer.setFullName(request.getFullName());
                                    ^
  symbol:   method getFullName()
  location: variable request of type CustomerCreateDTO
C:\Users\EbrimaMbye\Desktop\A_Teaching\lima-final-programming-II\unibank_api\src\main\java\com\unibank\api\customers\CustomerService.java:27: error: cannot find symbol
        customer.setDob(request.getDob());
                               ^
  symbol:   method getDob()
  location: variable request of type CustomerCreateDTO
C:\Users\EbrimaMbye\Desktop\A_Teaching\lima-final-programming-II\unibank_api\src\main\java\com\unibank\api\customers\CustomerService.java:28: error: cannot find symbol
        customer.setPhoneNumber(request.getPhoneNumber());
                                       ^
  symbol:   method getPhoneNumber()
  location: variable request of type CustomerCreateDTO
C:\Users\EbrimaMbye\Desktop\A_Teaching\lima-final-programming-II\unibank_api\src\main\java\com\unibank\api\customers\CustomerService.java:29: error: cannot find symbol
        customer.setEmail(request.getEmail());
                                 ^
  symbol:   method getEmail()
  location: variable request of type CustomerCreateDTO
C:\Users\EbrimaMbye\Desktop\A_Teaching\lima-final-programming-II\unibank_api\src\main\java\com\unibank\api\customers\CustomerService.java:30: error: cannot find symbol
        customer.setAddress(request.getAddress());
                                   ^
  symbol:   method getAddress()
  location: variable request of type CustomerCreateDTO
C:\Users\EbrimaMbye\Desktop\A_Teaching\lima-final-programming-II\unibank_api\src\main\java\com\unibank\api\customers\CustomerService.java:31: error: cannot find symbol
        customer.setNationalId(request.getNationalId());
                                      ^
  symbol:   method getNationalId()
  location: variable request of type CustomerCreateDTO
C:\Users\EbrimaMbye\Desktop\A_Teaching\lima-final-programming-II\unibank_api\src\main\java\com\unibank\api\customers\CustomerService.java:57: error: cannot find symbol
        customer.setFullName(request.getFullName());
                                    ^
  symbol:   method getFullName()
  location: variable request of type CustomerUpdateDTO
C:\Users\EbrimaMbye\Desktop\A_Teaching\lima-final-programming-II\unibank_api\src\main\java\com\unibank\api\customers\CustomerService.java:58: error: cannot find symbol
        customer.setDob(request.getDob());
                               ^
  symbol:   method getDob()
  location: variable request of type CustomerUpdateDTO
C:\Users\EbrimaMbye\Desktop\A_Teaching\lima-final-programming-II\unibank_api\src\main\java\com\unibank\api\customers\CustomerService.java:59: error: cannot find symbol
        customer.setPhoneNumber(request.getPhoneNumber());
                                       ^
  symbol:   method getPhoneNumber()
  location: variable request of type CustomerUpdateDTO
C:\Users\EbrimaMbye\Desktop\A_Teaching\lima-final-programming-II\unibank_api\src\main\java\com\unibank\api\customers\CustomerService.java:60: error: cannot find symbol
        customer.setEmail(request.getEmail());
                                 ^
  symbol:   method getEmail()
  location: variable request of type CustomerUpdateDTO
C:\Users\EbrimaMbye\Desktop\A_Teaching\lima-final-programming-II\unibank_api\src\main\java\com\unibank\api\customers\CustomerService.java:61: error: cannot find symbol
        customer.setAddress(request.getAddress());
                                   ^
  symbol:   method getAddress()
  location: variable request of type CustomerUpdateDTO
C:\Users\EbrimaMbye\Desktop\A_Teaching\lima-final-programming-II\unibank_api\src\main\java\com\unibank\api\customers\CustomerService.java:62: error: cannot find symbol
        customer.setNationalId(request.getNationalId());
                                      ^
  symbol:   method getNationalId()
  location: variable request of type CustomerUpdateDTO
C:\Users\EbrimaMbye\Desktop\A_Teaching\lima-final-programming-II\unibank_api\src\main\java\com\unibank\api\customers\CustomerService.java:72: error: cannot find symbol
        customer.setStatus(BaseEntity.Status.INACTIVE);
                ^
  symbol:   method setStatus(Status)
  location: variable customer of type Customer
C:\Users\EbrimaMbye\Desktop\A_Teaching\lima-final-programming-II\unibank_api\src\main\java\com\unibank\api\reports\ReportService.java:38: error: invalid method reference
        Double transactionTotal = transactionRepository.findAll().stream().map(Transaction::getAmount)
                                                                               ^
  cannot find symbol
    symbol:   method getAmount()
    location: class Transaction
C:\Users\EbrimaMbye\Desktop\A_Teaching\lima-final-programming-II\unibank_api\src\main\java\com\unibank\api\reports\ReportService.java:41: error: cannot find symbol
        return DashboardResponseDTO.builder()
                                   ^
  symbol:   method builder()
  location: class DashboardResponseDTO
C:\Users\EbrimaMbye\Desktop\A_Teaching\lima-final-programming-II\unibank_api\src\main\java\com\unibank\api\transactions\Transaction.java:36: error: cannot find symbol
        dto.setUuid(getUuid());
                    ^
  symbol:   method getUuid()
  location: class Transaction
C:\Users\EbrimaMbye\Desktop\A_Teaching\lima-final-programming-II\unibank_api\src\main\java\com\unibank\api\transactions\Transaction.java:37: error: cannot find symbol
        dto.setAccount(account.toResponseDTO());
           ^
  symbol:   method setAccount(AccountResponseDTO)
  location: variable dto of type TransactionResponseDTO
C:\Users\EbrimaMbye\Desktop\A_Teaching\lima-final-programming-II\unibank_api\src\main\java\com\unibank\api\transactions\Transaction.java:38: error: cannot find symbol
        dto.setTransactionType(transactionType.getTransactionType());
                                              ^
  symbol:   method getTransactionType()
  location: variable transactionType of type TransactionType
C:\Users\EbrimaMbye\Desktop\A_Teaching\lima-final-programming-II\unibank_api\src\main\java\com\unibank\api\transactions\Transaction.java:39: error: cannot find symbol
        dto.setAmount(amount);
           ^
  symbol:   method setAmount(Double)
  location: variable dto of type TransactionResponseDTO
C:\Users\EbrimaMbye\Desktop\A_Teaching\lima-final-programming-II\unibank_api\src\main\java\com\unibank\api\transactions\Transaction.java:40: error: cannot find symbol
        dto.setPerformedBy(performedBy != null ? performedBy.toUserResponseDTO() : null);
           ^
  symbol:   method setPerformedBy(performedB[...] null)
  location: variable dto of type TransactionResponseDTO
C:\Users\EbrimaMbye\Desktop\A_Teaching\lima-final-programming-II\unibank_api\src\main\java\com\unibank\api\transactions\Transaction.java:41: error: cannot find symbol
        dto.setStatus(getStatus());
                      ^
  symbol:   method getStatus()
  location: class Transaction
C:\Users\EbrimaMbye\Desktop\A_Teaching\lima-final-programming-II\unibank_api\src\main\java\com\unibank\api\transactions\Transaction.java:42: error: cannot find symbol
        dto.setCreatedAt(getCreatedAt());
                         ^
  symbol:   method getCreatedAt()
  location: class Transaction
C:\Users\EbrimaMbye\Desktop\A_Teaching\lima-final-programming-II\unibank_api\src\main\java\com\unibank\api\transactions\Transaction.java:43: error: cannot find symbol
        dto.setUpdatedAt(getUpdatedAt());
                         ^
  symbol:   method getUpdatedAt()
  location: class Transaction
C:\Users\EbrimaMbye\Desktop\A_Teaching\lima-final-programming-II\unibank_api\src\main\java\com\unibank\api\transactions\TransactionType.java:24: error: cannot find symbol
        responseDTO.setUuid(getUuid());
                            ^
  symbol:   method getUuid()
  location: class TransactionType
C:\Users\EbrimaMbye\Desktop\A_Teaching\lima-final-programming-II\unibank_api\src\main\java\com\unibank\api\transactions\TransactionType.java:25: error: cannot find symbol
        responseDTO.setTransactionType(getTransactionType());
                                       ^
  symbol:   method getTransactionType()
  location: class TransactionType
C:\Users\EbrimaMbye\Desktop\A_Teaching\lima-final-programming-II\unibank_api\src\main\java\com\unibank\api\transactions\TransactionType.java:26: error: cannot find symbol
        responseDTO.setStatus(getStatus());
                              ^
  symbol:   method getStatus()
  location: class TransactionType
C:\Users\EbrimaMbye\Desktop\A_Teaching\lima-final-programming-II\unibank_api\src\main\java\com\unibank\api\transactions\TransactionType.java:27: error: cannot find symbol
        responseDTO.setCreatedAt(getCreatedAt());
                                 ^
  symbol:   method getCreatedAt()
  location: class TransactionType
C:\Users\EbrimaMbye\Desktop\A_Teaching\lima-final-programming-II\unibank_api\src\main\java\com\unibank\api\transactions\TransactionType.java:28: error: cannot find symbol
        responseDTO.setUpdatedAt(getUpdatedAt());
                                 ^
  symbol:   method getUpdatedAt()
  location: class TransactionType
C:\Users\EbrimaMbye\Desktop\A_Teaching\lima-final-programming-II\unibank_api\src\main\java\com\unibank\api\seeders\AccountTypeSeederServiceService.java:21: error: cannot find symbol
                type.setType(eType);
                    ^
  symbol:   method setType(EAccountType)
  location: variable type of type AccountType
C:\Users\EbrimaMbye\Desktop\A_Teaching\lima-final-programming-II\unibank_api\src\main\java\com\unibank\api\seeders\AdminUserSeederService.java:40: error: cannot find symbol
        user.setFirstName(firstName);
            ^
  symbol:   method setFirstName(String)
  location: variable user of type User
C:\Users\EbrimaMbye\Desktop\A_Teaching\lima-final-programming-II\unibank_api\src\main\java\com\unibank\api\seeders\AdminUserSeederService.java:41: error: cannot find symbol
        user.setLastName(lastName);
            ^
  symbol:   method setLastName(String)
  location: variable user of type User
C:\Users\EbrimaMbye\Desktop\A_Teaching\lima-final-programming-II\unibank_api\src\main\java\com\unibank\api\seeders\AdminUserSeederService.java:42: error: cannot find symbol
        user.setUsername(username);
            ^
  symbol:   method setUsername(String)
  location: variable user of type User
C:\Users\EbrimaMbye\Desktop\A_Teaching\lima-final-programming-II\unibank_api\src\main\java\com\unibank\api\seeders\AdminUserSeederService.java:43: error: cannot find symbol
        user.setEmail(email);
            ^
  symbol:   method setEmail(String)
  location: variable user of type User
C:\Users\EbrimaMbye\Desktop\A_Teaching\lima-final-programming-II\unibank_api\src\main\java\com\unibank\api\seeders\AdminUserSeederService.java:44: error: cannot find symbol
        user.setPassword(passwordEncoder.encode(DEFAULT_PASSWORD));
            ^
  symbol:   method setPassword(String)
  location: variable user of type User
C:\Users\EbrimaMbye\Desktop\A_Teaching\lima-final-programming-II\unibank_api\src\main\java\com\unibank\api\seeders\AdminUserSeederService.java:45: error: cannot find symbol
        user.setRoles(Set.of(roleRepository.findByName(role)
            ^
  symbol:   method setRoles(Set<Role>)
  location: variable user of type User
C:\Users\EbrimaMbye\Desktop\A_Teaching\lima-final-programming-II\unibank_api\src\main\java\com\unibank\api\seeders\RoleSeederServiceService.java:21: error: cannot find symbol
                role.setName(eRole);
                    ^
  symbol:   method setName(ERole)
  location: variable role of type Role
C:\Users\EbrimaMbye\Desktop\A_Teaching\lima-final-programming-II\unibank_api\src\main\java\com\unibank\api\seeders\TransactionTypeSeederServiceService.java:24: error: cannot find symbol
                transactionType.setTransactionType(eTransactionType);
                               ^
  symbol:   method setTransactionType(ETransactionType)
  location: variable transactionType of type TransactionType
C:\Users\EbrimaMbye\Desktop\A_Teaching\lima-final-programming-II\unibank_api\src\main\java\com\unibank\api\transactions\TransactionService.java:43: error: cannot find symbol
        Account account = accountRepository.findById(request.getAccountId())
                                                            ^
  symbol:   method getAccountId()
  location: variable request of type TransactionCreateDTO
C:\Users\EbrimaMbye\Desktop\A_Teaching\lima-final-programming-II\unibank_api\src\main\java\com\unibank\api\transactions\TransactionService.java:47: error: cannot find symbol
                .findById(request.getTransactionTypeId())
                                 ^
  symbol:   method getTransactionTypeId()
  location: variable request of type TransactionCreateDTO
C:\Users\EbrimaMbye\Desktop\A_Teaching\lima-final-programming-II\unibank_api\src\main\java\com\unibank\api\transactions\TransactionService.java:50: error: cannot find symbol
        User user = request.getPerformedBy() != null
                           ^
  symbol:   method getPerformedBy()
  location: variable request of type TransactionCreateDTO
C:\Users\EbrimaMbye\Desktop\A_Teaching\lima-final-programming-II\unibank_api\src\main\java\com\unibank\api\transactions\TransactionService.java:51: error: cannot find symbol
                ? userRepository.findById(request.getPerformedBy())
                                                 ^
  symbol:   method getPerformedBy()
  location: variable request of type TransactionCreateDTO
C:\Users\EbrimaMbye\Desktop\A_Teaching\lima-final-programming-II\unibank_api\src\main\java\com\unibank\api\transactions\TransactionService.java:55: error: cannot find symbol
        validateAndApplyBalance(account, transactionType, request.getAmount());
                                                                 ^
  symbol:   method getAmount()
  location: variable request of type TransactionCreateDTO
C:\Users\EbrimaMbye\Desktop\A_Teaching\lima-final-programming-II\unibank_api\src\main\java\com\unibank\api\transactions\TransactionService.java:58: error: cannot find symbol
        transaction.setAccount(account);
                   ^
  symbol:   method setAccount(Account)
  location: variable transaction of type Transaction
C:\Users\EbrimaMbye\Desktop\A_Teaching\lima-final-programming-II\unibank_api\src\main\java\com\unibank\api\transactions\TransactionService.java:59: error: cannot find symbol
        transaction.setTransactionType(transactionType);
                   ^
  symbol:   method setTransactionType(TransactionType)
  location: variable transaction of type Transaction
100 errors
only showing the first 100 errors, of 122 total; use -Xmaxerrs if you would like to see more.
2026.01.14 16:05:43 WARN  Unexpected javac output: WARNING: A terminally deprecated method in sun.misc.Unsafe has been called
WARNING: sun.misc.Unsafe::arrayBaseOffset has been called by com.sourcegraph.shaded.com.google.protobuf.UnsafeUtil$MemoryAccessor (file:/C:/Users/EbrimaMbye/AppData/Local/bloop/cache/semanticdb/com.sourcegraph.semanticdb-javac.0.11.1/semanticdb-javac-0.11.1.jar)
WARNING: Please consider reporting this to the maintainers of class com.sourcegraph.shaded.com.google.protobuf.UnsafeUtil$MemoryAccessor
WARNING: sun.misc.Unsafe::arrayBaseOffset will be removed in a future release
C:\Users\EbrimaMbye\Desktop\A_Teaching\lima-final-programming-II\unibank_api\src\main\java\com\unibank\api\accounts\Account.java:31: error: cannot find symbol
        dto.setUuid(getUuid());
                    ^
  symbol:   method getUuid()
  location: class Account
C:\Users\EbrimaMbye\Desktop\A_Teaching\lima-final-programming-II\unibank_api\src\main\java\com\unibank\api\accounts\Account.java:32: error: cannot find symbol
        dto.setAccountNumber(accountNumber);
           ^
  symbol:   method setAccountNumber(Long)
  location: variable dto of type AccountResponseDTO
C:\Users\EbrimaMbye\Desktop\A_Teaching\lima-final-programming-II\unibank_api\src\main\java\com\unibank\api\accounts\Account.java:33: error: cannot find symbol
        dto.setBalance(balance);
           ^
  symbol:   method setBalance(Double)
  location: variable dto of type AccountResponseDTO
C:\Users\EbrimaMbye\Desktop\A_Teaching\lima-final-programming-II\unibank_api\src\main\java\com\unibank\api\accounts\Account.java:34: error: cannot find symbol
        dto.setCustomer(customer.toResponseDTO());
           ^
  symbol:   method setCustomer(CustomerResponseDTO)
  location: variable dto of type AccountResponseDTO
C:\Users\EbrimaMbye\Desktop\A_Teaching\lima-final-programming-II\unibank_api\src\main\java\com\unibank\api\accounts\Account.java:35: error: cannot find symbol
        dto.setAccountType(accountType.getType());
                                      ^
  symbol:   method getType()
  location: variable accountType of type AccountType
C:\Users\EbrimaMbye\Desktop\A_Teaching\lima-final-programming-II\unibank_api\src\main\java\com\unibank\api\accounts\Account.java:36: error: cannot find symbol
        dto.setStatus(getStatus());
                      ^
  symbol:   method getStatus()
  location: class Account
C:\Users\EbrimaMbye\Desktop\A_Teaching\lima-final-programming-II\unibank_api\src\main\java\com\unibank\api\accounts\Account.java:37: error: cannot find symbol
        dto.setCreatedAt(getCreatedAt());
                         ^
  symbol:   method getCreatedAt()
  location: class Account
C:\Users\EbrimaMbye\Desktop\A_Teaching\lima-final-programming-II\unibank_api\src\main\java\com\unibank\api\accounts\Account.java:38: error: cannot find symbol
        dto.setUpdatedAt(getUpdatedAt());
                         ^
  symbol:   method getUpdatedAt()
  location: class Account
C:\Users\EbrimaMbye\Desktop\A_Teaching\lima-final-programming-II\unibank_api\src\main\java\com\unibank\api\customers\Customer.java:34: error: cannot find symbol
        responseDTO.setUuid(getUuid());
                            ^
  symbol:   method getUuid()
  location: class Customer
C:\Users\EbrimaMbye\Desktop\A_Teaching\lima-final-programming-II\unibank_api\src\main\java\com\unibank\api\customers\Customer.java:35: error: cannot find symbol
        responseDTO.setFullName(getFullName());
                                ^
  symbol:   method getFullName()
  location: class Customer
C:\Users\EbrimaMbye\Desktop\A_Teaching\lima-final-programming-II\unibank_api\src\main\java\com\unibank\api\customers\Customer.java:36: error: cannot find symbol
        responseDTO.setDob(getDob());
                           ^
  symbol:   method getDob()
  location: class Customer
C:\Users\EbrimaMbye\Desktop\A_Teaching\lima-final-programming-II\unibank_api\src\main\java\com\unibank\api\customers\Customer.java:37: error: cannot find symbol
        responseDTO.setPhoneNumber(getPhoneNumber());
                                   ^
  symbol:   method getPhoneNumber()
  location: class Customer
C:\Users\EbrimaMbye\Desktop\A_Teaching\lima-final-programming-II\unibank_api\src\main\java\com\unibank\api\customers\Customer.java:38: error: cannot find symbol
        responseDTO.setEmail(getEmail());
                             ^
  symbol:   method getEmail()
  location: class Customer
C:\Users\EbrimaMbye\Desktop\A_Teaching\lima-final-programming-II\unibank_api\src\main\java\com\unibank\api\customers\Customer.java:39: error: cannot find symbol
        responseDTO.setAddress(getAddress());
                               ^
  symbol:   method getAddress()
  location: class Customer
C:\Users\EbrimaMbye\Desktop\A_Teaching\lima-final-programming-II\unibank_api\src\main\java\com\unibank\api\customers\Customer.java:40: error: cannot find symbol
        responseDTO.setNationalId(getNationalId());
                                  ^
  symbol:   method getNationalId()
  location: class Customer
C:\Users\EbrimaMbye\Desktop\A_Teaching\lima-final-programming-II\unibank_api\src\main\java\com\unibank\api\customers\Customer.java:41: error: cannot find symbol
        responseDTO.setCreatedAt(getCreatedAt());
                                 ^
  symbol:   method getCreatedAt()
  location: class Customer
C:\Users\EbrimaMbye\Desktop\A_Teaching\lima-final-programming-II\unibank_api\src\main\java\com\unibank\api\customers\Customer.java:42: error: cannot find symbol
        responseDTO.setUpdatedAt(getUpdatedAt());
                                 ^
  symbol:   method getUpdatedAt()
  location: class Customer
C:\Users\EbrimaMbye\Desktop\A_Teaching\lima-final-programming-II\unibank_api\src\main\java\com\unibank\api\customers\Customer.java:43: error: cannot find symbol
        responseDTO.setStatus(getStatus());
                              ^
  symbol:   method getStatus()
  location: class Customer
C:\Users\EbrimaMbye\Desktop\A_Teaching\lima-final-programming-II\unibank_api\src\main\java\com\unibank\api\accounts\AccountType.java:26: error: cannot find symbol
        responseDTO.setUuid(getUuid());
                            ^
  symbol:   method getUuid()
  location: class AccountType
C:\Users\EbrimaMbye\Desktop\A_Teaching\lima-final-programming-II\unibank_api\src\main\java\com\unibank\api\accounts\AccountType.java:27: error: cannot find symbol
        responseDTO.setType(getType());
                            ^
  symbol:   method getType()
  location: class AccountType
C:\Users\EbrimaMbye\Desktop\A_Teaching\lima-final-programming-II\unibank_api\src\main\java\com\unibank\api\accounts\AccountType.java:28: error: cannot find symbol
        responseDTO.setStatus(getStatus());
                              ^
  symbol:   method getStatus()
  location: class AccountType
C:\Users\EbrimaMbye\Desktop\A_Teaching\lima-final-programming-II\unibank_api\src\main\java\com\unibank\api\accounts\AccountType.java:29: error: cannot find symbol
        responseDTO.setCreatedAt(getCreatedAt());
                                 ^
  symbol:   method getCreatedAt()
  location: class AccountType
C:\Users\EbrimaMbye\Desktop\A_Teaching\lima-final-programming-II\unibank_api\src\main\java\com\unibank\api\accounts\AccountType.java:30: error: cannot find symbol
        responseDTO.setUpdatedAt(getUpdatedAt());
                                 ^
  symbol:   method getUpdatedAt()
  location: class AccountType
C:\Users\EbrimaMbye\Desktop\A_Teaching\lima-final-programming-II\unibank_api\src\main\java\com\unibank\api\accounts\AccountService.java:37: error: cannot find symbol
        Customer customer = customerRepository.findById(request.getCustomerId())
                                                               ^
  symbol:   method getCustomerId()
  location: variable request of type AccountCreateDTO
C:\Users\EbrimaMbye\Desktop\A_Teaching\lima-final-programming-II\unibank_api\src\main\java\com\unibank\api\accounts\AccountService.java:40: error: cannot find symbol
        AccountType accountType = accountTypeRepository.findById(request.getAccountTypeId())
                                                                        ^
  symbol:   method getAccountTypeId()
  location: variable request of type AccountCreateDTO
C:\Users\EbrimaMbye\Desktop\A_Teaching\lima-final-programming-II\unibank_api\src\main\java\com\unibank\api\accounts\AccountService.java:44: error: cannot find symbol
        account.setCustomer(customer);
               ^
  symbol:   method setCustomer(Customer)
  location: variable account of type Account
C:\Users\EbrimaMbye\Desktop\A_Teaching\lima-final-programming-II\unibank_api\src\main\java\com\unibank\api\accounts\AccountService.java:45: error: cannot find symbol
        account.setAccountType(accountType);
               ^
  symbol:   method setAccountType(AccountType)
  location: variable account of type Account
C:\Users\EbrimaMbye\Desktop\A_Teaching\lima-final-programming-II\unibank_api\src\main\java\com\unibank\api\accounts\AccountService.java:46: error: cannot find symbol
        account.setBalance(request.getInitialBalance());
                                  ^
  symbol:   method getInitialBalance()
  location: variable request of type AccountCreateDTO
C:\Users\EbrimaMbye\Desktop\A_Teaching\lima-final-programming-II\unibank_api\src\main\java\com\unibank\api\accounts\AccountService.java:47: error: cannot find symbol
        account.setAccountNumber(generateAccountNumber());
               ^
  symbol:   method setAccountNumber(Long)
  location: variable account of type Account
C:\Users\EbrimaMbye\Desktop\A_Teaching\lima-final-programming-II\unibank_api\src\main\java\com\unibank\api\accounts\AccountService.java:74: error: cannot find symbol
        AccountType accountType = accountTypeRepository.findById(request.getAccountTypeId())
                                                                        ^
  symbol:   method getAccountTypeId()
  location: variable request of type AccountUpdateDTO
C:\Users\EbrimaMbye\Desktop\A_Teaching\lima-final-programming-II\unibank_api\src\main\java\com\unibank\api\accounts\AccountService.java:77: error: cannot find symbol
        account.setAccountType(accountType);
               ^
  symbol:   method setAccountType(AccountType)
  location: variable account of type Account
C:\Users\EbrimaMbye\Desktop\A_Teaching\lima-final-programming-II\unibank_api\src\main\java\com\unibank\api\accounts\AccountService.java:87: error: cannot find symbol
        account.setStatus(BaseEntity.Status.INACTIVE);
               ^
  symbol:   method setStatus(Status)
  location: variable account of type Account
C:\Users\EbrimaMbye\Desktop\A_Teaching\lima-final-programming-II\unibank_api\src\main\java\com\unibank\api\advice\AuthenticationAdvice.java:19: error: cannot find symbol
        ApiErrorResponse response = ApiErrorResponse.builder()
                                                    ^
  symbol:   method builder()
  location: class ApiErrorResponse
C:\Users\EbrimaMbye\Desktop\A_Teaching\lima-final-programming-II\unibank_api\src\main\java\com\unibank\api\advice\AuthenticationAdvice.java:31: error: cannot find symbol
        ApiErrorResponse response = ApiErrorResponse.builder()
                                                    ^
  symbol:   method builder()
  location: class ApiErrorResponse
C:\Users\EbrimaMbye\Desktop\A_Teaching\lima-final-programming-II\unibank_api\src\main\java\com\unibank\api\advice\GlobalAdvice.java:28: error: cannot find symbol
        ApiErrorResponse response = ApiErrorResponse.builder()
                                                    ^
  symbol:   method builder()
  location: class ApiErrorResponse
C:\Users\EbrimaMbye\Desktop\A_Teaching\lima-final-programming-II\unibank_api\src\main\java\com\unibank\api\advice\GlobalAdvice.java:42: error: cannot find symbol
        ApiErrorResponse response = ApiErrorResponse.builder()
                                                    ^
  symbol:   method builder()
  location: class ApiErrorResponse
C:\Users\EbrimaMbye\Desktop\A_Teaching\lima-final-programming-II\unibank_api\src\main\java\com\unibank\api\configurations\jwt\JwtUtil.java:41: error: cannot find symbol
            log.debug("Token is null or empty");
            ^
  symbol:   variable log
  location: class JwtUtil
C:\Users\EbrimaMbye\Desktop\A_Teaching\lima-final-programming-II\unibank_api\src\main\java\com\unibank\api\configurations\jwt\JwtUtil.java:52: error: cannot find symbol
            log.warn("JWT token expired for token: {}", token.substring(0, Math.min(20, token.length())));
            ^
  symbol:   variable log
  location: class JwtUtil
C:\Users\EbrimaMbye\Desktop\A_Teaching\lima-final-programming-II\unibank_api\src\main\java\com\unibank\api\configurations\jwt\JwtUtil.java:54: error: cannot find symbol
            log.error("Invalid JWT token: {}", e.getMessage());
            ^
  symbol:   variable log
  location: class JwtUtil
C:\Users\EbrimaMbye\Desktop\A_Teaching\lima-final-programming-II\unibank_api\src\main\java\com\unibank\api\configurations\jwt\JwtUtil.java:56: error: cannot find symbol
            log.error("Unexpected error validating JWT: {}", e.getMessage(), e);
            ^
  symbol:   variable log
  location: class JwtUtil
C:\Users\EbrimaMbye\Desktop\A_Teaching\lima-final-programming-II\unibank_api\src\main\java\com\unibank\api\users\User.java:26: error: User is not abstract and does not override abstract method getUsername() in UserDetails
public class User extends BaseEntity implements UserDetails {
       ^
C:\Users\EbrimaMbye\Desktop\A_Teaching\lima-final-programming-II\unibank_api\src\main\java\com\unibank\api\users\User.java:43: error: cannot find symbol
        response.setUuid(getUuid());
                         ^
  symbol:   method getUuid()
  location: class User
C:\Users\EbrimaMbye\Desktop\A_Teaching\lima-final-programming-II\unibank_api\src\main\java\com\unibank\api\users\User.java:44: error: cannot find symbol
        response.setFirstName(firstName);
                ^
  symbol:   method setFirstName(String)
  location: variable response of type UserResponseDTO
C:\Users\EbrimaMbye\Desktop\A_Teaching\lima-final-programming-II\unibank_api\src\main\java\com\unibank\api\users\User.java:45: error: cannot find symbol
        response.setLastName(lastName);
                ^
  symbol:   method setLastName(String)
  location: variable response of type UserResponseDTO
C:\Users\EbrimaMbye\Desktop\A_Teaching\lima-final-programming-II\unibank_api\src\main\java\com\unibank\api\users\User.java:46: error: cannot find symbol
        response.setEmail(email);
                ^
  symbol:   method setEmail(String)
  location: variable response of type UserResponseDTO
C:\Users\EbrimaMbye\Desktop\A_Teaching\lima-final-programming-II\unibank_api\src\main\java\com\unibank\api\users\User.java:47: error: cannot find symbol
        response.setCreatedAt(getCreatedAt());
                              ^
  symbol:   method getCreatedAt()
  location: class User
C:\Users\EbrimaMbye\Desktop\A_Teaching\lima-final-programming-II\unibank_api\src\main\java\com\unibank\api\users\User.java:48: error: cannot find symbol
        response.setUpdatedAt(getUpdatedAt());
                              ^
  symbol:   method getUpdatedAt()
  location: class User
C:\Users\EbrimaMbye\Desktop\A_Teaching\lima-final-programming-II\unibank_api\src\main\java\com\unibank\api\users\User.java:49: error: cannot find symbol
        response.setUsername(username);
                ^
  symbol:   method setUsername(String)
  location: variable response of type UserResponseDTO
C:\Users\EbrimaMbye\Desktop\A_Teaching\lima-final-programming-II\unibank_api\src\main\java\com\unibank\api\users\User.java:50: error: cannot find symbol
        response.setRoles(getAuthorities().stream().map(GrantedAuthority::getAuthority).collect(Collectors.toSet()));
                ^
  symbol:   method setRoles(Set<String>)
  location: variable response of type UserResponseDTO
C:\Users\EbrimaMbye\Desktop\A_Teaching\lima-final-programming-II\unibank_api\src\main\java\com\unibank\api\users\User.java:51: error: cannot find symbol
        response.setStatus(getStatus());
                           ^
  symbol:   method getStatus()
  location: class User
C:\Users\EbrimaMbye\Desktop\A_Teaching\lima-final-programming-II\unibank_api\src\main\java\com\unibank\api\users\User.java:59: error: cannot find symbol
                .map(role -> new SimpleGrantedAuthority(role.getName().name()))
                                                            ^
  symbol:   method getName()
  location: variable role of type Role
C:\Users\EbrimaMbye\Desktop\A_Teaching\lima-final-programming-II\unibank_api\src\main\java\com\unibank\api\roles\Role.java:24: error: cannot find symbol
        responseDTO.setUuid(getUuid());
                            ^
  symbol:   method getUuid()
  location: class Role
C:\Users\EbrimaMbye\Desktop\A_Teaching\lima-final-programming-II\unibank_api\src\main\java\com\unibank\api\roles\Role.java:25: error: cannot find symbol
        responseDTO.setName(getName());
                            ^
  symbol:   method getName()
  location: class Role
C:\Users\EbrimaMbye\Desktop\A_Teaching\lima-final-programming-II\unibank_api\src\main\java\com\unibank\api\roles\Role.java:26: error: cannot find symbol
        responseDTO.setStatus(getStatus());
                              ^
  symbol:   method getStatus()
  location: class Role
C:\Users\EbrimaMbye\Desktop\A_Teaching\lima-final-programming-II\unibank_api\src\main\java\com\unibank\api\roles\Role.java:27: error: cannot find symbol
        responseDTO.setCreatedAt(getCreatedAt());
                                 ^
  symbol:   method getCreatedAt()
  location: class Role
C:\Users\EbrimaMbye\Desktop\A_Teaching\lima-final-programming-II\unibank_api\src\main\java\com\unibank\api\roles\Role.java:28: error: cannot find symbol
        responseDTO.setUpdatedAt(getUpdatedAt());
                                 ^
  symbol:   method getUpdatedAt()
  location: class Role
C:\Users\EbrimaMbye\Desktop\A_Teaching\lima-final-programming-II\unibank_api\src\main\java\com\unibank\api\customers\CustomerService.java:26: error: cannot find symbol
        customer.setFullName(request.getFullName());
                                    ^
  symbol:   method getFullName()
  location: variable request of type CustomerCreateDTO
C:\Users\EbrimaMbye\Desktop\A_Teaching\lima-final-programming-II\unibank_api\src\main\java\com\unibank\api\customers\CustomerService.java:27: error: cannot find symbol
        customer.setDob(request.getDob());
                               ^
  symbol:   method getDob()
  location: variable request of type CustomerCreateDTO
C:\Users\EbrimaMbye\Desktop\A_Teaching\lima-final-programming-II\unibank_api\src\main\java\com\unibank\api\customers\CustomerService.java:28: error: cannot find symbol
        customer.setPhoneNumber(request.getPhoneNumber());
                                       ^
  symbol:   method getPhoneNumber()
  location: variable request of type CustomerCreateDTO
C:\Users\EbrimaMbye\Desktop\A_Teaching\lima-final-programming-II\unibank_api\src\main\java\com\unibank\api\customers\CustomerService.java:29: error: cannot find symbol
        customer.setEmail(request.getEmail());
                                 ^
  symbol:   method getEmail()
  location: variable request of type CustomerCreateDTO
C:\Users\EbrimaMbye\Desktop\A_Teaching\lima-final-programming-II\unibank_api\src\main\java\com\unibank\api\customers\CustomerService.java:30: error: cannot find symbol
        customer.setAddress(request.getAddress());
                                   ^
  symbol:   method getAddress()
  location: variable request of type CustomerCreateDTO
C:\Users\EbrimaMbye\Desktop\A_Teaching\lima-final-programming-II\unibank_api\src\main\java\com\unibank\api\customers\CustomerService.java:31: error: cannot find symbol
        customer.setNationalId(request.getNationalId());
                                      ^
  symbol:   method getNationalId()
  location: variable request of type CustomerCreateDTO
C:\Users\EbrimaMbye\Desktop\A_Teaching\lima-final-programming-II\unibank_api\src\main\java\com\unibank\api\customers\CustomerService.java:57: error: cannot find symbol
        customer.setFullName(request.getFullName());
                                    ^
  symbol:   method getFullName()
  location: variable request of type CustomerUpdateDTO
C:\Users\EbrimaMbye\Desktop\A_Teaching\lima-final-programming-II\unibank_api\src\main\java\com\unibank\api\customers\CustomerService.java:58: error: cannot find symbol
        customer.setDob(request.getDob());
                               ^
  symbol:   method getDob()
  location: variable request of type CustomerUpdateDTO
C:\Users\EbrimaMbye\Desktop\A_Teaching\lima-final-programming-II\unibank_api\src\main\java\com\unibank\api\customers\CustomerService.java:59: error: cannot find symbol
        customer.setPhoneNumber(request.getPhoneNumber());
                                       ^
  symbol:   method getPhoneNumber()
  location: variable request of type CustomerUpdateDTO
C:\Users\EbrimaMbye\Desktop\A_Teaching\lima-final-programming-II\unibank_api\src\main\java\com\unibank\api\customers\CustomerService.java:60: error: cannot find symbol
        customer.setEmail(request.getEmail());
                                 ^
  symbol:   method getEmail()
  location: variable request of type CustomerUpdateDTO
C:\Users\EbrimaMbye\Desktop\A_Teaching\lima-final-programming-II\unibank_api\src\main\java\com\unibank\api\customers\CustomerService.java:61: error: cannot find symbol
        customer.setAddress(request.getAddress());
                                   ^
  symbol:   method getAddress()
  location: variable request of type CustomerUpdateDTO
C:\Users\EbrimaMbye\Desktop\A_Teaching\lima-final-programming-II\unibank_api\src\main\java\com\unibank\api\customers\CustomerService.java:62: error: cannot find symbol
        customer.setNationalId(request.getNationalId());
                                      ^
  symbol:   method getNationalId()
  location: variable request of type CustomerUpdateDTO
C:\Users\EbrimaMbye\Desktop\A_Teaching\lima-final-programming-II\unibank_api\src\main\java\com\unibank\api\customers\CustomerService.java:72: error: cannot find symbol
        customer.setStatus(BaseEntity.Status.INACTIVE);
                ^
  symbol:   method setStatus(Status)
  location: variable customer of type Customer
C:\Users\EbrimaMbye\Desktop\A_Teaching\lima-final-programming-II\unibank_api\src\main\java\com\unibank\api\reports\ReportService.java:38: error: invalid method reference
        Double transactionTotal = transactionRepository.findAll().stream().map(Transaction::getAmount)
                                                                               ^
  cannot find symbol
    symbol:   method getAmount()
    location: class Transaction
C:\Users\EbrimaMbye\Desktop\A_Teaching\lima-final-programming-II\unibank_api\src\main\java\com\unibank\api\reports\ReportService.java:41: error: cannot find symbol
        return DashboardResponseDTO.builder()
                                   ^
  symbol:   method builder()
  location: class DashboardResponseDTO
C:\Users\EbrimaMbye\Desktop\A_Teaching\lima-final-programming-II\unibank_api\src\main\java\com\unibank\api\transactions\Transaction.java:36: error: cannot find symbol
        dto.setUuid(getUuid());
                    ^
  symbol:   method getUuid()
  location: class Transaction
C:\Users\EbrimaMbye\Desktop\A_Teaching\lima-final-programming-II\unibank_api\src\main\java\com\unibank\api\transactions\Transaction.java:37: error: cannot find symbol
        dto.setAccount(account.toResponseDTO());
           ^
  symbol:   method setAccount(AccountResponseDTO)
  location: variable dto of type TransactionResponseDTO
C:\Users\EbrimaMbye\Desktop\A_Teaching\lima-final-programming-II\unibank_api\src\main\java\com\unibank\api\transactions\Transaction.java:38: error: cannot find symbol
        dto.setTransactionType(transactionType.getTransactionType());
                                              ^
  symbol:   method getTransactionType()
  location: variable transactionType of type TransactionType
C:\Users\EbrimaMbye\Desktop\A_Teaching\lima-final-programming-II\unibank_api\src\main\java\com\unibank\api\transactions\Transaction.java:39: error: cannot find symbol
        dto.setAmount(amount);
           ^
  symbol:   method setAmount(Double)
  location: variable dto of type TransactionResponseDTO
C:\Users\EbrimaMbye\Desktop\A_Teaching\lima-final-programming-II\unibank_api\src\main\java\com\unibank\api\transactions\Transaction.java:40: error: cannot find symbol
        dto.setPerformedBy(performedBy != null ? performedBy.toUserResponseDTO() : null);
           ^
  symbol:   method setPerformedBy(performedB[...] null)
  location: variable dto of type TransactionResponseDTO
C:\Users\EbrimaMbye\Desktop\A_Teaching\lima-final-programming-II\unibank_api\src\main\java\com\unibank\api\transactions\Transaction.java:41: error: cannot find symbol
        dto.setStatus(getStatus());
                      ^
  symbol:   method getStatus()
  location: class Transaction
C:\Users\EbrimaMbye\Desktop\A_Teaching\lima-final-programming-II\unibank_api\src\main\java\com\unibank\api\transactions\Transaction.java:42: error: cannot find symbol
        dto.setCreatedAt(getCreatedAt());
                         ^
  symbol:   method getCreatedAt()
  location: class Transaction
C:\Users\EbrimaMbye\Desktop\A_Teaching\lima-final-programming-II\unibank_api\src\main\java\com\unibank\api\transactions\Transaction.java:43: error: cannot find symbol
        dto.setUpdatedAt(getUpdatedAt());
                         ^
  symbol:   method getUpdatedAt()
  location: class Transaction
C:\Users\EbrimaMbye\Desktop\A_Teaching\lima-final-programming-II\unibank_api\src\main\java\com\unibank\api\transactions\TransactionType.java:24: error: cannot find symbol
        responseDTO.setUuid(getUuid());
                            ^
  symbol:   method getUuid()
  location: class TransactionType
C:\Users\EbrimaMbye\Desktop\A_Teaching\lima-final-programming-II\unibank_api\src\main\java\com\unibank\api\transactions\TransactionType.java:25: error: cannot find symbol
        responseDTO.setTransactionType(getTransactionType());
                                       ^
  symbol:   method getTransactionType()
  location: class TransactionType
C:\Users\EbrimaMbye\Desktop\A_Teaching\lima-final-programming-II\unibank_api\src\main\java\com\unibank\api\transactions\TransactionType.java:26: error: cannot find symbol
        responseDTO.setStatus(getStatus());
                              ^
  symbol:   method getStatus()
  location: class TransactionType
C:\Users\EbrimaMbye\Desktop\A_Teaching\lima-final-programming-II\unibank_api\src\main\java\com\unibank\api\transactions\TransactionType.java:27: error: cannot find symbol
        responseDTO.setCreatedAt(getCreatedAt());
                                 ^
  symbol:   method getCreatedAt()
  location: class TransactionType
C:\Users\EbrimaMbye\Desktop\A_Teaching\lima-final-programming-II\unibank_api\src\main\java\com\unibank\api\transactions\TransactionType.java:28: error: cannot find symbol
        responseDTO.setUpdatedAt(getUpdatedAt());
                                 ^
  symbol:   method getUpdatedAt()
  location: class TransactionType
C:\Users\EbrimaMbye\Desktop\A_Teaching\lima-final-programming-II\unibank_api\src\main\java\com\unibank\api\seeders\AccountTypeSeederServiceService.java:21: error: cannot find symbol
                type.setType(eType);
                    ^
  symbol:   method setType(EAccountType)
  location: variable type of type AccountType
C:\Users\EbrimaMbye\Desktop\A_Teaching\lima-final-programming-II\unibank_api\src\main\java\com\unibank\api\seeders\AdminUserSeederService.java:40: error: cannot find symbol
        user.setFirstName(firstName);
            ^
  symbol:   method setFirstName(String)
  location: variable user of type User
C:\Users\EbrimaMbye\Desktop\A_Teaching\lima-final-programming-II\unibank_api\src\main\java\com\unibank\api\seeders\AdminUserSeederService.java:41: error: cannot find symbol
        user.setLastName(lastName);
            ^
  symbol:   method setLastName(String)
  location: variable user of type User
C:\Users\EbrimaMbye\Desktop\A_Teaching\lima-final-programming-II\unibank_api\src\main\java\com\unibank\api\seeders\AdminUserSeederService.java:42: error: cannot find symbol
        user.setUsername(username);
            ^
  symbol:   method setUsername(String)
  location: variable user of type User
C:\Users\EbrimaMbye\Desktop\A_Teaching\lima-final-programming-II\unibank_api\src\main\java\com\unibank\api\seeders\AdminUserSeederService.java:43: error: cannot find symbol
        user.setEmail(email);
            ^
  symbol:   method setEmail(String)
  location: variable user of type User
C:\Users\EbrimaMbye\Desktop\A_Teaching\lima-final-programming-II\unibank_api\src\main\java\com\unibank\api\seeders\AdminUserSeederService.java:44: error: cannot find symbol
        user.setPassword(passwordEncoder.encode(DEFAULT_PASSWORD));
            ^
  symbol:   method setPassword(String)
  location: variable user of type User
C:\Users\EbrimaMbye\Desktop\A_Teaching\lima-final-programming-II\unibank_api\src\main\java\com\unibank\api\seeders\AdminUserSeederService.java:45: error: cannot find symbol
        user.setRoles(Set.of(roleRepository.findByName(role)
            ^
  symbol:   method setRoles(Set<Role>)
  location: variable user of type User
C:\Users\EbrimaMbye\Desktop\A_Teaching\lima-final-programming-II\unibank_api\src\main\java\com\unibank\api\seeders\RoleSeederServiceService.java:21: error: cannot find symbol
                role.setName(eRole);
                    ^
  symbol:   method setName(ERole)
  location: variable role of type Role
C:\Users\EbrimaMbye\Desktop\A_Teaching\lima-final-programming-II\unibank_api\src\main\java\com\unibank\api\seeders\TransactionTypeSeederServiceService.java:24: error: cannot find symbol
                transactionType.setTransactionType(eTransactionType);
                               ^
  symbol:   method setTransactionType(ETransactionType)
  location: variable transactionType of type TransactionType
C:\Users\EbrimaMbye\Desktop\A_Teaching\lima-final-programming-II\unibank_api\src\main\java\com\unibank\api\transactions\TransactionService.java:43: error: cannot find symbol
        Account account = accountRepository.findById(request.getAccountId())
                                                            ^
  symbol:   method getAccountId()
  location: variable request of type TransactionCreateDTO
C:\Users\EbrimaMbye\Desktop\A_Teaching\lima-final-programming-II\unibank_api\src\main\java\com\unibank\api\transactions\TransactionService.java:47: error: cannot find symbol
                .findById(request.getTransactionTypeId())
                                 ^
  symbol:   method getTransactionTypeId()
  location: variable request of type TransactionCreateDTO
C:\Users\EbrimaMbye\Desktop\A_Teaching\lima-final-programming-II\unibank_api\src\main\java\com\unibank\api\transactions\TransactionService.java:50: error: cannot find symbol
        User user = request.getPerformedBy() != null
                           ^
  symbol:   method getPerformedBy()
  location: variable request of type TransactionCreateDTO
C:\Users\EbrimaMbye\Desktop\A_Teaching\lima-final-programming-II\unibank_api\src\main\java\com\unibank\api\transactions\TransactionService.java:51: error: cannot find symbol
                ? userRepository.findById(request.getPerformedBy())
                                                 ^
  symbol:   method getPerformedBy()
  location: variable request of type TransactionCreateDTO
C:\Users\EbrimaMbye\Desktop\A_Teaching\lima-final-programming-II\unibank_api\src\main\java\com\unibank\api\transactions\TransactionService.java:55: error: cannot find symbol
        validateAndApplyBalance(account, transactionType, request.getAmount());
                                                                 ^
  symbol:   method getAmount()
  location: variable request of type TransactionCreateDTO
C:\Users\EbrimaMbye\Desktop\A_Teaching\lima-final-programming-II\unibank_api\src\main\java\com\unibank\api\transactions\TransactionService.java:58: error: cannot find symbol
        transaction.setAccount(account);
                   ^
  symbol:   method setAccount(Account)
  location: variable transaction of type Transaction
C:\Users\EbrimaMbye\Desktop\A_Teaching\lima-final-programming-II\unibank_api\src\main\java\com\unibank\api\transactions\TransactionService.java:59: error: cannot find symbol
        transaction.setTransactionType(transactionType);
                   ^
  symbol:   method setTransactionType(TransactionType)
  location: variable transaction of type Transaction
100 errors
only showing the first 100 errors, of 122 total; use -Xmaxerrs if you would like to see more.
2026.01.14 16:05:43 WARN  javac exited with exit code 1
2026.01.14 16:05:43 WARN  javac exited with exit code 1
2026.01.14 16:05:43 INFO  time: compiled unibank_api in 10s
2026.01.14 16:05:43 INFO  time: compiled unibank_api in 10s
Jan 14, 2026 4:06:00 PM org.eclipse.lsp4j.jsonrpc.RemoteEndpoint handleCancellation
WARNING: Unmatched cancel notification for request id 158
Jan 14, 2026 4:06:36 PM org.eclipse.lsp4j.jsonrpc.RemoteEndpoint handleCancellation
WARNING: Unmatched cancel notification for request id 220
Jan 14, 2026 4:06:36 PM org.eclipse.lsp4j.jsonrpc.RemoteEndpoint handleCancellation
WARNING: Unmatched cancel notification for request id 222
Jan 14, 2026 4:06:37 PM org.eclipse.lsp4j.jsonrpc.RemoteEndpoint handleCancellation
WARNING: Unmatched cancel notification for request id 223
Jan 14, 2026 4:06:37 PM org.eclipse.lsp4j.jsonrpc.RemoteEndpoint handleCancellation
WARNING: Unmatched cancel notification for request id 224
2026.01.14 16:11:21 INFO  Created report: Optional[file:///C:/Users/EbrimaMbye/Desktop/A_Teaching/lima-final-programming-II/unibank_api/src/main/java/com/unibank/api/advice/AuthenticationAdvice.java]
2026.01.14 16:11:21 INFO  empty definition using pc, found symbol in pc:  (full report at: "C:\Users\EbrimaMbye\Desktop\A_Teaching\lima-final-programming-II\unibank_api\.metals\.reports\metals-full\2026-01-14\r_empty-definition_(unibank_5fapi)_16-11-21-862.md")
2026.01.14 16:11:22 INFO  Created report: Optional[file:///C:/Users/EbrimaMbye/Desktop/A_Teaching/lima-final-programming-II/unibank_api/src/main/java/com/unibank/api/advice/AuthenticationAdvice.java]
2026.01.14 16:11:22 INFO  empty definition using pc, found symbol in pc:  (full report at: "C:\Users\EbrimaMbye\Desktop\A_Teaching\lima-final-programming-II\unibank_api\.metals\.reports\metals-full\2026-01-14\r_empty-definition_(unibank_5fapi)_16-11-22-365.md")
2026.01.14 16:11:37 INFO  compiling unibank_api (66 java sources)
2026.01.14 16:11:37 INFO  Deduplicating compilation of unibank_api from bsp client 'Metals 1.6.4' (since 1h 37m 33.456s)
2026.01.14 16:11:37 INFO  compiling unibank_api (66 java sources)
2026.01.14 16:11:42 WARN  Unexpected javac output: WARNING: A terminally deprecated method in sun.misc.Unsafe has been called
WARNING: sun.misc.Unsafe::arrayBaseOffset has been called by com.sourcegraph.shaded.com.google.protobuf.UnsafeUtil$MemoryAccessor (file:/C:/Users/EbrimaMbye/AppData/Local/bloop/cache/semanticdb/com.sourcegraph.semanticdb-javac.0.11.1/semanticdb-javac-0.11.1.jar)
WARNING: Please consider reporting this to the maintainers of class com.sourcegraph.shaded.com.google.protobuf.UnsafeUtil$MemoryAccessor
WARNING: sun.misc.Unsafe::arrayBaseOffset will be removed in a future release
C:\Users\EbrimaMbye\Desktop\A_Teaching\lima-final-programming-II\unibank_api\src\main\java\com\unibank\api\accounts\Account.java:31: error: cannot find symbol
        dto.setUuid(getUuid());
                    ^
  symbol:   method getUuid()
  location: class Account
C:\Users\EbrimaMbye\Desktop\A_Teaching\lima-final-programming-II\unibank_api\src\main\java\com\unibank\api\accounts\Account.java:32: error: cannot find symbol
        dto.setAccountNumber(accountNumber);
           ^
  symbol:   method setAccountNumber(Long)
  location: variable dto of type AccountResponseDTO
C:\Users\EbrimaMbye\Desktop\A_Teaching\lima-final-programming-II\unibank_api\src\main\java\com\unibank\api\accounts\Account.java:33: error: cannot find symbol
        dto.setBalance(balance);
           ^
  symbol:   method setBalance(Double)
  location: variable dto of type AccountResponseDTO
C:\Users\EbrimaMbye\Desktop\A_Teaching\lima-final-programming-II\unibank_api\src\main\java\com\unibank\api\accounts\Account.java:34: error: cannot find symbol
        dto.setCustomer(customer.toResponseDTO());
           ^
  symbol:   method setCustomer(CustomerResponseDTO)
  location: variable dto of type AccountResponseDTO
C:\Users\EbrimaMbye\Desktop\A_Teaching\lima-final-programming-II\unibank_api\src\main\java\com\unibank\api\accounts\Account.java:35: error: cannot find symbol
        dto.setAccountType(accountType.getType());
                                      ^
  symbol:   method getType()
  location: variable accountType of type AccountType
C:\Users\EbrimaMbye\Desktop\A_Teaching\lima-final-programming-II\unibank_api\src\main\java\com\unibank\api\accounts\Account.java:36: error: cannot find symbol
        dto.setStatus(getStatus());
                      ^
  symbol:   method getStatus()
  location: class Account
C:\Users\EbrimaMbye\Desktop\A_Teaching\lima-final-programming-II\unibank_api\src\main\java\com\unibank\api\accounts\Account.java:37: error: cannot find symbol
        dto.setCreatedAt(getCreatedAt());
                         ^
  symbol:   method getCreatedAt()
  location: class Account
C:\Users\EbrimaMbye\Desktop\A_Teaching\lima-final-programming-II\unibank_api\src\main\java\com\unibank\api\accounts\Account.java:38: error: cannot find symbol
        dto.setUpdatedAt(getUpdatedAt());
                         ^
  symbol:   method getUpdatedAt()
  location: class Account
C:\Users\EbrimaMbye\Desktop\A_Teaching\lima-final-programming-II\unibank_api\src\main\java\com\unibank\api\customers\Customer.java:34: error: cannot find symbol
        responseDTO.setUuid(getUuid());
                            ^
  symbol:   method getUuid()
  location: class Customer
C:\Users\EbrimaMbye\Desktop\A_Teaching\lima-final-programming-II\unibank_api\src\main\java\com\unibank\api\customers\Customer.java:35: error: cannot find symbol
        responseDTO.setFullName(getFullName());
                                ^
  symbol:   method getFullName()
  location: class Customer
C:\Users\EbrimaMbye\Desktop\A_Teaching\lima-final-programming-II\unibank_api\src\main\java\com\unibank\api\customers\Customer.java:36: error: cannot find symbol
        responseDTO.setDob(getDob());
                           ^
  symbol:   method getDob()
  location: class Customer
C:\Users\EbrimaMbye\Desktop\A_Teaching\lima-final-programming-II\unibank_api\src\main\java\com\unibank\api\customers\Customer.java:37: error: cannot find symbol
        responseDTO.setPhoneNumber(getPhoneNumber());
                                   ^
  symbol:   method getPhoneNumber()
  location: class Customer
C:\Users\EbrimaMbye\Desktop\A_Teaching\lima-final-programming-II\unibank_api\src\main\java\com\unibank\api\customers\Customer.java:38: error: cannot find symbol
        responseDTO.setEmail(getEmail());
                             ^
  symbol:   method getEmail()
  location: class Customer
C:\Users\EbrimaMbye\Desktop\A_Teaching\lima-final-programming-II\unibank_api\src\main\java\com\unibank\api\customers\Customer.java:39: error: cannot find symbol
        responseDTO.setAddress(getAddress());
                               ^
  symbol:   method getAddress()
  location: class Customer
C:\Users\EbrimaMbye\Desktop\A_Teaching\lima-final-programming-II\unibank_api\src\main\java\com\unibank\api\customers\Customer.java:40: error: cannot find symbol
        responseDTO.setNationalId(getNationalId());
                                  ^
  symbol:   method getNationalId()
  location: class Customer
C:\Users\EbrimaMbye\Desktop\A_Teaching\lima-final-programming-II\unibank_api\src\main\java\com\unibank\api\customers\Customer.java:41: error: cannot find symbol
        responseDTO.setCreatedAt(getCreatedAt());
                                 ^
  symbol:   method getCreatedAt()
  location: class Customer
C:\Users\EbrimaMbye\Desktop\A_Teaching\lima-final-programming-II\unibank_api\src\main\java\com\unibank\api\customers\Customer.java:42: error: cannot find symbol
        responseDTO.setUpdatedAt(getUpdatedAt());
                                 ^
  symbol:   method getUpdatedAt()
  location: class Customer
C:\Users\EbrimaMbye\Desktop\A_Teaching\lima-final-programming-II\unibank_api\src\main\java\com\unibank\api\customers\Customer.java:43: error: cannot find symbol
        responseDTO.setStatus(getStatus());
                              ^
  symbol:   method getStatus()
  location: class Customer
C:\Users\EbrimaMbye\Desktop\A_Teaching\lima-final-programming-II\unibank_api\src\main\java\com\unibank\api\accounts\AccountType.java:26: error: cannot find symbol
        responseDTO.setUuid(getUuid());
                            ^
  symbol:   method getUuid()
  location: class AccountType
C:\Users\EbrimaMbye\Desktop\A_Teaching\lima-final-programming-II\unibank_api\src\main\java\com\unibank\api\accounts\AccountType.java:27: error: cannot find symbol
        responseDTO.setType(getType());
                            ^
  symbol:   method getType()
  location: class AccountType
C:\Users\EbrimaMbye\Desktop\A_Teaching\lima-final-programming-II\unibank_api\src\main\java\com\unibank\api\accounts\AccountType.java:28: error: cannot find symbol
        responseDTO.setStatus(getStatus());
                              ^
  symbol:   method getStatus()
  location: class AccountType
C:\Users\EbrimaMbye\Desktop\A_Teaching\lima-final-programming-II\unibank_api\src\main\java\com\unibank\api\accounts\AccountType.java:29: error: cannot find symbol
        responseDTO.setCreatedAt(getCreatedAt());
                                 ^
  symbol:   method getCreatedAt()
  location: class AccountType
C:\Users\EbrimaMbye\Desktop\A_Teaching\lima-final-programming-II\unibank_api\src\main\java\com\unibank\api\accounts\AccountType.java:30: error: cannot find symbol
        responseDTO.setUpdatedAt(getUpdatedAt());
                                 ^
  symbol:   method getUpdatedAt()
  location: class AccountType
C:\Users\EbrimaMbye\Desktop\A_Teaching\lima-final-programming-II\unibank_api\src\main\java\com\unibank\api\accounts\AccountService.java:37: error: cannot find symbol
        Customer customer = customerRepository.findById(request.getCustomerId())
                                                               ^
  symbol:   method getCustomerId()
  location: variable request of type AccountCreateDTO
C:\Users\EbrimaMbye\Desktop\A_Teaching\lima-final-programming-II\unibank_api\src\main\java\com\unibank\api\accounts\AccountService.java:40: error: cannot find symbol
        AccountType accountType = accountTypeRepository.findById(request.getAccountTypeId())
                                                                        ^
  symbol:   method getAccountTypeId()
  location: variable request of type AccountCreateDTO
C:\Users\EbrimaMbye\Desktop\A_Teaching\lima-final-programming-II\unibank_api\src\main\java\com\unibank\api\accounts\AccountService.java:44: error: cannot find symbol
        account.setCustomer(customer);
               ^
  symbol:   method setCustomer(Customer)
  location: variable account of type Account
C:\Users\EbrimaMbye\Desktop\A_Teaching\lima-final-programming-II\unibank_api\src\main\java\com\unibank\api\accounts\AccountService.java:45: error: cannot find symbol
        account.setAccountType(accountType);
               ^
  symbol:   method setAccountType(AccountType)
  location: variable account of type Account
C:\Users\EbrimaMbye\Desktop\A_Teaching\lima-final-programming-II\unibank_api\src\main\java\com\unibank\api\accounts\AccountService.java:46: error: cannot find symbol
        account.setBalance(request.getInitialBalance());
                                  ^
  symbol:   method getInitialBalance()
  location: variable request of type AccountCreateDTO
C:\Users\EbrimaMbye\Desktop\A_Teaching\lima-final-programming-II\unibank_api\src\main\java\com\unibank\api\accounts\AccountService.java:47: error: cannot find symbol
        account.setAccountNumber(generateAccountNumber());
               ^
  symbol:   method setAccountNumber(Long)
  location: variable account of type Account
C:\Users\EbrimaMbye\Desktop\A_Teaching\lima-final-programming-II\unibank_api\src\main\java\com\unibank\api\accounts\AccountService.java:74: error: cannot find symbol
        AccountType accountType = accountTypeRepository.findById(request.getAccountTypeId())
                                                                        ^
  symbol:   method getAccountTypeId()
  location: variable request of type AccountUpdateDTO
C:\Users\EbrimaMbye\Desktop\A_Teaching\lima-final-programming-II\unibank_api\src\main\java\com\unibank\api\accounts\AccountService.java:77: error: cannot find symbol
        account.setAccountType(accountType);
               ^
  symbol:   method setAccountType(AccountType)
  location: variable account of type Account
C:\Users\EbrimaMbye\Desktop\A_Teaching\lima-final-programming-II\unibank_api\src\main\java\com\unibank\api\accounts\AccountService.java:87: error: cannot find symbol
        account.setStatus(BaseEntity.Status.INACTIVE);
               ^
  symbol:   method setStatus(Status)
  location: variable account of type Account
C:\Users\EbrimaMbye\Desktop\A_Teaching\lima-final-programming-II\unibank_api\src\main\java\com\unibank\api\advice\AuthenticationAdvice.java:19: error: cannot find symbol
        ApiErrorResponse response = ApiErrorResponse.builder()
                                                    ^
  symbol:   method builder()
  location: class ApiErrorResponse
C:\Users\EbrimaMbye\Desktop\A_Teaching\lima-final-programming-II\unibank_api\src\main\java\com\unibank\api\advice\AuthenticationAdvice.java:31: error: cannot find symbol
        ApiErrorResponse response = ApiErrorResponse.builder()
                                                    ^
  symbol:   method builder()
  location: class ApiErrorResponse
C:\Users\EbrimaMbye\Desktop\A_Teaching\lima-final-programming-II\unibank_api\src\main\java\com\unibank\api\advice\GlobalAdvice.java:28: error: cannot find symbol
        ApiErrorResponse response = ApiErrorResponse.builder()
                                                    ^
  symbol:   method builder()
  location: class ApiErrorResponse
C:\Users\EbrimaMbye\Desktop\A_Teaching\lima-final-programming-II\unibank_api\src\main\java\com\unibank\api\advice\GlobalAdvice.java:42: error: cannot find symbol
        ApiErrorResponse response = ApiErrorResponse.builder()
                                                    ^
  symbol:   method builder()
  location: class ApiErrorResponse
C:\Users\EbrimaMbye\Desktop\A_Teaching\lima-final-programming-II\unibank_api\src\main\java\com\unibank\api\configurations\jwt\JwtUtil.java:41: error: cannot find symbol
            log.debug("Token is null or empty");
            ^
  symbol:   variable log
  location: class JwtUtil
C:\Users\EbrimaMbye\Desktop\A_Teaching\lima-final-programming-II\unibank_api\src\main\java\com\unibank\api\configurations\jwt\JwtUtil.java:52: error: cannot find symbol
            log.warn("JWT token expired for token: {}", token.substring(0, Math.min(20, token.length())));
            ^
  symbol:   variable log
  location: class JwtUtil
C:\Users\EbrimaMbye\Desktop\A_Teaching\lima-final-programming-II\unibank_api\src\main\java\com\unibank\api\configurations\jwt\JwtUtil.java:54: error: cannot find symbol
            log.error("Invalid JWT token: {}", e.getMessage());
            ^
  symbol:   variable log
  location: class JwtUtil
C:\Users\EbrimaMbye\Desktop\A_Teaching\lima-final-programming-II\unibank_api\src\main\java\com\unibank\api\configurations\jwt\JwtUtil.java:56: error: cannot find symbol
            log.error("Unexpected error validating JWT: {}", e.getMessage(), e);
            ^
  symbol:   variable log
  location: class JwtUtil
C:\Users\EbrimaMbye\Desktop\A_Teaching\lima-final-programming-II\unibank_api\src\main\java\com\unibank\api\users\User.java:26: error: User is not abstract and does not override abstract method getUsername() in UserDetails
public class User extends BaseEntity implements UserDetails {
       ^
C:\Users\EbrimaMbye\Desktop\A_Teaching\lima-final-programming-II\unibank_api\src\main\java\com\unibank\api\users\User.java:43: error: cannot find symbol
        response.setUuid(getUuid());
                         ^
  symbol:   method getUuid()
  location: class User
C:\Users\EbrimaMbye\Desktop\A_Teaching\lima-final-programming-II\unibank_api\src\main\java\com\unibank\api\users\User.java:44: error: cannot find symbol
        response.setFirstName(firstName);
                ^
  symbol:   method setFirstName(String)
  location: variable response of type UserResponseDTO
C:\Users\EbrimaMbye\Desktop\A_Teaching\lima-final-programming-II\unibank_api\src\main\java\com\unibank\api\users\User.java:45: error: cannot find symbol
        response.setLastName(lastName);
                ^
  symbol:   method setLastName(String)
  location: variable response of type UserResponseDTO
C:\Users\EbrimaMbye\Desktop\A_Teaching\lima-final-programming-II\unibank_api\src\main\java\com\unibank\api\users\User.java:46: error: cannot find symbol
        response.setEmail(email);
                ^
  symbol:   method setEmail(String)
  location: variable response of type UserResponseDTO
C:\Users\EbrimaMbye\Desktop\A_Teaching\lima-final-programming-II\unibank_api\src\main\java\com\unibank\api\users\User.java:47: error: cannot find symbol
        response.setCreatedAt(getCreatedAt());
                              ^
  symbol:   method getCreatedAt()
  location: class User
C:\Users\EbrimaMbye\Desktop\A_Teaching\lima-final-programming-II\unibank_api\src\main\java\com\unibank\api\users\User.java:48: error: cannot find symbol
        response.setUpdatedAt(getUpdatedAt());
                              ^
  symbol:   method getUpdatedAt()
  location: class User
C:\Users\EbrimaMbye\Desktop\A_Teaching\lima-final-programming-II\unibank_api\src\main\java\com\unibank\api\users\User.java:49: error: cannot find symbol
        response.setUsername(username);
                ^
  symbol:   method setUsername(String)
  location: variable response of type UserResponseDTO
C:\Users\EbrimaMbye\Desktop\A_Teaching\lima-final-programming-II\unibank_api\src\main\java\com\unibank\api\users\User.java:50: error: cannot find symbol
        response.setRoles(getAuthorities().stream().map(GrantedAuthority::getAuthority).collect(Collectors.toSet()));
                ^
  symbol:   method setRoles(Set<String>)
  location: variable response of type UserResponseDTO
C:\Users\EbrimaMbye\Desktop\A_Teaching\lima-final-programming-II\unibank_api\src\main\java\com\unibank\api\users\User.java:51: error: cannot find symbol
        response.setStatus(getStatus());
                           ^
  symbol:   method getStatus()
  location: class User
C:\Users\EbrimaMbye\Desktop\A_Teaching\lima-final-programming-II\unibank_api\src\main\java\com\unibank\api\users\User.java:59: error: cannot find symbol
                .map(role -> new SimpleGrantedAuthority(role.getName().name()))
                                                            ^
  symbol:   method getName()
  location: variable role of type Role
C:\Users\EbrimaMbye\Desktop\A_Teaching\lima-final-programming-II\unibank_api\src\main\java\com\unibank\api\roles\Role.java:24: error: cannot find symbol
        responseDTO.setUuid(getUuid());
                            ^
  symbol:   method getUuid()
  location: class Role
C:\Users\EbrimaMbye\Desktop\A_Teaching\lima-final-programming-II\unibank_api\src\main\java\com\unibank\api\roles\Role.java:25: error: cannot find symbol
        responseDTO.setName(getName());
                            ^
  symbol:   method getName()
  location: class Role
C:\Users\EbrimaMbye\Desktop\A_Teaching\lima-final-programming-II\unibank_api\src\main\java\com\unibank\api\roles\Role.java:26: error: cannot find symbol
        responseDTO.setStatus(getStatus());
                              ^
  symbol:   method getStatus()
  location: class Role
C:\Users\EbrimaMbye\Desktop\A_Teaching\lima-final-programming-II\unibank_api\src\main\java\com\unibank\api\roles\Role.java:27: error: cannot find symbol
        responseDTO.setCreatedAt(getCreatedAt());
                                 ^
  symbol:   method getCreatedAt()
  location: class Role
C:\Users\EbrimaMbye\Desktop\A_Teaching\lima-final-programming-II\unibank_api\src\main\java\com\unibank\api\roles\Role.java:28: error: cannot find symbol
        responseDTO.setUpdatedAt(getUpdatedAt());
                                 ^
  symbol:   method getUpdatedAt()
  location: class Role
C:\Users\EbrimaMbye\Desktop\A_Teaching\lima-final-programming-II\unibank_api\src\main\java\com\unibank\api\customers\CustomerService.java:26: error: cannot find symbol
        customer.setFullName(request.getFullName());
                                    ^
  symbol:   method getFullName()
  location: variable request of type CustomerCreateDTO
C:\Users\EbrimaMbye\Desktop\A_Teaching\lima-final-programming-II\unibank_api\src\main\java\com\unibank\api\customers\CustomerService.java:27: error: cannot find symbol
        customer.setDob(request.getDob());
                               ^
  symbol:   method getDob()
  location: variable request of type CustomerCreateDTO
C:\Users\EbrimaMbye\Desktop\A_Teaching\lima-final-programming-II\unibank_api\src\main\java\com\unibank\api\customers\CustomerService.java:28: error: cannot find symbol
        customer.setPhoneNumber(request.getPhoneNumber());
                                       ^
  symbol:   method getPhoneNumber()
  location: variable request of type CustomerCreateDTO
C:\Users\EbrimaMbye\Desktop\A_Teaching\lima-final-programming-II\unibank_api\src\main\java\com\unibank\api\customers\CustomerService.java:29: error: cannot find symbol
        customer.setEmail(request.getEmail());
                                 ^
  symbol:   method getEmail()
  location: variable request of type CustomerCreateDTO
C:\Users\EbrimaMbye\Desktop\A_Teaching\lima-final-programming-II\unibank_api\src\main\java\com\unibank\api\customers\CustomerService.java:30: error: cannot find symbol
        customer.setAddress(request.getAddress());
                                   ^
  symbol:   method getAddress()
  location: variable request of type CustomerCreateDTO
C:\Users\EbrimaMbye\Desktop\A_Teaching\lima-final-programming-II\unibank_api\src\main\java\com\unibank\api\customers\CustomerService.java:31: error: cannot find symbol
        customer.setNationalId(request.getNationalId());
                                      ^
  symbol:   method getNationalId()
  location: variable request of type CustomerCreateDTO
C:\Users\EbrimaMbye\Desktop\A_Teaching\lima-final-programming-II\unibank_api\src\main\java\com\unibank\api\customers\CustomerService.java:57: error: cannot find symbol
        customer.setFullName(request.getFullName());
                                    ^
  symbol:   method getFullName()
  location: variable request of type CustomerUpdateDTO
C:\Users\EbrimaMbye\Desktop\A_Teaching\lima-final-programming-II\unibank_api\src\main\java\com\unibank\api\customers\CustomerService.java:58: error: cannot find symbol
        customer.setDob(request.getDob());
                               ^
  symbol:   method getDob()
  location: variable request of type CustomerUpdateDTO
C:\Users\EbrimaMbye\Desktop\A_Teaching\lima-final-programming-II\unibank_api\src\main\java\com\unibank\api\customers\CustomerService.java:59: error: cannot find symbol
        customer.setPhoneNumber(request.getPhoneNumber());
                                       ^
  symbol:   method getPhoneNumber()
  location: variable request of type CustomerUpdateDTO
C:\Users\EbrimaMbye\Desktop\A_Teaching\lima-final-programming-II\unibank_api\src\main\java\com\unibank\api\customers\CustomerService.java:60: error: cannot find symbol
        customer.setEmail(request.getEmail());
                                 ^
  symbol:   method getEmail()
  location: variable request of type CustomerUpdateDTO
C:\Users\EbrimaMbye\Desktop\A_Teaching\lima-final-programming-II\unibank_api\src\main\java\com\unibank\api\customers\CustomerService.java:61: error: cannot find symbol
        customer.setAddress(request.getAddress());
                                   ^
  symbol:   method getAddress()
  location: variable request of type CustomerUpdateDTO
C:\Users\EbrimaMbye\Desktop\A_Teaching\lima-final-programming-II\unibank_api\src\main\java\com\unibank\api\customers\CustomerService.java:62: error: cannot find symbol
        customer.setNationalId(request.getNationalId());
                                      ^
  symbol:   method getNationalId()
  location: variable request of type CustomerUpdateDTO
C:\Users\EbrimaMbye\Desktop\A_Teaching\lima-final-programming-II\unibank_api\src\main\java\com\unibank\api\customers\CustomerService.java:72: error: cannot find symbol
        customer.setStatus(BaseEntity.Status.INACTIVE);
                ^
  symbol:   method setStatus(Status)
  location: variable customer of type Customer
C:\Users\EbrimaMbye\Desktop\A_Teaching\lima-final-programming-II\unibank_api\src\main\java\com\unibank\api\reports\ReportService.java:38: error: invalid method reference
        Double transactionTotal = transactionRepository.findAll().stream().map(Transaction::getAmount)
                                                                               ^
  cannot find symbol
    symbol:   method getAmount()
    location: class Transaction
C:\Users\EbrimaMbye\Desktop\A_Teaching\lima-final-programming-II\unibank_api\src\main\java\com\unibank\api\reports\ReportService.java:41: error: cannot find symbol
        return DashboardResponseDTO.builder()
                                   ^
  symbol:   method builder()
  location: class DashboardResponseDTO
C:\Users\EbrimaMbye\Desktop\A_Teaching\lima-final-programming-II\unibank_api\src\main\java\com\unibank\api\transactions\Transaction.java:36: error: cannot find symbol
        dto.setUuid(getUuid());
                    ^
  symbol:   method getUuid()
  location: class Transaction
C:\Users\EbrimaMbye\Desktop\A_Teaching\lima-final-programming-II\unibank_api\src\main\java\com\unibank\api\transactions\Transaction.java:37: error: cannot find symbol
        dto.setAccount(account.toResponseDTO());
           ^
  symbol:   method setAccount(AccountResponseDTO)
  location: variable dto of type TransactionResponseDTO
C:\Users\EbrimaMbye\Desktop\A_Teaching\lima-final-programming-II\unibank_api\src\main\java\com\unibank\api\transactions\Transaction.java:38: error: cannot find symbol
        dto.setTransactionType(transactionType.getTransactionType());
                                              ^
  symbol:   method getTransactionType()
  location: variable transactionType of type TransactionType
C:\Users\EbrimaMbye\Desktop\A_Teaching\lima-final-programming-II\unibank_api\src\main\java\com\unibank\api\transactions\Transaction.java:39: error: cannot find symbol
        dto.setAmount(amount);
           ^
  symbol:   method setAmount(Double)
  location: variable dto of type TransactionResponseDTO
C:\Users\EbrimaMbye\Desktop\A_Teaching\lima-final-programming-II\unibank_api\src\main\java\com\unibank\api\transactions\Transaction.java:40: error: cannot find symbol
        dto.setPerformedBy(performedBy != null ? performedBy.toUserResponseDTO() : null);
           ^
  symbol:   method setPerformedBy(performedB[...] null)
  location: variable dto of type TransactionResponseDTO
C:\Users\EbrimaMbye\Desktop\A_Teaching\lima-final-programming-II\unibank_api\src\main\java\com\unibank\api\transactions\Transaction.java:41: error: cannot find symbol
        dto.setStatus(getStatus());
                      ^
  symbol:   method getStatus()
  location: class Transaction
C:\Users\EbrimaMbye\Desktop\A_Teaching\lima-final-programming-II\unibank_api\src\main\java\com\unibank\api\transactions\Transaction.java:42: error: cannot find symbol
        dto.setCreatedAt(getCreatedAt());
                         ^
  symbol:   method getCreatedAt()
  location: class Transaction
C:\Users\EbrimaMbye\Desktop\A_Teaching\lima-final-programming-II\unibank_api\src\main\java\com\unibank\api\transactions\Transaction.java:43: error: cannot find symbol
        dto.setUpdatedAt(getUpdatedAt());
                         ^
  symbol:   method getUpdatedAt()
  location: class Transaction
C:\Users\EbrimaMbye\Desktop\A_Teaching\lima-final-programming-II\unibank_api\src\main\java\com\unibank\api\transactions\TransactionType.java:24: error: cannot find symbol
        responseDTO.setUuid(getUuid());
                            ^
  symbol:   method getUuid()
  location: class TransactionType
C:\Users\EbrimaMbye\Desktop\A_Teaching\lima-final-programming-II\unibank_api\src\main\java\com\unibank\api\transactions\TransactionType.java:25: error: cannot find symbol
        responseDTO.setTransactionType(getTransactionType());
                                       ^
  symbol:   method getTransactionType()
  location: class TransactionType
C:\Users\EbrimaMbye\Desktop\A_Teaching\lima-final-programming-II\unibank_api\src\main\java\com\unibank\api\transactions\TransactionType.java:26: error: cannot find symbol
        responseDTO.setStatus(getStatus());
                              ^
  symbol:   method getStatus()
  location: class TransactionType
C:\Users\EbrimaMbye\Desktop\A_Teaching\lima-final-programming-II\unibank_api\src\main\java\com\unibank\api\transactions\TransactionType.java:27: error: cannot find symbol
        responseDTO.setCreatedAt(getCreatedAt());
                                 ^
  symbol:   method getCreatedAt()
  location: class TransactionType
C:\Users\EbrimaMbye\Desktop\A_Teaching\lima-final-programming-II\unibank_api\src\main\java\com\unibank\api\transactions\TransactionType.java:28: error: cannot find symbol
        responseDTO.setUpdatedAt(getUpdatedAt());
                                 ^
  symbol:   method getUpdatedAt()
  location: class TransactionType
C:\Users\EbrimaMbye\Desktop\A_Teaching\lima-final-programming-II\unibank_api\src\main\java\com\unibank\api\seeders\AccountTypeSeederServiceService.java:21: error: cannot find symbol
                type.setType(eType);
                    ^
  symbol:   method setType(EAccountType)
  location: variable type of type AccountType
C:\Users\EbrimaMbye\Desktop\A_Teaching\lima-final-programming-II\unibank_api\src\main\java\com\unibank\api\seeders\AdminUserSeederService.java:40: error: cannot find symbol
        user.setFirstName(firstName);
            ^
  symbol:   method setFirstName(String)
  location: variable user of type User
C:\Users\EbrimaMbye\Desktop\A_Teaching\lima-final-programming-II\unibank_api\src\main\java\com\unibank\api\seeders\AdminUserSeederService.java:41: error: cannot find symbol
        user.setLastName(lastName);
            ^
  symbol:   method setLastName(String)
  location: variable user of type User
C:\Users\EbrimaMbye\Desktop\A_Teaching\lima-final-programming-II\unibank_api\src\main\java\com\unibank\api\seeders\AdminUserSeederService.java:42: error: cannot find symbol
        user.setUsername(username);
            ^
  symbol:   method setUsername(String)
  location: variable user of type User
C:\Users\EbrimaMbye\Desktop\A_Teaching\lima-final-programming-II\unibank_api\src\main\java\com\unibank\api\seeders\AdminUserSeederService.java:43: error: cannot find symbol
        user.setEmail(email);
            ^
  symbol:   method setEmail(String)
  location: variable user of type User
C:\Users\EbrimaMbye\Desktop\A_Teaching\lima-final-programming-II\unibank_api\src\main\java\com\unibank\api\seeders\AdminUserSeederService.java:44: error: cannot find symbol
        user.setPassword(passwordEncoder.encode(DEFAULT_PASSWORD));
            ^
  symbol:   method setPassword(String)
  location: variable user of type User
C:\Users\EbrimaMbye\Desktop\A_Teaching\lima-final-programming-II\unibank_api\src\main\java\com\unibank\api\seeders\AdminUserSeederService.java:45: error: cannot find symbol
        user.setRoles(Set.of(roleRepository.findByName(role)
            ^
  symbol:   method setRoles(Set<Role>)
  location: variable user of type User
C:\Users\EbrimaMbye\Desktop\A_Teaching\lima-final-programming-II\unibank_api\src\main\java\com\unibank\api\seeders\RoleSeederServiceService.java:21: error: cannot find symbol
                role.setName(eRole);
                    ^
  symbol:   method setName(ERole)
  location: variable role of type Role
C:\Users\EbrimaMbye\Desktop\A_Teaching\lima-final-programming-II\unibank_api\src\main\java\com\unibank\api\seeders\TransactionTypeSeederServiceService.java:24: error: cannot find symbol
                transactionType.setTransactionType(eTransactionType);
                               ^
  symbol:   method setTransactionType(ETransactionType)
  location: variable transactionType of type TransactionType
C:\Users\EbrimaMbye\Desktop\A_Teaching\lima-final-programming-II\unibank_api\src\main\java\com\unibank\api\transactions\TransactionService.java:43: error: cannot find symbol
        Account account = accountRepository.findById(request.getAccountId())
                                                            ^
  symbol:   method getAccountId()
  location: variable request of type TransactionCreateDTO
C:\Users\EbrimaMbye\Desktop\A_Teaching\lima-final-programming-II\unibank_api\src\main\java\com\unibank\api\transactions\TransactionService.java:47: error: cannot find symbol
                .findById(request.getTransactionTypeId())
                                 ^
  symbol:   method getTransactionTypeId()
  location: variable request of type TransactionCreateDTO
C:\Users\EbrimaMbye\Desktop\A_Teaching\lima-final-programming-II\unibank_api\src\main\java\com\unibank\api\transactions\TransactionService.java:50: error: cannot find symbol
        User user = request.getPerformedBy() != null
                           ^
  symbol:   method getPerformedBy()
  location: variable request of type TransactionCreateDTO
C:\Users\EbrimaMbye\Desktop\A_Teaching\lima-final-programming-II\unibank_api\src\main\java\com\unibank\api\transactions\TransactionService.java:51: error: cannot find symbol
                ? userRepository.findById(request.getPerformedBy())
                                                 ^
  symbol:   method getPerformedBy()
  location: variable request of type TransactionCreateDTO
C:\Users\EbrimaMbye\Desktop\A_Teaching\lima-final-programming-II\unibank_api\src\main\java\com\unibank\api\transactions\TransactionService.java:55: error: cannot find symbol
        validateAndApplyBalance(account, transactionType, request.getAmount());
                                                                 ^
  symbol:   method getAmount()
  location: variable request of type TransactionCreateDTO
C:\Users\EbrimaMbye\Desktop\A_Teaching\lima-final-programming-II\unibank_api\src\main\java\com\unibank\api\transactions\TransactionService.java:58: error: cannot find symbol
        transaction.setAccount(account);
                   ^
  symbol:   method setAccount(Account)
  location: variable transaction of type Transaction
C:\Users\EbrimaMbye\Desktop\A_Teaching\lima-final-programming-II\unibank_api\src\main\java\com\unibank\api\transactions\TransactionService.java:59: error: cannot find symbol
        transaction.setTransactionType(transactionType);
                   ^
  symbol:   method setTransactionType(TransactionType)
  location: variable transaction of type Transaction
100 errors
only showing the first 100 errors, of 122 total; use -Xmaxerrs if you would like to see more.
2026.01.14 16:11:42 WARN  javac exited with exit code 1
2026.01.14 16:11:42 WARN  Unexpected javac output: WARNING: A terminally deprecated method in sun.misc.Unsafe has been called
WARNING: sun.misc.Unsafe::arrayBaseOffset has been called by com.sourcegraph.shaded.com.google.protobuf.UnsafeUtil$MemoryAccessor (file:/C:/Users/EbrimaMbye/AppData/Local/bloop/cache/semanticdb/com.sourcegraph.semanticdb-javac.0.11.1/semanticdb-javac-0.11.1.jar)
WARNING: Please consider reporting this to the maintainers of class com.sourcegraph.shaded.com.google.protobuf.UnsafeUtil$MemoryAccessor
WARNING: sun.misc.Unsafe::arrayBaseOffset will be removed in a future release
C:\Users\EbrimaMbye\Desktop\A_Teaching\lima-final-programming-II\unibank_api\src\main\java\com\unibank\api\accounts\Account.java:31: error: cannot find symbol
        dto.setUuid(getUuid());
                    ^
  symbol:   method getUuid()
  location: class Account
C:\Users\EbrimaMbye\Desktop\A_Teaching\lima-final-programming-II\unibank_api\src\main\java\com\unibank\api\accounts\Account.java:32: error: cannot find symbol
        dto.setAccountNumber(accountNumber);
           ^
  symbol:   method setAccountNumber(Long)
  location: variable dto of type AccountResponseDTO
C:\Users\EbrimaMbye\Desktop\A_Teaching\lima-final-programming-II\unibank_api\src\main\java\com\unibank\api\accounts\Account.java:33: error: cannot find symbol
        dto.setBalance(balance);
           ^
  symbol:   method setBalance(Double)
  location: variable dto of type AccountResponseDTO
C:\Users\EbrimaMbye\Desktop\A_Teaching\lima-final-programming-II\unibank_api\src\main\java\com\unibank\api\accounts\Account.java:34: error: cannot find symbol
        dto.setCustomer(customer.toResponseDTO());
           ^
  symbol:   method setCustomer(CustomerResponseDTO)
  location: variable dto of type AccountResponseDTO
C:\Users\EbrimaMbye\Desktop\A_Teaching\lima-final-programming-II\unibank_api\src\main\java\com\unibank\api\accounts\Account.java:35: error: cannot find symbol
        dto.setAccountType(accountType.getType());
                                      ^
  symbol:   method getType()
  location: variable accountType of type AccountType
C:\Users\EbrimaMbye\Desktop\A_Teaching\lima-final-programming-II\unibank_api\src\main\java\com\unibank\api\accounts\Account.java:36: error: cannot find symbol
        dto.setStatus(getStatus());
                      ^
  symbol:   method getStatus()
  location: class Account
C:\Users\EbrimaMbye\Desktop\A_Teaching\lima-final-programming-II\unibank_api\src\main\java\com\unibank\api\accounts\Account.java:37: error: cannot find symbol
        dto.setCreatedAt(getCreatedAt());
                         ^
  symbol:   method getCreatedAt()
  location: class Account
C:\Users\EbrimaMbye\Desktop\A_Teaching\lima-final-programming-II\unibank_api\src\main\java\com\unibank\api\accounts\Account.java:38: error: cannot find symbol
        dto.setUpdatedAt(getUpdatedAt());
                         ^
  symbol:   method getUpdatedAt()
  location: class Account
C:\Users\EbrimaMbye\Desktop\A_Teaching\lima-final-programming-II\unibank_api\src\main\java\com\unibank\api\customers\Customer.java:34: error: cannot find symbol
        responseDTO.setUuid(getUuid());
                            ^
  symbol:   method getUuid()
  location: class Customer
C:\Users\EbrimaMbye\Desktop\A_Teaching\lima-final-programming-II\unibank_api\src\main\java\com\unibank\api\customers\Customer.java:35: error: cannot find symbol
        responseDTO.setFullName(getFullName());
                                ^
  symbol:   method getFullName()
  location: class Customer
C:\Users\EbrimaMbye\Desktop\A_Teaching\lima-final-programming-II\unibank_api\src\main\java\com\unibank\api\customers\Customer.java:36: error: cannot find symbol
        responseDTO.setDob(getDob());
                           ^
  symbol:   method getDob()
  location: class Customer
C:\Users\EbrimaMbye\Desktop\A_Teaching\lima-final-programming-II\unibank_api\src\main\java\com\unibank\api\customers\Customer.java:37: error: cannot find symbol
        responseDTO.setPhoneNumber(getPhoneNumber());
                                   ^
  symbol:   method getPhoneNumber()
  location: class Customer
C:\Users\EbrimaMbye\Desktop\A_Teaching\lima-final-programming-II\unibank_api\src\main\java\com\unibank\api\customers\Customer.java:38: error: cannot find symbol
        responseDTO.setEmail(getEmail());
                             ^
  symbol:   method getEmail()
  location: class Customer
C:\Users\EbrimaMbye\Desktop\A_Teaching\lima-final-programming-II\unibank_api\src\main\java\com\unibank\api\customers\Customer.java:39: error: cannot find symbol
        responseDTO.setAddress(getAddress());
                               ^
  symbol:   method getAddress()
  location: class Customer
C:\Users\EbrimaMbye\Desktop\A_Teaching\lima-final-programming-II\unibank_api\src\main\java\com\unibank\api\customers\Customer.java:40: error: cannot find symbol
        responseDTO.setNationalId(getNationalId());
                                  ^
  symbol:   method getNationalId()
  location: class Customer
C:\Users\EbrimaMbye\Desktop\A_Teaching\lima-final-programming-II\unibank_api\src\main\java\com\unibank\api\customers\Customer.java:41: error: cannot find symbol
        responseDTO.setCreatedAt(getCreatedAt());
                                 ^
  symbol:   method getCreatedAt()
  location: class Customer
C:\Users\EbrimaMbye\Desktop\A_Teaching\lima-final-programming-II\unibank_api\src\main\java\com\unibank\api\customers\Customer.java:42: error: cannot find symbol
        responseDTO.setUpdatedAt(getUpdatedAt());
                                 ^
  symbol:   method getUpdatedAt()
  location: class Customer
C:\Users\EbrimaMbye\Desktop\A_Teaching\lima-final-programming-II\unibank_api\src\main\java\com\unibank\api\customers\Customer.java:43: error: cannot find symbol
        responseDTO.setStatus(getStatus());
                              ^
  symbol:   method getStatus()
  location: class Customer
C:\Users\EbrimaMbye\Desktop\A_Teaching\lima-final-programming-II\unibank_api\src\main\java\com\unibank\api\accounts\AccountType.java:26: error: cannot find symbol
        responseDTO.setUuid(getUuid());
                            ^
  symbol:   method getUuid()
  location: class AccountType
C:\Users\EbrimaMbye\Desktop\A_Teaching\lima-final-programming-II\unibank_api\src\main\java\com\unibank\api\accounts\AccountType.java:27: error: cannot find symbol
        responseDTO.setType(getType());
                            ^
  symbol:   method getType()
  location: class AccountType
C:\Users\EbrimaMbye\Desktop\A_Teaching\lima-final-programming-II\unibank_api\src\main\java\com\unibank\api\accounts\AccountType.java:28: error: cannot find symbol
        responseDTO.setStatus(getStatus());
                              ^
  symbol:   method getStatus()
  location: class AccountType
C:\Users\EbrimaMbye\Desktop\A_Teaching\lima-final-programming-II\unibank_api\src\main\java\com\unibank\api\accounts\AccountType.java:29: error: cannot find symbol
        responseDTO.setCreatedAt(getCreatedAt());
                                 ^
  symbol:   method getCreatedAt()
  location: class AccountType
C:\Users\EbrimaMbye\Desktop\A_Teaching\lima-final-programming-II\unibank_api\src\main\java\com\unibank\api\accounts\AccountType.java:30: error: cannot find symbol
        responseDTO.setUpdatedAt(getUpdatedAt());
                                 ^
  symbol:   method getUpdatedAt()
  location: class AccountType
C:\Users\EbrimaMbye\Desktop\A_Teaching\lima-final-programming-II\unibank_api\src\main\java\com\unibank\api\accounts\AccountService.java:37: error: cannot find symbol
        Customer customer = customerRepository.findById(request.getCustomerId())
                                                               ^
  symbol:   method getCustomerId()
  location: variable request of type AccountCreateDTO
C:\Users\EbrimaMbye\Desktop\A_Teaching\lima-final-programming-II\unibank_api\src\main\java\com\unibank\api\accounts\AccountService.java:40: error: cannot find symbol
        AccountType accountType = accountTypeRepository.findById(request.getAccountTypeId())
                                                                        ^
  symbol:   method getAccountTypeId()
  location: variable request of type AccountCreateDTO
C:\Users\EbrimaMbye\Desktop\A_Teaching\lima-final-programming-II\unibank_api\src\main\java\com\unibank\api\accounts\AccountService.java:44: error: cannot find symbol
        account.setCustomer(customer);
               ^
  symbol:   method setCustomer(Customer)
  location: variable account of type Account
C:\Users\EbrimaMbye\Desktop\A_Teaching\lima-final-programming-II\unibank_api\src\main\java\com\unibank\api\accounts\AccountService.java:45: error: cannot find symbol
        account.setAccountType(accountType);
               ^
  symbol:   method setAccountType(AccountType)
  location: variable account of type Account
C:\Users\EbrimaMbye\Desktop\A_Teaching\lima-final-programming-II\unibank_api\src\main\java\com\unibank\api\accounts\AccountService.java:46: error: cannot find symbol
        account.setBalance(request.getInitialBalance());
                                  ^
  symbol:   method getInitialBalance()
  location: variable request of type AccountCreateDTO
C:\Users\EbrimaMbye\Desktop\A_Teaching\lima-final-programming-II\unibank_api\src\main\java\com\unibank\api\accounts\AccountService.java:47: error: cannot find symbol
        account.setAccountNumber(generateAccountNumber());
               ^
  symbol:   method setAccountNumber(Long)
  location: variable account of type Account
C:\Users\EbrimaMbye\Desktop\A_Teaching\lima-final-programming-II\unibank_api\src\main\java\com\unibank\api\accounts\AccountService.java:74: error: cannot find symbol
        AccountType accountType = accountTypeRepository.findById(request.getAccountTypeId())
                                                                        ^
  symbol:   method getAccountTypeId()
  location: variable request of type AccountUpdateDTO
C:\Users\EbrimaMbye\Desktop\A_Teaching\lima-final-programming-II\unibank_api\src\main\java\com\unibank\api\accounts\AccountService.java:77: error: cannot find symbol
        account.setAccountType(accountType);
               ^
  symbol:   method setAccountType(AccountType)
  location: variable account of type Account
C:\Users\EbrimaMbye\Desktop\A_Teaching\lima-final-programming-II\unibank_api\src\main\java\com\unibank\api\accounts\AccountService.java:87: error: cannot find symbol
        account.setStatus(BaseEntity.Status.INACTIVE);
               ^
  symbol:   method setStatus(Status)
  location: variable account of type Account
C:\Users\EbrimaMbye\Desktop\A_Teaching\lima-final-programming-II\unibank_api\src\main\java\com\unibank\api\advice\AuthenticationAdvice.java:19: error: cannot find symbol
        ApiErrorResponse response = ApiErrorResponse.builder()
                                                    ^
  symbol:   method builder()
  location: class ApiErrorResponse
C:\Users\EbrimaMbye\Desktop\A_Teaching\lima-final-programming-II\unibank_api\src\main\java\com\unibank\api\advice\AuthenticationAdvice.java:31: error: cannot find symbol
        ApiErrorResponse response = ApiErrorResponse.builder()
                                                    ^
  symbol:   method builder()
  location: class ApiErrorResponse
C:\Users\EbrimaMbye\Desktop\A_Teaching\lima-final-programming-II\unibank_api\src\main\java\com\unibank\api\advice\GlobalAdvice.java:28: error: cannot find symbol
        ApiErrorResponse response = ApiErrorResponse.builder()
                                                    ^
  symbol:   method builder()
  location: class ApiErrorResponse
C:\Users\EbrimaMbye\Desktop\A_Teaching\lima-final-programming-II\unibank_api\src\main\java\com\unibank\api\advice\GlobalAdvice.java:42: error: cannot find symbol
        ApiErrorResponse response = ApiErrorResponse.builder()
                                                    ^
  symbol:   method builder()
  location: class ApiErrorResponse
C:\Users\EbrimaMbye\Desktop\A_Teaching\lima-final-programming-II\unibank_api\src\main\java\com\unibank\api\configurations\jwt\JwtUtil.java:41: error: cannot find symbol
            log.debug("Token is null or empty");
            ^
  symbol:   variable log
  location: class JwtUtil
C:\Users\EbrimaMbye\Desktop\A_Teaching\lima-final-programming-II\unibank_api\src\main\java\com\unibank\api\configurations\jwt\JwtUtil.java:52: error: cannot find symbol
            log.warn("JWT token expired for token: {}", token.substring(0, Math.min(20, token.length())));
            ^
  symbol:   variable log
  location: class JwtUtil
C:\Users\EbrimaMbye\Desktop\A_Teaching\lima-final-programming-II\unibank_api\src\main\java\com\unibank\api\configurations\jwt\JwtUtil.java:54: error: cannot find symbol
            log.error("Invalid JWT token: {}", e.getMessage());
            ^
  symbol:   variable log
  location: class JwtUtil
C:\Users\EbrimaMbye\Desktop\A_Teaching\lima-final-programming-II\unibank_api\src\main\java\com\unibank\api\configurations\jwt\JwtUtil.java:56: error: cannot find symbol
            log.error("Unexpected error validating JWT: {}", e.getMessage(), e);
            ^
  symbol:   variable log
  location: class JwtUtil
C:\Users\EbrimaMbye\Desktop\A_Teaching\lima-final-programming-II\unibank_api\src\main\java\com\unibank\api\users\User.java:26: error: User is not abstract and does not override abstract method getUsername() in UserDetails
public class User extends BaseEntity implements UserDetails {
       ^
C:\Users\EbrimaMbye\Desktop\A_Teaching\lima-final-programming-II\unibank_api\src\main\java\com\unibank\api\users\User.java:43: error: cannot find symbol
        response.setUuid(getUuid());
                         ^
  symbol:   method getUuid()
  location: class User
C:\Users\EbrimaMbye\Desktop\A_Teaching\lima-final-programming-II\unibank_api\src\main\java\com\unibank\api\users\User.java:44: error: cannot find symbol
        response.setFirstName(firstName);
                ^
  symbol:   method setFirstName(String)
  location: variable response of type UserResponseDTO
C:\Users\EbrimaMbye\Desktop\A_Teaching\lima-final-programming-II\unibank_api\src\main\java\com\unibank\api\users\User.java:45: error: cannot find symbol
        response.setLastName(lastName);
                ^
  symbol:   method setLastName(String)
  location: variable response of type UserResponseDTO
C:\Users\EbrimaMbye\Desktop\A_Teaching\lima-final-programming-II\unibank_api\src\main\java\com\unibank\api\users\User.java:46: error: cannot find symbol
        response.setEmail(email);
                ^
  symbol:   method setEmail(String)
  location: variable response of type UserResponseDTO
C:\Users\EbrimaMbye\Desktop\A_Teaching\lima-final-programming-II\unibank_api\src\main\java\com\unibank\api\users\User.java:47: error: cannot find symbol
        response.setCreatedAt(getCreatedAt());
                              ^
  symbol:   method getCreatedAt()
  location: class User
C:\Users\EbrimaMbye\Desktop\A_Teaching\lima-final-programming-II\unibank_api\src\main\java\com\unibank\api\users\User.java:48: error: cannot find symbol
        response.setUpdatedAt(getUpdatedAt());
                              ^
  symbol:   method getUpdatedAt()
  location: class User
C:\Users\EbrimaMbye\Desktop\A_Teaching\lima-final-programming-II\unibank_api\src\main\java\com\unibank\api\users\User.java:49: error: cannot find symbol
        response.setUsername(username);
                ^
  symbol:   method setUsername(String)
  location: variable response of type UserResponseDTO
C:\Users\EbrimaMbye\Desktop\A_Teaching\lima-final-programming-II\unibank_api\src\main\java\com\unibank\api\users\User.java:50: error: cannot find symbol
        response.setRoles(getAuthorities().stream().map(GrantedAuthority::getAuthority).collect(Collectors.toSet()));
                ^
  symbol:   method setRoles(Set<String>)
  location: variable response of type UserResponseDTO
C:\Users\EbrimaMbye\Desktop\A_Teaching\lima-final-programming-II\unibank_api\src\main\java\com\unibank\api\users\User.java:51: error: cannot find symbol
        response.setStatus(getStatus());
                           ^
  symbol:   method getStatus()
  location: class User
C:\Users\EbrimaMbye\Desktop\A_Teaching\lima-final-programming-II\unibank_api\src\main\java\com\unibank\api\users\User.java:59: error: cannot find symbol
                .map(role -> new SimpleGrantedAuthority(role.getName().name()))
                                                            ^
  symbol:   method getName()
  location: variable role of type Role
C:\Users\EbrimaMbye\Desktop\A_Teaching\lima-final-programming-II\unibank_api\src\main\java\com\unibank\api\roles\Role.java:24: error: cannot find symbol
        responseDTO.setUuid(getUuid());
                            ^
  symbol:   method getUuid()
  location: class Role
C:\Users\EbrimaMbye\Desktop\A_Teaching\lima-final-programming-II\unibank_api\src\main\java\com\unibank\api\roles\Role.java:25: error: cannot find symbol
        responseDTO.setName(getName());
                            ^
  symbol:   method getName()
  location: class Role
C:\Users\EbrimaMbye\Desktop\A_Teaching\lima-final-programming-II\unibank_api\src\main\java\com\unibank\api\roles\Role.java:26: error: cannot find symbol
        responseDTO.setStatus(getStatus());
                              ^
  symbol:   method getStatus()
  location: class Role
C:\Users\EbrimaMbye\Desktop\A_Teaching\lima-final-programming-II\unibank_api\src\main\java\com\unibank\api\roles\Role.java:27: error: cannot find symbol
        responseDTO.setCreatedAt(getCreatedAt());
                                 ^
  symbol:   method getCreatedAt()
  location: class Role
C:\Users\EbrimaMbye\Desktop\A_Teaching\lima-final-programming-II\unibank_api\src\main\java\com\unibank\api\roles\Role.java:28: error: cannot find symbol
        responseDTO.setUpdatedAt(getUpdatedAt());
                                 ^
  symbol:   method getUpdatedAt()
  location: class Role
C:\Users\EbrimaMbye\Desktop\A_Teaching\lima-final-programming-II\unibank_api\src\main\java\com\unibank\api\customers\CustomerService.java:26: error: cannot find symbol
        customer.setFullName(request.getFullName());
                                    ^
  symbol:   method getFullName()
  location: variable request of type CustomerCreateDTO
C:\Users\EbrimaMbye\Desktop\A_Teaching\lima-final-programming-II\unibank_api\src\main\java\com\unibank\api\customers\CustomerService.java:27: error: cannot find symbol
        customer.setDob(request.getDob());
                               ^
  symbol:   method getDob()
  location: variable request of type CustomerCreateDTO
C:\Users\EbrimaMbye\Desktop\A_Teaching\lima-final-programming-II\unibank_api\src\main\java\com\unibank\api\customers\CustomerService.java:28: error: cannot find symbol
        customer.setPhoneNumber(request.getPhoneNumber());
                                       ^
  symbol:   method getPhoneNumber()
  location: variable request of type CustomerCreateDTO
C:\Users\EbrimaMbye\Desktop\A_Teaching\lima-final-programming-II\unibank_api\src\main\java\com\unibank\api\customers\CustomerService.java:29: error: cannot find symbol
        customer.setEmail(request.getEmail());
                                 ^
  symbol:   method getEmail()
  location: variable request of type CustomerCreateDTO
C:\Users\EbrimaMbye\Desktop\A_Teaching\lima-final-programming-II\unibank_api\src\main\java\com\unibank\api\customers\CustomerService.java:30: error: cannot find symbol
        customer.setAddress(request.getAddress());
                                   ^
  symbol:   method getAddress()
  location: variable request of type CustomerCreateDTO
C:\Users\EbrimaMbye\Desktop\A_Teaching\lima-final-programming-II\unibank_api\src\main\java\com\unibank\api\customers\CustomerService.java:31: error: cannot find symbol
        customer.setNationalId(request.getNationalId());
                                      ^
  symbol:   method getNationalId()
  location: variable request of type CustomerCreateDTO
C:\Users\EbrimaMbye\Desktop\A_Teaching\lima-final-programming-II\unibank_api\src\main\java\com\unibank\api\customers\CustomerService.java:57: error: cannot find symbol
        customer.setFullName(request.getFullName());
                                    ^
  symbol:   method getFullName()
  location: variable request of type CustomerUpdateDTO
C:\Users\EbrimaMbye\Desktop\A_Teaching\lima-final-programming-II\unibank_api\src\main\java\com\unibank\api\customers\CustomerService.java:58: error: cannot find symbol
        customer.setDob(request.getDob());
                               ^
  symbol:   method getDob()
  location: variable request of type CustomerUpdateDTO
C:\Users\EbrimaMbye\Desktop\A_Teaching\lima-final-programming-II\unibank_api\src\main\java\com\unibank\api\customers\CustomerService.java:59: error: cannot find symbol
        customer.setPhoneNumber(request.getPhoneNumber());
                                       ^
  symbol:   method getPhoneNumber()
  location: variable request of type CustomerUpdateDTO
C:\Users\EbrimaMbye\Desktop\A_Teaching\lima-final-programming-II\unibank_api\src\main\java\com\unibank\api\customers\CustomerService.java:60: error: cannot find symbol
        customer.setEmail(request.getEmail());
                                 ^
  symbol:   method getEmail()
  location: variable request of type CustomerUpdateDTO
C:\Users\EbrimaMbye\Desktop\A_Teaching\lima-final-programming-II\unibank_api\src\main\java\com\unibank\api\customers\CustomerService.java:61: error: cannot find symbol
        customer.setAddress(request.getAddress());
                                   ^
  symbol:   method getAddress()
  location: variable request of type CustomerUpdateDTO
C:\Users\EbrimaMbye\Desktop\A_Teaching\lima-final-programming-II\unibank_api\src\main\java\com\unibank\api\customers\CustomerService.java:62: error: cannot find symbol
        customer.setNationalId(request.getNationalId());
                                      ^
  symbol:   method getNationalId()
  location: variable request of type CustomerUpdateDTO
C:\Users\EbrimaMbye\Desktop\A_Teaching\lima-final-programming-II\unibank_api\src\main\java\com\unibank\api\customers\CustomerService.java:72: error: cannot find symbol
        customer.setStatus(BaseEntity.Status.INACTIVE);
                ^
  symbol:   method setStatus(Status)
  location: variable customer of type Customer
C:\Users\EbrimaMbye\Desktop\A_Teaching\lima-final-programming-II\unibank_api\src\main\java\com\unibank\api\reports\ReportService.java:38: error: invalid method reference
        Double transactionTotal = transactionRepository.findAll().stream().map(Transaction::getAmount)
                                                                               ^
  cannot find symbol
    symbol:   method getAmount()
    location: class Transaction
C:\Users\EbrimaMbye\Desktop\A_Teaching\lima-final-programming-II\unibank_api\src\main\java\com\unibank\api\reports\ReportService.java:41: error: cannot find symbol
        return DashboardResponseDTO.builder()
                                   ^
  symbol:   method builder()
  location: class DashboardResponseDTO
C:\Users\EbrimaMbye\Desktop\A_Teaching\lima-final-programming-II\unibank_api\src\main\java\com\unibank\api\transactions\Transaction.java:36: error: cannot find symbol
        dto.setUuid(getUuid());
                    ^
  symbol:   method getUuid()
  location: class Transaction
C:\Users\EbrimaMbye\Desktop\A_Teaching\lima-final-programming-II\unibank_api\src\main\java\com\unibank\api\transactions\Transaction.java:37: error: cannot find symbol
        dto.setAccount(account.toResponseDTO());
           ^
  symbol:   method setAccount(AccountResponseDTO)
  location: variable dto of type TransactionResponseDTO
C:\Users\EbrimaMbye\Desktop\A_Teaching\lima-final-programming-II\unibank_api\src\main\java\com\unibank\api\transactions\Transaction.java:38: error: cannot find symbol
        dto.setTransactionType(transactionType.getTransactionType());
                                              ^
  symbol:   method getTransactionType()
  location: variable transactionType of type TransactionType
C:\Users\EbrimaMbye\Desktop\A_Teaching\lima-final-programming-II\unibank_api\src\main\java\com\unibank\api\transactions\Transaction.java:39: error: cannot find symbol
        dto.setAmount(amount);
           ^
  symbol:   method setAmount(Double)
  location: variable dto of type TransactionResponseDTO
C:\Users\EbrimaMbye\Desktop\A_Teaching\lima-final-programming-II\unibank_api\src\main\java\com\unibank\api\transactions\Transaction.java:40: error: cannot find symbol
        dto.setPerformedBy(performedBy != null ? performedBy.toUserResponseDTO() : null);
           ^
  symbol:   method setPerformedBy(performedB[...] null)
  location: variable dto of type TransactionResponseDTO
C:\Users\EbrimaMbye\Desktop\A_Teaching\lima-final-programming-II\unibank_api\src\main\java\com\unibank\api\transactions\Transaction.java:41: error: cannot find symbol
        dto.setStatus(getStatus());
                      ^
  symbol:   method getStatus()
  location: class Transaction
C:\Users\EbrimaMbye\Desktop\A_Teaching\lima-final-programming-II\unibank_api\src\main\java\com\unibank\api\transactions\Transaction.java:42: error: cannot find symbol
        dto.setCreatedAt(getCreatedAt());
                         ^
  symbol:   method getCreatedAt()
  location: class Transaction
C:\Users\EbrimaMbye\Desktop\A_Teaching\lima-final-programming-II\unibank_api\src\main\java\com\unibank\api\transactions\Transaction.java:43: error: cannot find symbol
        dto.setUpdatedAt(getUpdatedAt());
                         ^
  symbol:   method getUpdatedAt()
  location: class Transaction
C:\Users\EbrimaMbye\Desktop\A_Teaching\lima-final-programming-II\unibank_api\src\main\java\com\unibank\api\transactions\TransactionType.java:24: error: cannot find symbol
        responseDTO.setUuid(getUuid());
                            ^
  symbol:   method getUuid()
  location: class TransactionType
C:\Users\EbrimaMbye\Desktop\A_Teaching\lima-final-programming-II\unibank_api\src\main\java\com\unibank\api\transactions\TransactionType.java:25: error: cannot find symbol
        responseDTO.setTransactionType(getTransactionType());
                                       ^
  symbol:   method getTransactionType()
  location: class TransactionType
C:\Users\EbrimaMbye\Desktop\A_Teaching\lima-final-programming-II\unibank_api\src\main\java\com\unibank\api\transactions\TransactionType.java:26: error: cannot find symbol
        responseDTO.setStatus(getStatus());
                              ^
  symbol:   method getStatus()
  location: class TransactionType
C:\Users\EbrimaMbye\Desktop\A_Teaching\lima-final-programming-II\unibank_api\src\main\java\com\unibank\api\transactions\TransactionType.java:27: error: cannot find symbol
        responseDTO.setCreatedAt(getCreatedAt());
                                 ^
  symbol:   method getCreatedAt()
  location: class TransactionType
C:\Users\EbrimaMbye\Desktop\A_Teaching\lima-final-programming-II\unibank_api\src\main\java\com\unibank\api\transactions\TransactionType.java:28: error: cannot find symbol
        responseDTO.setUpdatedAt(getUpdatedAt());
                                 ^
  symbol:   method getUpdatedAt()
  location: class TransactionType
C:\Users\EbrimaMbye\Desktop\A_Teaching\lima-final-programming-II\unibank_api\src\main\java\com\unibank\api\seeders\AccountTypeSeederServiceService.java:21: error: cannot find symbol
                type.setType(eType);
                    ^
  symbol:   method setType(EAccountType)
  location: variable type of type AccountType
C:\Users\EbrimaMbye\Desktop\A_Teaching\lima-final-programming-II\unibank_api\src\main\java\com\unibank\api\seeders\AdminUserSeederService.java:40: error: cannot find symbol
        user.setFirstName(firstName);
            ^
  symbol:   method setFirstName(String)
  location: variable user of type User
C:\Users\EbrimaMbye\Desktop\A_Teaching\lima-final-programming-II\unibank_api\src\main\java\com\unibank\api\seeders\AdminUserSeederService.java:41: error: cannot find symbol
        user.setLastName(lastName);
            ^
  symbol:   method setLastName(String)
  location: variable user of type User
C:\Users\EbrimaMbye\Desktop\A_Teaching\lima-final-programming-II\unibank_api\src\main\java\com\unibank\api\seeders\AdminUserSeederService.java:42: error: cannot find symbol
        user.setUsername(username);
            ^
  symbol:   method setUsername(String)
  location: variable user of type User
C:\Users\EbrimaMbye\Desktop\A_Teaching\lima-final-programming-II\unibank_api\src\main\java\com\unibank\api\seeders\AdminUserSeederService.java:43: error: cannot find symbol
        user.setEmail(email);
            ^
  symbol:   method setEmail(String)
  location: variable user of type User
C:\Users\EbrimaMbye\Desktop\A_Teaching\lima-final-programming-II\unibank_api\src\main\java\com\unibank\api\seeders\AdminUserSeederService.java:44: error: cannot find symbol
        user.setPassword(passwordEncoder.encode(DEFAULT_PASSWORD));
            ^
  symbol:   method setPassword(String)
  location: variable user of type User
C:\Users\EbrimaMbye\Desktop\A_Teaching\lima-final-programming-II\unibank_api\src\main\java\com\unibank\api\seeders\AdminUserSeederService.java:45: error: cannot find symbol
        user.setRoles(Set.of(roleRepository.findByName(role)
            ^
  symbol:   method setRoles(Set<Role>)
  location: variable user of type User
C:\Users\EbrimaMbye\Desktop\A_Teaching\lima-final-programming-II\unibank_api\src\main\java\com\unibank\api\seeders\RoleSeederServiceService.java:21: error: cannot find symbol
                role.setName(eRole);
                    ^
  symbol:   method setName(ERole)
  location: variable role of type Role
C:\Users\EbrimaMbye\Desktop\A_Teaching\lima-final-programming-II\unibank_api\src\main\java\com\unibank\api\seeders\TransactionTypeSeederServiceService.java:24: error: cannot find symbol
                transactionType.setTransactionType(eTransactionType);
                               ^
  symbol:   method setTransactionType(ETransactionType)
  location: variable transactionType of type TransactionType
C:\Users\EbrimaMbye\Desktop\A_Teaching\lima-final-programming-II\unibank_api\src\main\java\com\unibank\api\transactions\TransactionService.java:43: error: cannot find symbol
        Account account = accountRepository.findById(request.getAccountId())
                                                            ^
  symbol:   method getAccountId()
  location: variable request of type TransactionCreateDTO
C:\Users\EbrimaMbye\Desktop\A_Teaching\lima-final-programming-II\unibank_api\src\main\java\com\unibank\api\transactions\TransactionService.java:47: error: cannot find symbol
                .findById(request.getTransactionTypeId())
                                 ^
  symbol:   method getTransactionTypeId()
  location: variable request of type TransactionCreateDTO
C:\Users\EbrimaMbye\Desktop\A_Teaching\lima-final-programming-II\unibank_api\src\main\java\com\unibank\api\transactions\TransactionService.java:50: error: cannot find symbol
        User user = request.getPerformedBy() != null
                           ^
  symbol:   method getPerformedBy()
  location: variable request of type TransactionCreateDTO
C:\Users\EbrimaMbye\Desktop\A_Teaching\lima-final-programming-II\unibank_api\src\main\java\com\unibank\api\transactions\TransactionService.java:51: error: cannot find symbol
                ? userRepository.findById(request.getPerformedBy())
                                                 ^
  symbol:   method getPerformedBy()
  location: variable request of type TransactionCreateDTO
C:\Users\EbrimaMbye\Desktop\A_Teaching\lima-final-programming-II\unibank_api\src\main\java\com\unibank\api\transactions\TransactionService.java:55: error: cannot find symbol
        validateAndApplyBalance(account, transactionType, request.getAmount());
                                                                 ^
  symbol:   method getAmount()
  location: variable request of type TransactionCreateDTO
C:\Users\EbrimaMbye\Desktop\A_Teaching\lima-final-programming-II\unibank_api\src\main\java\com\unibank\api\transactions\TransactionService.java:58: error: cannot find symbol
        transaction.setAccount(account);
                   ^
  symbol:   method setAccount(Account)
  location: variable transaction of type Transaction
C:\Users\EbrimaMbye\Desktop\A_Teaching\lima-final-programming-II\unibank_api\src\main\java\com\unibank\api\transactions\TransactionService.java:59: error: cannot find symbol
        transaction.setTransactionType(transactionType);
                   ^
  symbol:   method setTransactionType(TransactionType)
  location: variable transaction of type Transaction
100 errors
only showing the first 100 errors, of 122 total; use -Xmaxerrs if you would like to see more.
2026.01.14 16:11:42 WARN  javac exited with exit code 1
2026.01.14 16:11:42 INFO  time: compiled unibank_api in 4.72s
2026.01.14 16:11:42 INFO  time: compiled unibank_api in 4.72s
Jan 14, 2026 4:11:56 PM org.eclipse.lsp4j.jsonrpc.services.GenericEndpoint notify
INFO: Unsupported notification method: $/setTrace
